사고번호,사고일시,요일,시군구,사고내용,사망자수,중상자수,경상자수,부상신고자수,사고유형,법규위반,노면상태,기상상태,도로형태,가해운전자 차종,가해운전자 성별,가해운전자 연령,가해운전자 상해정도,피해운전자 차종,피해운전자 성별,피해운전자 연령,피해운전자 상해정도
2022012200100289,2022년 1월 22일 15시,토요일,대전광역시 서구 괴정동,경상사고,0,0,1,0,차대사람 - 기타,안전운전불이행,건조,맑음,단일로 - 기타,승용,남,57세,상해없음,보행자,여,50세,경상
2022012200100290,2022년 1월 22일 15시,토요일,대전광역시 서구 만년동,경상사고,0,0,2,0,차대차 - 기타,안전운전불이행,건조,맑음,교차로 - 교차로안,승용,남,24세,경상,승용,남,50세,경상
2022012200100319,2022년 1월 22일 16시,토요일,대전광역시 서구 탄방동,경상사고,0,0,1,0,차대사람 - 보도통행중,보행자보호의무위반,건조,맑음,교차로 - 교차로횡단보도내,승용,여,28세,상해없음,보행자,여,25세,경상
2022012200100320,2022년 1월 22일 16시,토요일,대전광역시 유성구 봉명동,경상사고,0,0,1,0,차대차 - 기타,안전운전불이행,건조,맑음,단일로 - 기타,승용,남,73세,상해없음,이륜,남,24세,경상
2022012200100339,2022년 1월 22일 17시,토요일,대전광역시 서구 내동,경상사고,0,0,1,0,차대차 - 기타,신호위반,건조,맑음,교차로 - 교차로안,승용,남,64세,상해없음,이륜,남,19세,경상
2022012200100386,2022년 1월 22일 18시,토요일,대전광역시 대덕구 송촌동,경상사고,0,0,1,0,차대차 - 후진중충돌,안전운전불이행,건조,맑음,단일로 - 기타,승용,남,35세,상해없음,이륜,남,56세,경상
2022012200100387,2022년 1월 22일 18시,토요일,대전광역시 유성구 봉명동,경상사고,0,0,1,0,차대사람 - 기타,안전운전불이행,건조,맑음,단일로 - 기타,이륜,남,22세,상해없음,보행자,여,31세,경상
2022012200100418,2022년 1월 22일 19시,토요일,대전광역시 서구 둔산동,경상사고,0,0,1,1,차대차 - 기타,안전거리미확보,건조,맑음,단일로 - 기타,승용,남,69세,상해없음,승용,남,28세,경상
2022012200100488,2022년 1월 22일 21시,토요일,대전광역시 서구 갈마동,경상사고,0,0,1,0,차대사람 - 기타,안전운전불이행,건조,맑음,단일로 - 기타,승용,남,60세,상해없음,보행자,남,49세,경상
2022012200100517,2022년 1월 22일 22시,토요일,대전광역시 대덕구 석봉동,경상사고,0,0,1,0,차대차 - 기타,교차로운행방법위반,건조,맑음,교차로 - 교차로안,승용,남,64세,기타불명,승용,남,23세,기타불명
2022012300100038,2022년 1월 23일 07시,일요일,대전광역시 동구 자양동,중상사고,0,1,1,0,차대차 - 측면충돌,안전운전불이행,건조,맑음,교차로 - 교차로안,승용,남,53세,경상,이륜,남,60세,중상
2022012300100073,2022년 1월 23일 11시,일요일,대전광역시 유성구 원내동,경상사고,0,0,1,0,차대차 - 기타,신호위반,건조,맑음,교차로 - 교차로안,승용,남,63세,기타불명,승용,남,60세,경상
2022012300100134,2022년 1월 23일 13시,일요일,대전광역시 유성구 봉명동,경상사고,0,0,1,0,차대차 - 기타,신호위반,건조,맑음,교차로 - 교차로안,승용,남,57세,기타불명,이륜,남,39세,경상
2022012300100196,2022년 1월 23일 15시,일요일,대전광역시 서구 도안동,경상사고,0,0,1,0,차대차 - 측면충돌,안전거리미확보,건조,맑음,단일로 - 기타,승용,여,34세,상해없음,승용,여,54세,경상
2022012300100244,2022년 1월 23일 17시,일요일,대전광역시 유성구 봉명동,경상사고,0,0,2,0,차대차 - 측면충돌,신호위반,건조,맑음,교차로 - 교차로안,승용,남,19세,상해없음,승용,남,47세,경상
2022012300100277,2022년 1월 23일 18시,일요일,대전광역시 유성구 외삼동,경상사고,0,0,2,0,차대차 - 측면충돌,안전운전불이행,건조,맑음,단일로 - 기타,승용,남,39세,상해없음,승용,남,55세,경상
2022012300100349,2022년 1월 23일 20시,일요일,대전광역시 동구 용운동,중상사고,0,1,0,0,차대사람 - 횡단중,보행자보호의무위반,건조,맑음,교차로 - 교차로안,이륜,남,35세,상해없음,보행자,여,58세,중상
2022012300100350,2022년 1월 23일 20시,일요일,대전광역시 서구 둔산동,중상사고,0,1,0,0,차대차 - 측면충돌,안전운전불이행,건조,맑음,단일로 - 기타,승용,남,52세,상해없음,이륜,남,23세,중상
2022012300100351,2022년 1월 23일 20시,일요일,대전광역시 유성구 송강동,경상사고,0,0,3,0,차대차 - 기타,안전운전불이행,건조,맑음,기타 - 기타,승용,여,53세,상해없음,자전거,남,40세,경상
2022012300100386,2022년 1월 23일 21시,일요일,대전광역시 서구 괴정동,경상사고,0,0,1,0,차대사람 - 횡단중,신호위반,건조,맑음,교차로 - 교차로횡단보도내,승용,남,47세,상해없음,보행자,여,25세,경상
2022012300100387,2022년 1월 23일 21시,일요일,대전광역시 서구 갈마동,경상사고,0,0,1,0,차대사람 - 길가장자리구역통행중,안전운전불이행,건조,맑음,단일로 - 기타,승용,남,30세,상해없음,보행자,남,26세,경상
2022012300100414,2022년 1월 23일 23시,일요일,대전광역시 중구 오류동,경상사고,0,0,1,0,차대차 - 기타,신호위반,건조,맑음,교차로 - 교차로안,승용,남,78세,상해없음,이륜,남,24세,경상
2022012300100415,2022년 1월 23일 23시,일요일,대전광역시 동구 용전동,경상사고,0,0,1,0,차대사람 - 길가장자리구역통행중,안전운전불이행,건조,맑음,단일로 - 기타,이륜,남,43세,상해없음,보행자,여,25세,경상
2022012300100416,2022년 1월 23일 23시,일요일,대전광역시 서구 변동,경상사고,0,0,1,0,차대차 - 기타,신호위반,건조,맑음,교차로 - 교차로안,이륜,남,31세,상해없음,승용,여,51세,경상
2022012400100013,2022년 1월 24일 02시,월요일,대전광역시 대덕구 연축동,부상신고사고,0,0,0,1,차대차 - 추돌,안전운전불이행,건조,맑음,기타 - 기타,승용,남,28세,상해없음,특수,남,27세,부상신고
2022012400100108,2022년 1월 24일 08시,월요일,대전광역시 동구 성남동,경상사고,0,0,1,0,차대차 - 기타,안전운전불이행,건조,맑음,단일로 - 기타,승합,남,41세,상해없음,승용,남,49세,경상
2022012400100146,2022년 1월 24일 09시,월요일,대전광역시 동구 중동,중상사고,0,1,0,0,차대사람 - 보도통행중,기타,건조,맑음,단일로 - 기타,사륜오토바이(ATV),남,67세,상해없음,보행자,여,59세,중상
2022012400100174,2022년 1월 24일 10시,월요일,대전광역시 동구 용운동,경상사고,0,0,1,0,차대사람 - 횡단중,보행자보호의무위반,건조,맑음,교차로 - 교차로안,승용,남,55세,상해없음,보행자,여,46세,경상
2022012400100209,2022년 1월 24일 11시,월요일,대전광역시 서구 월평동,경상사고,0,0,1,0,차대사람 - 기타,안전운전불이행,건조,맑음,단일로 - 기타,승용,남,40세,상해없음,보행자,남,37세,경상
2022012400100283,2022년 1월 24일 13시,월요일,대전광역시 동구 천동,경상사고,0,0,2,0,차대차 - 후진중충돌,안전운전불이행,건조,맑음,단일로 - 기타,승용,여,59세,상해없음,승용,여,42세,경상
2022012400100284,2022년 1월 24일 13시,월요일,대전광역시 유성구 장대동,경상사고,0,0,1,0,차대차 - 후진중충돌,안전운전불이행,건조,맑음,단일로 - 기타,승용,남,64세,상해없음,승용,남,42세,상해없음
2022012400100326,2022년 1월 24일 15시,월요일,대전광역시 동구 용운동,중상사고,0,1,0,0,차량단독 - 기타,안전운전불이행,건조,맑음,교차로 - 교차로안,승합,남,53세,상해없음,,,,
2022012400100327,2022년 1월 24일 15시,월요일,대전광역시 서구 도안동,경상사고,0,0,1,0,차대차 - 기타,안전운전불이행,건조,맑음,단일로 - 기타,화물,남,49세,상해없음,승용,남,31세,경상
2022012400100352,2022년 1월 24일 16시,월요일,대전광역시 유성구 용산동,부상신고사고,0,0,0,1,차대차 - 측면충돌,중앙선침범,건조,맑음,단일로 - 기타,자전거,여,15세,부상신고,승용,여,36세,상해없음
2022012400100378,2022년 1월 24일 17시,월요일,대전광역시 서구 탄방동,경상사고,0,0,1,0,차대사람 - 횡단중,안전운전불이행,건조,맑음,단일로 - 기타,승용,남,40세,상해없음,보행자,여,19세,경상
2022012400100437,2022년 1월 24일 18시,월요일,대전광역시 중구 대흥동,경상사고,0,0,2,0,차대차 - 측면충돌,안전운전불이행,건조,맑음,단일로 - 기타,승용,여,31세,상해없음,승용,여,32세,경상
2022012400100438,2022년 1월 24일 18시,월요일,대전광역시 중구 용두동,경상사고,0,0,1,0,차대차 - 기타,안전운전불이행,건조,맑음,교차로 - 교차로안,화물,남,58세,상해없음,승용,남,55세,경상
2022012400100439,2022년 1월 24일 18시,월요일,대전광역시 대덕구 송촌동,경상사고,0,0,1,0,차대사람 - 횡단중,보행자보호의무위반,건조,맑음,교차로 - 교차로횡단보도내,승용,여,59세,상해없음,보행자,여,40세,경상
2022012400100440,2022년 1월 24일 18시,월요일,대전광역시 서구 탄방동,경상사고,0,0,2,0,차대차 - 기타,교차로운행방법위반,건조,맑음,교차로 - 교차로안,승합,남,32세,기타불명,승용,여,66세,경상
2022012400100557,2022년 1월 24일 22시,월요일,대전광역시 유성구 원신흥동,경상사고,0,0,1,0,차대차 - 기타,안전운전불이행,건조,맑음,교차로 - 교차로부근,승용,남,52세,상해없음,승용,여,24세,경상
2022012500100090,2022년 1월 25일 08시,화요일,대전광역시 동구 인동,경상사고,0,0,1,0,차대사람 - 차도통행중,기타,젖음/습기,비,기타 - 기타,화물,남,48세,상해없음,보행자,여,79세,경상
2022012500100091,2022년 1월 25일 08시,화요일,대전광역시 동구 용전동,경상사고,0,0,1,0,차대차 - 측면충돌,안전운전불이행,건조,맑음,교차로 - 교차로안,승용,여,32세,상해없음,승용,남,24세,경상
2022012500100141,2022년 1월 25일 10시,화요일,대전광역시 중구 대사동,중상사고,0,1,0,0,차량단독 - 기타,기타,건조,맑음,단일로 - 기타,승용,남,68세,상해없음,,,,
2022012500100142,2022년 1월 25일 10시,화요일,대전광역시 유성구 구암동,경상사고,0,0,2,0,차대차 - 기타,기타,건조,맑음,교차로 - 교차로안,승용,여,73세,경상,승용,남,32세,경상
2022012500100179,2022년 1월 25일 11시,화요일,대전광역시 대덕구 오정동,경상사고,0,0,1,0,차대차 - 측면충돌,신호위반,건조,맑음,교차로 - 교차로안,화물,남,42세,상해없음,승합,남,37세,경상
2022012500100180,2022년 1월 25일 11시,화요일,대전광역시 유성구 봉명동,경상사고,0,0,2,0,차대차 - 기타,신호위반,건조,맑음,교차로 - 교차로안,승용,여,62세,상해없음,승용,남,56세,경상
2022012500100356,2022년 1월 25일 17시,화요일,대전광역시 서구 변동,경상사고,0,0,1,0,차대차 - 추돌,안전운전불이행,건조,맑음,기타 - 기타,승용,남,29세,기타불명,승용,남,29세,경상
2022012500100518,2022년 1월 25일 21시,화요일,대전광역시 대덕구 비래동,경상사고,0,0,1,0,차대차 - 측면충돌,안전운전불이행,건조,맑음,교차로 - 교차로안,승용,남,34세,상해없음,승용,여,46세,경상
2022012500100519,2022년 1월 25일 21시,화요일,대전광역시 서구 갈마동,중상사고,0,1,0,0,차대차 - 기타,안전운전불이행,건조,맑음,교차로 - 교차로안,승용,남,29세,상해없음,원동기,남,41세,중상
2022012500100520,2022년 1월 25일 21시,화요일,대전광역시 서구 갈마동,중상사고,0,1,2,0,차대차 - 기타,안전운전불이행,건조,맑음,기타 - 기타,승용,여,28세,상해없음,승용,남,47세,중상
2022012500100554,2022년 1월 25일 22시,화요일,대전광역시 유성구 전민동,경상사고,0,0,1,0,차대차 - 측면충돌,안전운전불이행,건조,흐림,단일로 - 기타,승용,여,47세,상해없음,승용,남,30세,경상
2022012600100010,2022년 1월 26일 00시,수요일,대전광역시 유성구 송강동,경상사고,0,0,1,0,차대차 - 측면충돌,신호위반,건조,맑음,교차로 - 교차로안,승용,남,29세,상해없음,승용,남,60세,경상
2022012600100052,2022년 1월 26일 06시,수요일,대전광역시 중구 옥계동,경상사고,0,0,1,0,차대차 - 측면충돌,안전운전불이행,건조,맑음,단일로 - 기타,승용,남,42세,상해없음,승용,남,55세,경상
2022012600100104,2022년 1월 26일 08시,수요일,대전광역시 중구 오류동,경상사고,0,0,1,0,차대차 - 측면충돌,신호위반,건조,맑음,단일로 - 기타,승용,남,32세,상해없음,승용,남,46세,경상
2022012600100105,2022년 1월 26일 08시,수요일,대전광역시 유성구 원신흥동,경상사고,0,0,1,0,차대차 - 추돌,안전거리미확보,건조,맑음,기타 - 기타,승용,여,42세,상해없음,승용,여,44세,경상
2022012600100129,2022년 1월 26일 09시,수요일,대전광역시 대덕구 오정동,경상사고,0,0,1,0,차대차 - 측면충돌,교차로운행방법위반,건조,맑음,단일로 - 기타,승용,여,53세,상해없음,승용,남,28세,경상
2022012600100224,2022년 1월 26일 12시,수요일,대전광역시 동구 대동,경상사고,0,0,2,0,차대차 - 기타,안전거리미확보,건조,맑음,단일로 - 기타,이륜,남,49세,경상,승용,여,53세,경상
2022012600100225,2022년 1월 26일 12시,수요일,대전광역시 유성구 장동,중상사고,0,1,0,0,차대차 - 기타,안전운전불이행,건조,맑음,교차로 - 교차로부근,승용,남,49세,상해없음,이륜,남,55세,중상
2022012600100226,2022년 1월 26일 12시,수요일,대전광역시 유성구 장대동,경상사고,0,0,2,0,차대차 - 측면충돌,안전운전불이행,건조,맑음,교차로 - 교차로안,승용,남,45세,상해없음,승용,여,66세,경상
2022012600100259,2022년 1월 26일 13시,수요일,대전광역시 유성구 구암동,경상사고,0,0,2,0,차대차 - 기타,안전거리미확보,건조,맑음,단일로 - 기타,이륜,남,30세,상해없음,화물,여,41세,경상
2022012600100341,2022년 1월 26일 16시,수요일,대전광역시 동구 이사동,중상사고,0,1,4,0,차대차 - 추돌,안전운전불이행,건조,맑음,단일로 - 기타,승용,남,37세,중상,화물,남,75세,경상
2022012600100438,2022년 1월 26일 18시,수요일,대전광역시 중구 유천동,경상사고,0,0,6,0,차대차 - 추돌,안전운전불이행,건조,맑음,교차로 - 교차로부근,승용,남,72세,상해없음,승합,남,51세,경상
2022012600100439,2022년 1월 26일 18시,수요일,대전광역시 대덕구 목상동,경상사고,0,0,1,0,차대차 - 측면충돌,안전거리미확보,건조,맑음,교차로 - 교차로부근,승용,남,50세,상해없음,승용,여,29세,경상
2022012600100440,2022년 1월 26일 18시,수요일,대전광역시 서구 탄방동,경상사고,0,0,1,0,차대사람 - 기타,안전운전불이행,건조,맑음,단일로 - 기타,승용,남,64세,상해없음,보행자,여,24세,경상
2022012600100441,2022년 1월 26일 18시,수요일,대전광역시 유성구 노은동,경상사고,0,0,1,0,차대차 - 기타,안전운전불이행,건조,맑음,단일로 - 기타,승용,남,40세,상해없음,이륜,남,36세,경상
2022012600100476,2022년 1월 26일 19시,수요일,대전광역시 서구 갈마동,경상사고,0,0,2,0,차대사람 - 기타,보행자보호의무위반,건조,맑음,교차로 - 교차로횡단보도내,승용,남,42세,상해없음,보행자,여,23세,경상
2022012600100477,2022년 1월 26일 19시,수요일,대전광역시 유성구 전민동,경상사고,0,0,1,0,차대차 - 기타,안전운전불이행,건조,맑음,교차로 - 교차로횡단보도내,승용,남,58세,상해없음,자전거,남,13세,경상
2022012600100511,2022년 1월 26일 20시,수요일,대전광역시 유성구 지족동,경상사고,0,0,2,0,차대차 - 추돌,안전운전불이행,건조,맑음,단일로 - 기타,승용,여,24세,상해없음,승용,여,41세,경상
2022012600100540,2022년 1월 26일 21시,수요일,대전광역시 서구 둔산동,경상사고,0,0,1,0,차대차 - 측면충돌,교차로운행방법위반,건조,맑음,단일로 - 기타,승합,남,47세,기타불명,승용,여,31세,경상
2022012700100010,2022년 1월 27일 01시,목요일,대전광역시 대덕구 법동,경상사고,0,0,1,0,차대차 - 정면충돌,신호위반,건조,맑음,교차로 - 교차로안,이륜,남,16세,상해없음,승용,남,33세,경상
2022012700100053,2022년 1월 27일 07시,목요일,대전광역시 서구 도마동,경상사고,0,0,1,0,차대차 - 기타,안전운전불이행,건조,맑음,교차로 - 교차로안,승용,남,25세,상해없음,승용,여,34세,경상
2022012700100054,2022년 1월 27일 07시,목요일,대전광역시 유성구 봉명동,경상사고,0,0,1,0,차대차 - 측면충돌,안전운전불이행,건조,맑음,단일로 - 기타,승용,남,33세,상해없음,승용,남,36세,경상
2022012700100089,2022년 1월 27일 08시,목요일,대전광역시 서구 월평동,경상사고,0,0,1,0,차대사람 - 횡단중,보행자보호의무위반,건조,맑음,단일로 - 기타,승용,여,24세,상해없음,보행자,여,23세,경상
2022012700100090,2022년 1월 27일 08시,목요일,대전광역시 유성구 장대동,경상사고,0,0,1,0,차대차 - 측면충돌,신호위반,건조,맑음,교차로 - 교차로안,승용,남,72세,상해없음,승용,여,45세,경상
2022012700100142,2022년 1월 27일 10시,목요일,대전광역시 동구 신흥동,경상사고,0,0,2,0,차대차 - 기타,신호위반,건조,맑음,교차로 - 교차로안,승용,남,60세,경상,이륜,남,62세,경상
2022012700100143,2022년 1월 27일 10시,목요일,대전광역시 서구 관저동,경상사고,0,0,1,0,차대사람 - 횡단중,안전운전불이행,건조,맑음,기타 - 기타,기타불명,기타불명,미분류,기타불명,보행자,여,71세,경상
2022012700100144,2022년 1월 27일 10시,목요일,대전광역시 대덕구 신탄진동,경상사고,0,0,1,0,차대차 - 추돌,안전운전불이행,건조,맑음,단일로 - 기타,승용,남,80세,상해없음,승용,여,59세,경상
2022012700100180,2022년 1월 27일 11시,목요일,대전광역시 중구 문화동,경상사고,0,0,1,0,차대차 - 측면충돌,교차로운행방법위반,건조,맑음,교차로 - 교차로안,승용,남,77세,상해없음,승용,여,37세,경상
2022012700100208,2022년 1월 27일 12시,목요일,대전광역시 대덕구 읍내동,경상사고,0,0,2,0,차대차 - 기타,신호위반,건조,맑음,단일로 - 기타,화물,남,25세,상해없음,화물,남,45세,경상
2022012700100209,2022년 1월 27일 12시,목요일,대전광역시 유성구 도룡동,경상사고,0,0,1,0,차대차 - 측면충돌,안전거리미확보,건조,맑음,교차로 - 교차로안,승용,여,49세,상해없음,승용,여,61세,경상
2022012700100232,2022년 1월 27일 13시,목요일,대전광역시 중구 용두동,경상사고,0,0,1,0,차대차 - 기타,안전운전불이행,건조,맑음,단일로 - 기타,원동기,남,43세,경상,승용,여,64세,상해없음
2022012700100267,2022년 1월 27일 14시,목요일,대전광역시 대덕구 중리동,경상사고,0,0,1,0,차대차 - 측면충돌,안전운전불이행,건조,맑음,단일로 - 기타,승용,남,68세,상해없음,승용,남,44세,경상
2022012700100408,2022년 1월 27일 18시,목요일,대전광역시 유성구 원내동,경상사고,0,0,1,0,차대차 - 추돌,안전운전불이행,건조,맑음,단일로 - 기타,승용,남,23세,상해없음,승용,남,30세,경상
2022012700100424,2022년 1월 27일 18시,목요일,대전광역시 중구 태평동,경상사고,0,0,4,0,차대차 - 측면충돌,중앙선침범,건조,맑음,교차로 - 교차로부근,승용,남,28세,상해없음,승용,남,34세,경상
2022012700100425,2022년 1월 27일 18시,목요일,대전광역시 중구 대사동,경상사고,0,0,1,0,차대차 - 측면충돌,안전운전불이행,건조,맑음,교차로 - 교차로안,승용,여,50세,상해없음,승용,여,55세,경상
2022012700100426,2022년 1월 27일 18시,목요일,대전광역시 동구 낭월동,경상사고,0,0,2,0,차대차 - 추돌,안전운전불이행,건조,맑음,교차로 - 교차로부근,화물,남,77세,경상,승용,남,49세,경상
2022012700100427,2022년 1월 27일 18시,목요일,대전광역시 서구 정림동,경상사고,0,0,1,0,차대차 - 기타,안전운전불이행,건조,맑음,단일로 - 기타,기타불명,기타불명,미분류,기타불명,승합,남,64세,상해없음
2022012700100428,2022년 1월 27일 18시,목요일,대전광역시 대덕구 신탄진동,경상사고,0,0,1,0,차대차 - 기타,신호위반,건조,맑음,교차로 - 교차로안,승용,남,62세,상해없음,이륜,남,27세,경상
2022012700100429,2022년 1월 27일 18시,목요일,대전광역시 대덕구 오정동,경상사고,0,0,1,0,차대차 - 측면충돌,안전운전불이행,건조,맑음,단일로 - 기타,승용,남,41세,상해없음,승용,남,40세,경상
2022012700100430,2022년 1월 27일 18시,목요일,대전광역시 서구 월평동,경상사고,0,0,1,0,차대차 - 측면충돌,안전운전불이행,건조,맑음,단일로 - 기타,승용,남,50세,상해없음,승용,남,60세,경상
2022012700100458,2022년 1월 27일 19시,목요일,대전광역시 서구 가수원동,경상사고,0,0,1,0,차대차 - 측면충돌,안전운전불이행,건조,맑음,단일로 - 기타,승용,남,66세,상해없음,승용,여,31세,경상
2022012700100541,2022년 1월 27일 22시,목요일,대전광역시 유성구 노은동,중상사고,0,1,0,0,차대차 - 기타,신호위반,건조,맑음,교차로 - 교차로안,승용,남,58세,상해없음,승용,남,50세,중상
2022012700100542,2022년 1월 27일 22시,목요일,대전광역시 유성구 봉명동,경상사고,0,0,1,0,차대사람 - 횡단중,보행자보호의무위반,건조,맑음,교차로 - 교차로횡단보도내,승용,남,42세,상해없음,보행자,남,48세,경상
2022012800100045,2022년 1월 28일 07시,금요일,대전광역시 서구 괴정동,경상사고,0,0,1,0,차대사람 - 기타,안전운전불이행,건조,기타,단일로 - 기타,기타불명,기타불명,미분류,기타불명,보행자,여,28세,경상
2022012800100073,2022년 1월 28일 08시,금요일,대전광역시 동구 낭월동,경상사고,0,0,1,0,차량단독 - 기타,기타,건조,맑음,단일로 - 기타,승합,남,50세,상해없음,,,,
2022012800100074,2022년 1월 28일 08시,금요일,대전광역시 유성구 장대동,부상신고사고,0,0,0,1,차대차 - 측면충돌,안전운전불이행,건조,맑음,교차로 - 교차로부근,자전거,남,15세,부상신고,승합,남,50세,상해없음
2022012800100099,2022년 1월 28일 09시,금요일,대전광역시 서구 괴정동,경상사고,0,0,1,0,차대차 - 측면충돌,안전거리미확보,건조,맑음,단일로 - 기타,승용,여,62세,상해없음,승용,남,66세,경상
2022012800100136,2022년 1월 28일 10시,금요일,대전광역시 서구 둔산동,경상사고,0,0,1,0,차대차 - 기타,안전운전불이행,건조,맑음,교차로 - 교차로부근,승용,여,45세,상해없음,화물,남,48세,경상
2022012800100137,2022년 1월 28일 10시,금요일,대전광역시 유성구 궁동,경상사고,0,0,1,0,차대사람 - 기타,안전운전불이행,건조,맑음,단일로 - 기타,이륜,남,50세,상해없음,보행자,남,37세,경상
2022012800100173,2022년 1월 28일 11시,금요일,대전광역시 중구 산성동,경상사고,0,0,1,0,차대사람 - 기타,안전운전불이행,건조,맑음,교차로 - 교차로안,승용,여,42세,기타불명,보행자,여,49세,경상
2022012800100174,2022년 1월 28일 11시,금요일,대전광역시 유성구 봉명동,경상사고,0,0,2,0,차대차 - 측면충돌,안전거리미확보,건조,맑음,교차로 - 교차로안,승용,남,73세,상해없음,승용,여,48세,경상
2022012800100214,2022년 1월 28일 12시,금요일,대전광역시 중구 부사동,경상사고,0,0,1,0,차대차 - 측면충돌,교차로운행방법위반,건조,맑음,교차로 - 교차로안,승용,남,47세,상해없음,승용,남,36세,경상
2022012800100215,2022년 1월 28일 12시,금요일,대전광역시 동구 자양동,경상사고,0,0,1,0,차대사람 - 횡단중,안전운전불이행,건조,맑음,단일로 - 기타,이륜,남,74세,상해없음,보행자,여,71세,경상
2022012800100216,2022년 1월 28일 12시,금요일,대전광역시 동구 가양동,경상사고,0,0,1,0,차대차 - 기타,안전운전불이행,건조,맑음,교차로 - 교차로안,승용,남,72세,상해없음,승용,여,52세,경상
2022012800100217,2022년 1월 28일 12시,금요일,대전광역시 대덕구 신탄진동,중상사고,0,1,0,0,차대사람 - 기타,신호위반,건조,맑음,교차로 - 교차로횡단보도내,화물,남,66세,상해없음,보행자,남,71세,중상
2022012800100255,2022년 1월 28일 13시,금요일,대전광역시 동구 정동,경상사고,0,0,1,0,차대차 - 기타,교차로운행방법위반,건조,맑음,교차로 - 교차로안,승용,여,62세,상해없음,승용,남,26세,경상
2022012800100256,2022년 1월 28일 13시,금요일,대전광역시 서구 관저동,경상사고,0,0,2,0,차대차 - 추돌,안전거리미확보,건조,맑음,단일로 - 기타,승용,여,55세,상해없음,승용,남,48세,경상
2022012800100257,2022년 1월 28일 13시,금요일,대전광역시 서구 둔산동,경상사고,0,0,3,0,차대차 - 추돌,안전운전불이행,건조,맑음,교차로 - 교차로부근,승용,여,39세,상해없음,승용,남,65세,경상
2022012800100258,2022년 1월 28일 13시,금요일,대전광역시 서구 월평동,경상사고,0,0,1,0,차대차 - 기타,교차로운행방법위반,건조,맑음,교차로 - 교차로안,승용,여,59세,기타불명,승용,남,54세,경상
2022012800100294,2022년 1월 28일 14시,금요일,대전광역시 서구 도마동,경상사고,0,0,1,0,차대차 - 추돌,안전거리미확보,건조,맑음,단일로 - 기타,승용,남,27세,상해없음,승용,남,47세,경상
2022012800100295,2022년 1월 28일 14시,금요일,대전광역시 서구 관저동,중상사고,0,1,0,0,차대사람 - 차도통행중,안전운전불이행,건조,맑음,단일로 - 기타,승용,여,41세,상해없음,보행자,남,39세,중상
2022012800100342,2022년 1월 28일 15시,금요일,대전광역시 중구 용두동,경상사고,0,0,3,0,차대차 - 기타,안전거리미확보,건조,맑음,단일로 - 기타,이륜,남,38세,상해없음,승용,남,42세,경상
2022012800100343,2022년 1월 28일 15시,금요일,대전광역시 서구 괴정동,경상사고,0,0,1,0,차대차 - 측면충돌,안전운전불이행,건조,맑음,단일로 - 기타,승용,남,26세,상해없음,승용,여,44세,경상
2022012800100380,2022년 1월 28일 16시,금요일,대전광역시 대덕구 신탄진동,중상사고,0,1,0,0,차대차 - 측면충돌,직진우회전진행방해,건조,맑음,교차로 - 교차로안,승용,남,65세,상해없음,이륜,여,64세,중상
2022012800100381,2022년 1월 28일 16시,금요일,대전광역시 대덕구 신일동,경상사고,0,0,2,0,차대차 - 측면충돌,신호위반,건조,맑음,교차로 - 교차로안,승용,여,22세,상해없음,승용,여,43세,경상
2022012800100382,2022년 1월 28일 16시,금요일,대전광역시 대덕구 중리동,경상사고,0,0,1,0,차대차 - 정면충돌,신호위반,건조,맑음,교차로 - 교차로안,승용,여,65세,상해없음,승용,여,32세,경상
2022012800100383,2022년 1월 28일 16시,금요일,대전광역시 서구 탄방동,경상사고,0,0,1,0,차대사람 - 기타,안전운전불이행,건조,맑음,교차로 - 교차로부근,승용,남,31세,상해없음,보행자,여,67세,경상
2022012800100418,2022년 1월 28일 17시,금요일,대전광역시 동구 홍도동,경상사고,0,0,1,0,차대차 - 추돌,안전운전불이행,건조,맑음,단일로 - 기타,승용,남,77세,상해없음,승용,남,39세,경상
2022012800100419,2022년 1월 28일 17시,금요일,대전광역시 유성구 봉명동,경상사고,0,0,1,0,차대차 - 기타,신호위반,건조,맑음,교차로 - 교차로안,승용,남,54세,상해없음,승합,남,58세,상해없음
2022012800100420,2022년 1월 28일 17시,금요일,대전광역시 유성구 구암동,경상사고,0,0,1,0,차대차 - 측면충돌,안전운전불이행,건조,맑음,단일로 - 기타,승용,남,42세,상해없음,승용,여,30세,경상
2022012800100493,2022년 1월 28일 18시,금요일,대전광역시 중구 용두동,경상사고,0,0,2,0,차대차 - 정면충돌,중앙선침범,건조,맑음,단일로 - 기타,승용,남,38세,상해없음,승용,남,40세,경상
2022012800100494,2022년 1월 28일 18시,금요일,대전광역시 유성구 교촌동,중상사고,0,2,1,0,차대차 - 측면충돌,안전운전불이행,건조,맑음,교차로 - 교차로안,승용,남,49세,상해없음,승용,남,48세,중상
2022012800100539,2022년 1월 28일 19시,금요일,대전광역시 중구 오류동,경상사고,0,0,1,0,차대사람 - 보도통행중,보행자보호의무위반,건조,맑음,교차로 - 교차로부근,원동기,남,24세,상해없음,보행자,남,19세,경상
2022012800100567,2022년 1월 28일 20시,금요일,대전광역시 서구 관저동,경상사고,0,0,1,0,차대차 - 기타,안전거리미확보,건조,맑음,교차로 - 교차로안,승용,여,56세,상해없음,승용,남,37세,경상
2022012800100568,2022년 1월 28일 20시,금요일,대전광역시 서구 도마동,중상사고,0,1,0,0,차대사람 - 횡단중,안전운전불이행,건조,맑음,단일로 - 기타,이륜,남,57세,상해없음,보행자,여,67세,중상