사고번호,사고일시,요일,시군구,사고내용,사망자수,중상자수,경상자수,부상신고자수,사고유형,법규위반,노면상태,기상상태,도로형태,가해운전자 차종,가해운전자 성별,가해운전자 연령,가해운전자 상해정도,피해운전자 차종,피해운전자 성별,피해운전자 연령,피해운전자 상해정도
2022022400100494,2022년 2월 24일 21시,목요일,대전광역시 중구 오류동,경상사고,0,0,1,0,차대차 - 추돌,안전거리미확보,건조,맑음,교차로 - 교차로부근,승용,남,24세,상해없음,화물,남,53세,경상
2022022400100495,2022년 2월 24일 21시,목요일,대전광역시 대덕구 송촌동,부상신고사고,0,0,0,1,차대사람 - 기타,안전운전불이행,건조,맑음,단일로 - 기타,승용,여,46세,상해없음,보행자,남,49세,부상신고
2022022400100525,2022년 2월 24일 22시,목요일,대전광역시 중구 문창동,경상사고,0,0,1,0,차대차 - 기타,안전운전불이행,건조,흐림,교차로 - 교차로안,승합,남,69세,상해없음,승용,남,25세,경상
2022022400100526,2022년 2월 24일 22시,목요일,대전광역시 유성구 죽동,부상신고사고,0,0,0,1,차대차 - 추돌,안전운전불이행,건조,맑음,교차로 - 교차로부근,승용,남,61세,기타불명,승용,남,21세,부상신고
2022022500100060,2022년 2월 25일 07시,금요일,대전광역시 대덕구 대화동,중상사고,0,1,0,0,차대차 - 측면충돌,안전운전불이행,건조,맑음,단일로 - 기타,승용,남,47세,상해없음,자전거,남,60세,중상
2022022500100094,2022년 2월 25일 08시,금요일,대전광역시 서구 월평동,경상사고,0,0,1,0,차대차 - 측면충돌,교차로운행방법위반,건조,맑음,교차로 - 교차로부근,승용,남,37세,상해없음,승용,여,61세,경상
2022022500100263,2022년 2월 25일 13시,금요일,대전광역시 서구 둔산동,경상사고,0,0,1,0,차대차 - 기타,안전운전불이행,건조,맑음,교차로 - 교차로안,승용,남,65세,상해없음,이륜,남,55세,경상
2022022500100264,2022년 2월 25일 13시,금요일,대전광역시 유성구 구암동,부상신고사고,0,0,0,1,차대차 - 측면충돌,교차로운행방법위반,건조,맑음,교차로 - 교차로안,승용,남,65세,상해없음,승용,남,30세,부상신고
2022022500100293,2022년 2월 25일 14시,금요일,대전광역시 중구 목동,중상사고,0,1,0,0,차대차 - 기타,안전운전불이행,건조,맑음,교차로 - 교차로안,승용,남,62세,상해없음,이륜,남,44세,중상
2022022500100308,2022년 2월 25일 15시,금요일,대전광역시 대덕구 신대동,경상사고,0,0,1,0,차대차 - 기타,신호위반,건조,맑음,단일로 - 기타,승용,남,39세,상해없음,승용,남,52세,경상
2022022500100320,2022년 2월 25일 15시,금요일,대전광역시 중구 오류동,경상사고,0,0,1,0,차대차 - 측면충돌,안전운전불이행,건조,맑음,단일로 - 기타,이륜,여,35세,상해없음,승용,남,57세,경상
2022022500100321,2022년 2월 25일 15시,금요일,대전광역시 서구 만년동,경상사고,0,0,1,0,차대차 - 기타,안전운전불이행,건조,맑음,교차로 - 교차로횡단보도내,승용,남,52세,상해없음,자전거,남,77세,경상
2022022500100322,2022년 2월 25일 15시,금요일,대전광역시 서구 탄방동,경상사고,0,0,1,0,차대차 - 기타,안전운전불이행,건조,맑음,단일로 - 기타,승용,남,37세,상해없음,승용,여,55세,경상
2022022500100355,2022년 2월 25일 16시,금요일,대전광역시 중구 문화동,경상사고,0,0,1,0,차대차 - 측면충돌,직진우회전진행방해,건조,맑음,교차로 - 교차로안,승용,여,62세,상해없음,원동기,남,23세,경상
2022022500100356,2022년 2월 25일 16시,금요일,대전광역시 대덕구 상서동,경상사고,0,0,1,0,차대차 - 추돌,안전운전불이행,건조,맑음,교차로 - 교차로부근,승합,남,38세,상해없음,승용,남,52세,경상
2022022500100393,2022년 2월 25일 17시,금요일,대전광역시 서구 월평동,경상사고,0,0,1,0,차량단독 - 공작물충돌,안전운전불이행,건조,맑음,단일로 - 기타,승용,남,57세,상해없음,,,,
2022022500100394,2022년 2월 25일 17시,금요일,대전광역시 유성구 지족동,경상사고,0,0,1,0,차대차 - 추돌,안전거리미확보,건조,맑음,교차로 - 교차로안,승용,여,60세,상해없음,승용,여,53세,경상
2022022500100395,2022년 2월 25일 17시,금요일,대전광역시 유성구 도룡동,중상사고,0,1,0,0,차대사람 - 횡단중,안전운전불이행,건조,맑음,기타 - 기타,승용,남,22세,기타불명,보행자,남,45세,중상
2022022500100502,2022년 2월 25일 20시,금요일,대전광역시 동구 용전동,경상사고,0,0,1,0,차대사람 - 기타,안전운전불이행,건조,맑음,단일로 - 기타,승용,여,44세,상해없음,보행자,남,19세,경상
2022022500100595,2022년 2월 25일 23시,금요일,대전광역시 유성구 상대동,경상사고,0,0,3,0,차대차 - 추돌,안전운전불이행,건조,맑음,교차로 - 교차로부근,승용,남,41세,상해없음,승용,여,65세,경상
2022022600100053,2022년 2월 26일 06시,토요일,대전광역시 서구 변동,경상사고,0,0,1,0,차대차 - 기타,교차로운행방법위반,건조,기타,교차로 - 교차로안,승용,남,59세,상해없음,이륜,남,33세,경상
2022022600100067,2022년 2월 26일 07시,토요일,대전광역시 서구 탄방동,중상사고,0,1,0,0,차대차 - 추돌,안전거리미확보,젖음/습기,맑음,단일로 - 기타,건설기계,남,53세,상해없음,승용,여,59세,중상
2022022600100117,2022년 2월 26일 10시,토요일,대전광역시 유성구 장대동,경상사고,0,0,2,0,차대차 - 추돌,안전운전불이행,건조,맑음,교차로 - 교차로부근,승용,남,32세,기타불명,승용,여,43세,경상
2022022600100175,2022년 2월 26일 12시,토요일,대전광역시 서구 탄방동,경상사고,0,0,1,0,차대차 - 추돌,안전거리미확보,건조,맑음,교차로 - 교차로안,승용,남,50세,상해없음,화물,남,37세,경상
2022022600100213,2022년 2월 26일 13시,토요일,대전광역시 중구 선화동,경상사고,0,0,2,0,차대차 - 후진중충돌,안전운전불이행,건조,맑음,교차로 - 교차로안,승용,남,33세,기타불명,승용,남,32세,경상
2022022600100214,2022년 2월 26일 13시,토요일,대전광역시 서구 갈마동,중상사고,0,1,0,0,차대사람 - 길가장자리구역통행중,안전운전불이행,건조,맑음,교차로 - 교차로부근,화물,남,35세,상해없음,보행자,여,64세,중상
2022022600100215,2022년 2월 26일 13시,토요일,대전광역시 유성구 구성동,경상사고,0,0,5,0,차대차 - 기타,안전운전불이행,건조,맑음,교차로 - 교차로안,승용,여,39세,경상,승용,남,32세,경상
2022022600100245,2022년 2월 26일 14시,토요일,대전광역시 동구 삼성동,경상사고,0,0,3,0,차대차 - 추돌,안전거리미확보,건조,맑음,교차로 - 교차로부근,화물,남,45세,경상,승용,남,68세,경상
2022022600100295,2022년 2월 26일 16시,토요일,대전광역시 중구 문창동,경상사고,0,0,1,0,차대차 - 정면충돌,교차로운행방법위반,건조,맑음,교차로 - 교차로안,승용,여,52세,상해없음,승용,남,20세,경상
2022022600100296,2022년 2월 26일 16시,토요일,대전광역시 유성구 노은동,경상사고,0,0,1,0,차대차 - 기타,안전거리미확보,건조,맑음,단일로 - 기타,이륜,여,25세,경상,승용,남,49세,상해없음
2022022600100364,2022년 2월 26일 18시,토요일,대전광역시 서구 가수원동,경상사고,0,0,1,0,차대차 - 기타,안전운전불이행,건조,맑음,교차로 - 교차로부근,이륜,남,50세,상해없음,이륜,남,53세,경상
2022022600100438,2022년 2월 26일 20시,토요일,대전광역시 서구 정림동,경상사고,0,0,1,0,차대차 - 기타,안전거리미확보,젖음/습기,비,단일로 - 기타,승용,여,45세,상해없음,승합,남,44세,경상
2022022600100461,2022년 2월 26일 21시,토요일,대전광역시 중구 대흥동,경상사고,0,0,1,0,차대사람 - 기타,안전운전불이행,건조,맑음,교차로 - 교차로부근,승용,남,67세,상해없음,보행자,남,19세,경상
2022022600100489,2022년 2월 26일 22시,토요일,대전광역시 동구 가양동,경상사고,0,0,1,0,차대사람 - 횡단중,신호위반,건조,맑음,기타 - 기타,이륜,남,38세,상해없음,보행자,여,54세,경상
2022022600100490,2022년 2월 26일 22시,토요일,대전광역시 유성구 궁동,중상사고,0,1,0,0,차대사람 - 보도통행중,안전운전불이행,젖음/습기,비,교차로 - 교차로부근,승용,남,21세,상해없음,보행자,남,25세,상해없음
2022022700100006,2022년 2월 27일 00시,일요일,대전광역시 중구 석교동,경상사고,0,0,1,0,차대사람 - 횡단중,안전운전불이행,젖음/습기,맑음,단일로 - 기타,승용,남,20세,상해없음,보행자,남,24세,경상
2022022700100007,2022년 2월 27일 00시,일요일,대전광역시 서구 둔산동,경상사고,0,0,2,0,차대차 - 기타,신호위반,건조,맑음,교차로 - 교차로안,승용,여,20세,상해없음,승용,남,55세,경상
2022022700100071,2022년 2월 27일 10시,일요일,대전광역시 중구 산성동,경상사고,0,0,2,1,차대차 - 측면충돌,기타,건조,맑음,교차로 - 교차로안,승용,남,48세,부상신고,승용,여,47세,경상
2022022700100072,2022년 2월 27일 10시,일요일,대전광역시 서구 용문동,경상사고,0,0,1,0,차대차 - 측면충돌,안전운전불이행,건조,맑음,기타 - 기타,이륜,남,45세,상해없음,승용,남,48세,경상
2022022700100096,2022년 2월 27일 11시,일요일,대전광역시 서구 탄방동,경상사고,0,0,2,0,차대차 - 측면충돌,신호위반,건조,맑음,단일로 - 지하차도(도로)내,승용,남,76세,상해없음,승용,남,43세,경상
2022022700100153,2022년 2월 27일 13시,일요일,대전광역시 대덕구 읍내동,중상사고,0,1,1,0,차대차 - 기타,신호위반,건조,맑음,교차로 - 교차로안,화물,남,43세,상해없음,승용,남,43세,중상
2022022700100154,2022년 2월 27일 13시,일요일,대전광역시 서구 둔산동,중상사고,0,1,0,0,차대차 - 측면충돌,안전운전불이행,건조,맑음,교차로 - 교차로안,이륜,남,48세,중상,승용,남,25세,상해없음
2022022700100155,2022년 2월 27일 13시,일요일,대전광역시 유성구 용산동,경상사고,0,0,2,0,차대차 - 추돌,안전운전불이행,건조,맑음,교차로 - 교차로부근,이륜,남,36세,경상,승용,남,39세,경상
2022022700100239,2022년 2월 27일 16시,일요일,대전광역시 중구 대흥동,경상사고,0,0,4,0,차대차 - 추돌,안전운전불이행,건조,맑음,교차로 - 교차로부근,화물,남,73세,상해없음,승용,남,57세,경상
2022022700100240,2022년 2월 27일 16시,일요일,대전광역시 동구 소제동,경상사고,0,0,4,0,차대차 - 기타,안전운전불이행,건조,맑음,기타 - 기타,승합,남,57세,상해없음,화물,남,63세,경상
2022022700100310,2022년 2월 27일 19시,일요일,대전광역시 서구 둔산동,경상사고,0,0,1,0,차대차 - 기타,안전운전불이행,건조,맑음,교차로 - 교차로부근,승용,남,20세,기타불명,이륜,남,31세,경상
2022022700100311,2022년 2월 27일 19시,일요일,대전광역시 유성구 구암동,중상사고,0,1,0,0,차대사람 - 차도통행중,안전운전불이행,건조,맑음,단일로 - 기타,승용,남,36세,상해없음,보행자,남,71세,중상
2022022700100328,2022년 2월 27일 20시,일요일,대전광역시 동구 신상동,중상사고,0,1,0,0,차량단독 - 도로외이탈 - 기타,안전운전불이행,젖음/습기,흐림,단일로 - 기타,승용,남,27세,중상,,,,
2022022700100343,2022년 2월 27일 21시,일요일,대전광역시 동구 가양동,경상사고,0,0,2,0,차대사람 - 횡단중,안전운전불이행,건조,맑음,단일로 - 기타,이륜,남,43세,경상,보행자,여,76세,경상
2022022700100371,2022년 2월 27일 22시,일요일,대전광역시 서구 둔산동,경상사고,0,0,1,0,차대차 - 측면충돌,안전운전불이행,건조,맑음,단일로 - 기타,승용,남,51세,경상,승용,남,27세,기타불명
2022022700100372,2022년 2월 27일 22시,일요일,대전광역시 서구 둔산동,경상사고,0,0,1,0,차대사람 - 길가장자리구역통행중,안전운전불이행,건조,맑음,교차로 - 교차로부근,승용,남,19세,상해없음,보행자,남,23세,경상
2022022700100384,2022년 2월 27일 23시,일요일,대전광역시 동구 홍도동,경상사고,0,0,1,0,차대사람 - 차도통행중,안전운전불이행,건조,맑음,교차로 - 교차로안,승용,여,27세,상해없음,보행자,남,23세,경상
2022022700100385,2022년 2월 27일 23시,일요일,대전광역시 서구 갈마동,경상사고,0,0,3,0,차대차 - 측면충돌,안전거리미확보,건조,맑음,단일로 - 기타,승용,남,47세,상해없음,승용,남,26세,경상
2022022800100038,2022년 2월 28일 06시,월요일,대전광역시 서구 내동,중상사고,0,1,0,0,차대사람 - 길가장자리구역통행중,안전운전불이행,건조,맑음,단일로 - 기타,화물,남,60세,상해없음,보행자,남,76세,중상
2022022800100039,2022년 2월 28일 06시,월요일,대전광역시 유성구 문지동,경상사고,0,0,1,0,차대차 - 측면충돌,신호위반,건조,맑음,교차로 - 교차로안,승용,여,25세,상해없음,승용,남,39세,경상
2022022800100133,2022년 2월 28일 10시,월요일,대전광역시 서구 관저동,경상사고,0,0,1,0,차대차 - 추돌,신호위반,건조,맑음,교차로 - 교차로안,승용,남,50세,상해없음,승용,남,31세,경상
2022022800100134,2022년 2월 28일 10시,월요일,대전광역시 대덕구 대화동,경상사고,0,0,1,0,차대차 - 후진중충돌,안전운전불이행,건조,맑음,기타 - 기타,화물,남,57세,상해없음,화물,남,47세,경상
2022022800100167,2022년 2월 28일 11시,월요일,대전광역시 서구 가수원동,경상사고,0,0,1,0,차대차 - 측면충돌,신호위반,건조,맑음,교차로 - 교차로부근,승용,여,38세,상해없음,승합,남,47세,경상
2022022800100199,2022년 2월 28일 12시,월요일,대전광역시 서구 탄방동,경상사고,0,0,1,0,차대차 - 후진중충돌,안전운전불이행,건조,맑음,단일로 - 기타,화물,남,56세,기타불명,승용,여,54세,경상
2022022800100200,2022년 2월 28일 12시,월요일,대전광역시 유성구 구암동,중상사고,0,1,0,0,차대사람 - 보도통행중,안전운전불이행,건조,맑음,교차로 - 교차로횡단보도내,특수,남,41세,상해없음,보행자,여,81세,중상
2022022800100225,2022년 2월 28일 13시,월요일,대전광역시 중구 태평동,중상사고,0,1,0,0,차대차 - 기타,신호위반,건조,맑음,교차로 - 교차로부근,승용,여,69세,상해없음,원동기,남,68세,중상
2022022800100267,2022년 2월 28일 14시,월요일,대전광역시 동구 용운동,중상사고,0,1,5,0,차대차 - 측면충돌,신호위반,건조,맑음,교차로 - 교차로안,이륜,남,36세,중상,승용,남,49세,경상
2022022800100306,2022년 2월 28일 15시,월요일,대전광역시 서구 둔산동,경상사고,0,0,1,0,차대차 - 추돌,안전운전불이행,건조,맑음,교차로 - 교차로부근,승용,여,57세,상해없음,승용,남,36세,경상
2022022800100337,2022년 2월 28일 16시,월요일,대전광역시 서구 관저동,중상사고,0,1,0,0,차대차 - 기타,안전운전불이행,건조,맑음,단일로 - 기타,승용,남,61세,상해없음,승용,여,64세,중상
2022022800100338,2022년 2월 28일 16시,월요일,대전광역시 서구 갈마동,경상사고,0,0,2,0,차대차 - 기타,안전운전불이행,건조,맑음,기타 - 기타,승용,여,61세,상해없음,승용,남,31세,경상
2022022800100418,2022년 2월 28일 18시,월요일,대전광역시 서구 둔산동,경상사고,0,0,1,0,차대사람 - 횡단중,보행자보호의무위반,건조,맑음,단일로 - 기타,승용,남,52세,상해없음,보행자,여,28세,경상
2022022800100485,2022년 2월 28일 20시,월요일,대전광역시 대덕구 오정동,경상사고,0,0,1,0,차대차 - 기타,안전운전불이행,건조,맑음,단일로 - 기타,승용,남,33세,상해없음,이륜,남,31세,경상
2022022800100536,2022년 2월 28일 22시,월요일,대전광역시 동구 용전동,경상사고,0,0,1,0,차대차 - 측면충돌,신호위반,건조,맑음,교차로 - 교차로횡단보도내,승용,남,69세,기타불명,개인형이동수단(PM),여,18세,경상
2022022800100537,2022년 2월 28일 22시,월요일,대전광역시 대덕구 송촌동,경상사고,0,0,1,0,차대차 - 기타,중앙선침범,건조,맑음,단일로 - 기타,승용,남,23세,상해없음,원동기,남,28세,경상
2022030100100033,2022년 3월 1일 07시,화요일,대전광역시 대덕구 중리동,경상사고,0,0,2,0,차대차 - 측면충돌,신호위반,건조,맑음,교차로 - 교차로안,승용,남,25세,상해없음,승합,남,52세,경상
2022030100100045,2022년 3월 1일 08시,화요일,대전광역시 중구 유천동,경상사고,0,0,1,0,차대차 - 기타,안전운전불이행,건조,맑음,단일로 - 기타,승용,남,71세,상해없음,승합,남,54세,경상
2022030100100059,2022년 3월 1일 09시,화요일,대전광역시 동구 낭월동,중상사고,0,1,0,0,차량단독 - 기타,안전운전불이행,젖음/습기,비,단일로 - 기타,화물,여,61세,상해없음,,,,
2022030100100081,2022년 3월 1일 10시,화요일,대전광역시 유성구 노은동,경상사고,0,0,2,0,차대차 - 측면충돌,신호위반,건조,맑음,교차로 - 교차로안,승용,남,38세,상해없음,승용,남,44세,경상
2022030100100104,2022년 3월 1일 11시,화요일,대전광역시 서구 탄방동,경상사고,0,0,3,0,차대차 - 측면충돌,안전운전불이행,건조,맑음,교차로 - 교차로안,건설기계,남,62세,상해없음,승용,여,45세,경상
2022030100100105,2022년 3월 1일 11시,화요일,대전광역시 유성구 반석동,경상사고,0,0,1,0,차대차 - 기타,안전운전불이행,건조,맑음,교차로 - 교차로부근,승용,남,60세,상해없음,승용,남,42세,경상
2022030100100141,2022년 3월 1일 13시,화요일,대전광역시 동구 정동,중상사고,0,1,0,0,차량단독 - 전도전복 - 전도,안전운전불이행,건조,맑음,단일로 - 지하차도(도로)내,이륜,남,42세,중상,,,,
2022030100100142,2022년 3월 1일 13시,화요일,대전광역시 유성구 관평동,중상사고,0,1,3,0,차대차 - 기타,신호위반,건조,맑음,교차로 - 교차로부근,이륜,남,19세,중상,승용,남,45세,경상
2022030100100197,2022년 3월 1일 15시,화요일,대전광역시 동구 판암동,경상사고,0,0,1,0,차대차 - 측면충돌,안전거리미확보,건조,맑음,단일로 - 기타,건설기계,남,58세,상해없음,승용,여,29세,경상
2022030100100198,2022년 3월 1일 15시,화요일,대전광역시 동구 인동,중상사고,0,1,0,0,차대사람 - 횡단중,보행자보호의무위반,건조,맑음,기타 - 기타,화물,남,62세,상해없음,보행자,남,3세,중상
2022030100100199,2022년 3월 1일 15시,화요일,대전광역시 서구 정림동,경상사고,0,0,4,0,차대차 - 추돌,안전운전불이행,건조,맑음,단일로 - 기타,화물,남,43세,상해없음,승용,남,43세,경상
2022030100100252,2022년 3월 1일 17시,화요일,대전광역시 서구 용문동,경상사고,0,0,1,0,차대사람 - 보도통행중,안전운전불이행,건조,맑음,기타 - 기타,이륜,남,50세,상해없음,보행자,남,28세,경상
2022030100100253,2022년 3월 1일 17시,화요일,대전광역시 서구 월평동,경상사고,0,0,1,0,차대차 - 기타,안전운전불이행,건조,맑음,교차로 - 교차로부근,승용,여,49세,기타불명,이륜,남,38세,경상
2022030100100307,2022년 3월 1일 19시,화요일,대전광역시 서구 갈마동,경상사고,0,0,1,0,차대차 - 기타,차로위반,건조,맑음,단일로 - 기타,이륜,남,31세,기타불명,승용,여,30세,경상
2022030100100308,2022년 3월 1일 19시,화요일,대전광역시 유성구 반석동,경상사고,0,0,1,0,차대차 - 기타,안전운전불이행,건조,맑음,단일로 - 기타,화물,남,70세,상해없음,승용,남,45세,경상
2022030100100338,2022년 3월 1일 21시,화요일,대전광역시 서구 용문동,경상사고,0,0,1,0,차대차 - 기타,안전거리미확보,건조,맑음,단일로 - 기타,승용,남,33세,상해없음,승용,남,28세,경상
2022030200100015,2022년 3월 2일 04시,수요일,대전광역시 서구 월평동,경상사고,0,0,1,0,차대차 - 기타,신호위반,건조,맑음,교차로 - 교차로안,승용,남,28세,상해없음,승용,남,43세,경상
2022030200100023,2022년 3월 2일 05시,수요일,대전광역시 중구 용두동,사망사고,1,0,0,0,차대사람 - 횡단중,안전운전불이행,건조,맑음,교차로 - 교차로안,건설기계,남,58세,상해없음,보행자,남,70세,사망
2022030200100049,2022년 3월 2일 07시,수요일,대전광역시 대덕구 신일동,경상사고,0,0,5,0,차대차 - 추돌,안전거리미확보,건조,맑음,단일로 - 기타,화물,남,52세,상해없음,승용,남,50세,경상
2022030200100083,2022년 3월 2일 08시,수요일,대전광역시 중구 중촌동,경상사고,0,0,1,0,차대차 - 기타,안전운전불이행,건조,맑음,기타 - 기타,승용,남,59세,기타불명,승용,남,31세,경상
2022030200100085,2022년 3월 2일 08시,수요일,대전광역시 유성구 장대동,경상사고,0,0,1,0,차대차 - 측면충돌,안전거리미확보,건조,맑음,기타 - 기타,승용,남,53세,상해없음,승용,여,41세,경상
2022030200100116,2022년 3월 2일 09시,수요일,대전광역시 서구 갈마동,경상사고,0,0,1,0,차대차 - 추돌,안전거리미확보,건조,맑음,단일로 - 기타,이륜,남,33세,상해없음,승용,여,41세,경상
2022030200100117,2022년 3월 2일 09시,수요일,대전광역시 유성구 지족동,경상사고,0,0,1,0,차대차 - 기타,안전거리미확보,건조,맑음,단일로 - 기타,승용,여,48세,상해없음,승용,남,33세,경상
2022030200100152,2022년 3월 2일 10시,수요일,대전광역시 중구 사정동,경상사고,0,0,4,0,차대차 - 측면충돌,안전운전불이행,건조,맑음,교차로 - 교차로부근,화물,남,31세,경상,승용,여,30세,경상
2022030200100153,2022년 3월 2일 10시,수요일,대전광역시 서구 도마동,경상사고,0,0,1,0,차대차 - 후진중충돌,안전운전불이행,건조,맑음,단일로 - 기타,승용,여,71세,상해없음,승용,남,50세,경상
2022030200100177,2022년 3월 2일 11시,수요일,대전광역시 유성구 갑동,경상사고,0,0,1,0,차대차 - 추돌,안전운전불이행,건조,맑음,단일로 - 기타,승합,여,43세,상해없음,승용,여,21세,경상
2022030200100214,2022년 3월 2일 12시,수요일,대전광역시 동구 삼성동,경상사고,0,0,4,0,차대차 - 기타,신호위반,건조,맑음,단일로 - 기타,승용,여,60세,경상,승용,남,62세,경상
2022030200100243,2022년 3월 2일 13시,수요일,대전광역시 동구 용전동,사망사고,1,0,1,0,차대차 - 측면충돌,신호위반,건조,맑음,교차로 - 교차로안,이륜,남,65세,사망,승용,여,54세,경상
2022030200100244,2022년 3월 2일 13시,수요일,대전광역시 유성구 상대동,중상사고,0,1,0,0,차대차 - 기타,신호위반,건조,맑음,교차로 - 교차로안,승용,여,46세,상해없음,이륜,남,21세,중상
2022030200100270,2022년 3월 2일 14시,수요일,대전광역시 중구 유천동,경상사고,0,0,3,0,차대차 - 측면충돌,신호위반,건조,맑음,단일로 - 기타,승합,남,75세,상해없음,승용,남,41세,경상
2022030200100271,2022년 3월 2일 14시,수요일,대전광역시 서구 도마동,경상사고,0,0,1,0,차대차 - 후진중충돌,안전운전불이행,건조,맑음,단일로 - 기타,화물,남,69세,상해없음,이륜,남,63세,경상
2022030200100272,2022년 3월 2일 14시,수요일,대전광역시 서구 둔산동,중상사고,0,1,0,0,차대차 - 측면충돌,신호위반,건조,맑음,교차로 - 교차로안,승용,남,27세,상해없음,이륜,남,29세,중상
2022030200100273,2022년 3월 2일 14시,수요일,대전광역시 유성구 대정동,경상사고,0,0,2,0,차대차 - 추돌,안전운전불이행,건조,맑음,교차로 - 교차로부근,승용,남,61세,상해없음,승용,여,61세,경상
2022030200100306,2022년 3월 2일 15시,수요일,대전광역시 동구 삼성동,경상사고,0,0,1,0,차대차 - 측면충돌,안전운전불이행,건조,맑음,교차로 - 교차로부근,승용,남,54세,상해없음,자전거,남,68세,경상
2022030200100345,2022년 3월 2일 16시,수요일,대전광역시 중구 유천동,중상사고,0,1,0,0,차대사람 - 횡단중,보행자보호의무위반,건조,맑음,단일로 - 기타,승용,여,60세,상해없음,보행자,여,65세,중상
2022030200100388,2022년 3월 2일 17시,수요일,대전광역시 유성구 원내동,경상사고,0,0,1,0,차대차 - 기타,안전운전불이행,건조,맑음,교차로 - 교차로안,승용,여,30세,상해없음,승용,남,36세,경상
2022030200100424,2022년 3월 2일 18시,수요일,대전광역시 동구 용운동,경상사고,0,0,1,0,차대차 - 측면충돌,신호위반,건조,맑음,교차로 - 교차로안,화물,남,58세,상해없음,승용,남,71세,경상
2022030200100425,2022년 3월 2일 18시,수요일,대전광역시 서구 가수원동,경상사고,0,0,1,0,차대차 - 기타,안전운전불이행,건조,맑음,교차로 - 교차로안,승용,남,59세,상해없음,이륜,남,39세,경상
2022030200100426,2022년 3월 2일 18시,수요일,대전광역시 서구 월평동,경상사고,0,0,2,0,차대차 - 측면충돌,신호위반,건조,맑음,교차로 - 교차로안,승용,여,30세,기타불명,승용,남,56세,경상
2022030200100427,2022년 3월 2일 18시,수요일,대전광역시 서구 둔산동,중상사고,0,1,0,0,차대차 - 기타,교차로운행방법위반,건조,맑음,교차로 - 교차로안,승용,여,54세,기타불명,승용,남,62세,중상
2022030200100428,2022년 3월 2일 18시,수요일,대전광역시 유성구 구성동,경상사고,0,0,1,0,차대차 - 측면충돌,안전운전불이행,건조,맑음,교차로 - 교차로안,승용,남,39세,상해없음,이륜,남,53세,경상
2022030200100467,2022년 3월 2일 19시,수요일,대전광역시 중구 대흥동,중상사고,0,1,0,0,차대차 - 기타,안전운전불이행,건조,맑음,기타 - 기타,이륜,남,47세,기타불명,이륜,남,22세,중상
2022030200100468,2022년 3월 2일 19시,수요일,대전광역시 유성구 상대동,중상사고,0,1,0,0,차대차 - 기타,교차로운행방법위반,건조,맑음,교차로 - 교차로안,승용,여,32세,상해없음,이륜,남,60세,중상
2022030200100469,2022년 3월 2일 19시,수요일,대전광역시 유성구 관평동,경상사고,0,0,1,0,차대차 - 측면충돌,안전거리미확보,건조,맑음,교차로 - 교차로부근,승용,남,53세,상해없음,승용,남,26세,경상
2022030300100029,2022년 3월 3일 05시,목요일,대전광역시 유성구 궁동,경상사고,0,0,1,0,차대차 - 측면충돌,안전거리미확보,건조,맑음,단일로 - 기타,승용,남,18세,상해없음,승용,여,59세,경상
2022030300100061,2022년 3월 3일 07시,목요일,대전광역시 중구 부사동,경상사고,0,0,1,0,차대사람 - 기타,안전운전불이행,건조,맑음,교차로 - 교차로부근,승합,남,65세,상해없음,보행자,남,15세,경상
2022030300100062,2022년 3월 3일 07시,목요일,대전광역시 서구 둔산동,경상사고,0,0,1,0,차대차 - 측면충돌,신호위반,건조,맑음,교차로 - 교차로안,승용,남,38세,상해없음,자전거,남,15세,경상
2022030300100063,2022년 3월 3일 07시,목요일,대전광역시 유성구 궁동,경상사고,0,0,1,0,차대차 - 기타,안전운전불이행,건조,맑음,단일로 - 기타,화물,남,44세,상해없음,승용,여,33세,경상
2022030300100109,2022년 3월 3일 08시,목요일,대전광역시 서구 관저동,경상사고,0,0,1,0,차대차 - 기타,안전운전불이행,건조,맑음,단일로 - 기타,승용,여,60세,상해없음,승용,여,51세,경상
2022030300100133,2022년 3월 3일 09시,목요일,대전광역시 중구 유천동,경상사고,0,0,1,0,차대차 - 기타,불법유턴,건조,맑음,단일로 - 기타,자전거,여,79세,경상,승용,여,47세,상해없음
2022030300100186,2022년 3월 3일 11시,목요일,대전광역시 중구 중촌동,중상사고,0,1,0,0,차대사람 - 차도통행중,안전운전불이행,건조,맑음,단일로 - 기타,승용,남,39세,상해없음,보행자,여,81세,중상
2022030300100187,2022년 3월 3일 11시,목요일,대전광역시 유성구 구암동,경상사고,0,0,1,0,차대차 - 측면충돌,안전거리미확보,건조,맑음,단일로 - 기타,승용,남,65세,상해없음,승용,여,55세,경상
2022030300100212,2022년 3월 3일 12시,목요일,대전광역시 서구 흑석동,경상사고,0,0,1,0,차대차 - 측면충돌,중앙선침범,건조,맑음,단일로 - 기타,승용,남,77세,기타불명,승용,남,49세,경상
2022030300100213,2022년 3월 3일 12시,목요일,대전광역시 대덕구 상서동,경상사고,0,0,2,0,차대차 - 기타,안전거리미확보,건조,맑음,기타 - 기타,화물,남,50세,상해없음,승용,여,50세,경상
2022030300100214,2022년 3월 3일 12시,목요일,대전광역시 유성구 화암동,경상사고,0,0,1,0,차대차 - 기타,신호위반,건조,맑음,교차로 - 교차로횡단보도내,승용,남,48세,상해없음,자전거,남,18세,경상
2022030300100269,2022년 3월 3일 14시,목요일,대전광역시 동구 홍도동,경상사고,0,0,1,0,차대차 - 기타,안전운전불이행,건조,맑음,교차로 - 교차로부근,승용,남,26세,상해없음,이륜,남,19세,경상