사고번호,사고일시,요일,시군구,사고내용,사망자수,중상자수,경상자수,부상신고자수,사고유형,법규위반,노면상태,기상상태,도로형태,가해운전자 차종,가해운전자 성별,가해운전자 연령,가해운전자 상해정도,피해운전자 차종,피해운전자 성별,피해운전자 연령,피해운전자 상해정도
2022031000100348,2022년 3월 10일 18시,목요일,대전광역시 중구 대사동,경상사고,0,0,1,0,차대차 - 기타,안전운전불이행,건조,맑음,단일로 - 기타,승용,여,37세,상해없음,승용,남,54세,경상
2022031000100349,2022년 3월 10일 18시,목요일,대전광역시 동구 대동,중상사고,0,1,0,0,차대차 - 기타,신호위반,건조,맑음,교차로 - 교차로안,사륜오토바이(ATV),남,72세,중상,승용,남,55세,상해없음
2022031000100369,2022년 3월 10일 19시,목요일,대전광역시 서구 갈마동,사망사고,1,0,0,0,차량단독 - 기타,안전운전불이행,건조,맑음,교차로 - 교차로안,개인형이동수단(PM),남,61세,사망,,,,
2022031000100412,2022년 3월 10일 21시,목요일,대전광역시 서구 내동,중상사고,0,1,0,0,차대차 - 추돌,안전운전불이행,건조,맑음,단일로 - 기타,승용,여,60세,상해없음,이륜,남,57세,중상
2022031000100413,2022년 3월 10일 21시,목요일,대전광역시 서구 도마동,경상사고,0,0,1,0,차대차 - 추돌,안전운전불이행,건조,맑음,교차로 - 교차로부근,승용,남,40세,상해없음,승용,여,50세,경상
2022031000100414,2022년 3월 10일 21시,목요일,대전광역시 유성구 관평동,경상사고,0,0,1,0,차대차 - 추돌,안전운전불이행,건조,맑음,단일로 - 기타,승용,남,43세,상해없음,이륜,남,36세,경상
2022031100100108,2022년 3월 11일 09시,금요일,대전광역시 중구 산성동,경상사고,0,0,2,0,차대차 - 추돌,안전운전불이행,건조,맑음,단일로 - 기타,화물,남,69세,기타불명,승용,여,39세,경상
2022031100100109,2022년 3월 11일 09시,금요일,대전광역시 서구 내동,경상사고,0,0,1,0,차대차 - 측면충돌,안전운전불이행,건조,맑음,단일로 - 기타,승용,여,61세,상해없음,자전거,여,74세,경상
2022031100100110,2022년 3월 11일 09시,금요일,대전광역시 대덕구 신탄진동,경상사고,0,0,1,0,차대차 - 기타,안전운전불이행,건조,맑음,단일로 - 기타,승합,남,50세,기타불명,승용,남,43세,경상
2022031100100133,2022년 3월 11일 10시,금요일,대전광역시 중구 대흥동,경상사고,0,0,1,0,차대차 - 기타,중앙선침범,건조,맑음,단일로 - 기타,승용,남,49세,상해없음,승용,남,56세,경상
2022031100100165,2022년 3월 11일 11시,금요일,대전광역시 유성구 원내동,경상사고,0,0,1,0,차대사람 - 기타,안전운전불이행,건조,맑음,단일로 - 기타,승합,남,56세,기타불명,보행자,남,24세,경상
2022031100100192,2022년 3월 11일 12시,금요일,대전광역시 유성구 관평동,경상사고,0,0,1,0,차대차 - 추돌,안전운전불이행,건조,맑음,단일로 - 기타,승용,남,36세,상해없음,승용,남,59세,경상
2022031100100251,2022년 3월 11일 14시,금요일,대전광역시 동구 신하동,중상사고,0,1,1,0,차대차 - 기타,중앙선침범,건조,맑음,단일로 - 기타,화물,남,41세,상해없음,승용,남,80세,경상
2022031100100354,2022년 3월 11일 17시,금요일,대전광역시 서구 관저동,경상사고,0,0,1,0,차대차 - 기타,교차로운행방법위반,건조,맑음,교차로 - 교차로부근,승용,여,61세,기타불명,승용,남,31세,경상
2022031100100382,2022년 3월 11일 18시,금요일,대전광역시 대덕구 중리동,중상사고,0,1,0,0,차대사람 - 횡단중,안전운전불이행,건조,맑음,교차로 - 교차로안,승용,남,51세,상해없음,보행자,남,57세,중상
2022031100100383,2022년 3월 11일 18시,금요일,대전광역시 유성구 도룡동,경상사고,0,0,1,0,차대차 - 기타,안전운전불이행,건조,맑음,단일로 - 기타,승용,남,41세,상해없음,승용,여,51세,경상
2022031100100384,2022년 3월 11일 18시,금요일,대전광역시 유성구 상대동,경상사고,0,0,2,0,차대차 - 기타,안전운전불이행,건조,맑음,단일로 - 기타,승용,남,26세,상해없음,이륜,남,30세,경상
2022031100100413,2022년 3월 11일 19시,금요일,대전광역시 동구 홍도동,경상사고,0,0,1,0,차대차 - 후진중충돌,중앙선침범,건조,맑음,단일로 - 기타,승용,남,47세,상해없음,사륜오토바이(ATV),남,22세,경상
2022031100100437,2022년 3월 11일 20시,금요일,대전광역시 서구 용문동,경상사고,0,0,2,0,차대차 - 기타,신호위반,건조,맑음,교차로 - 교차로안,승용,남,27세,경상,승용,남,63세,경상
2022031100100438,2022년 3월 11일 20시,금요일,대전광역시 서구 갈마동,경상사고,0,0,1,0,차대차 - 후진중충돌,불법유턴,건조,맑음,단일로 - 기타,승용,여,56세,상해없음,승용,여,55세,경상
2022031100100468,2022년 3월 11일 21시,금요일,대전광역시 중구 대사동,경상사고,0,0,2,0,차대차 - 기타,안전운전불이행,건조,맑음,단일로 - 기타,승합,남,48세,상해없음,승용,남,63세,경상
2022031100100469,2022년 3월 11일 21시,금요일,대전광역시 서구 용문동,경상사고,0,0,6,0,차대차 - 추돌,안전운전불이행,젖음/습기,비,교차로 - 교차로부근,승용,남,52세,상해없음,승용,남,57세,경상
2022031100100492,2022년 3월 11일 22시,금요일,대전광역시 중구 산성동,중상사고,0,1,0,0,차량단독 - 기타,안전운전불이행,건조,맑음,단일로 - 기타,승합,남,52세,상해없음,,,,
2022031100100521,2022년 3월 11일 23시,금요일,대전광역시 유성구 구암동,경상사고,0,0,4,0,차대차 - 기타,안전운전불이행,건조,맑음,교차로 - 교차로부근,승용,남,49세,상해없음,승용,남,54세,경상
2022031100100522,2022년 3월 11일 23시,금요일,대전광역시 유성구 궁동,경상사고,0,0,1,0,차대차 - 기타,신호위반,건조,맑음,교차로 - 교차로안,승용,여,19세,상해없음,승용,여,25세,경상
2022031200100025,2022년 3월 12일 05시,토요일,대전광역시 서구 탄방동,중상사고,0,1,0,0,차대차 - 추돌,안전운전불이행,건조,맑음,교차로 - 교차로부근,화물,남,30세,상해없음,이륜,남,66세,중상
2022031200100090,2022년 3월 12일 10시,토요일,대전광역시 서구 둔산동,경상사고,0,0,1,0,차대차 - 추돌,안전운전불이행,건조,맑음,교차로 - 교차로부근,승용,남,41세,기타불명,승용,여,61세,경상
2022031200100118,2022년 3월 12일 11시,토요일,대전광역시 서구 도마동,경상사고,0,0,1,0,차대사람 - 기타,안전운전불이행,건조,맑음,단일로 - 기타,승용,남,79세,상해없음,보행자,남,60세,경상
2022031200100119,2022년 3월 12일 11시,토요일,대전광역시 유성구 장대동,경상사고,0,0,1,0,차대차 - 정면충돌,신호위반,건조,맑음,교차로 - 교차로안,승용,남,30세,상해없음,이륜,남,46세,경상
2022031200100144,2022년 3월 12일 12시,토요일,대전광역시 중구 태평동,경상사고,0,0,4,0,차대차 - 측면충돌,교차로운행방법위반,건조,맑음,교차로 - 교차로안,승용,여,69세,경상,승용,여,41세,경상
2022031200100182,2022년 3월 12일 13시,토요일,대전광역시 서구 갈마동,경상사고,0,0,1,0,차대사람 - 길가장자리구역통행중,안전운전불이행,건조,맑음,단일로 - 기타,승용,여,54세,상해없음,보행자,여,27세,경상
2022031200100215,2022년 3월 12일 14시,토요일,대전광역시 유성구 봉명동,경상사고,0,0,2,0,차대사람 - 보도통행중,보행자보호의무위반,건조,맑음,기타 - 기타,승용,남,21세,기타불명,보행자,남,69세,경상
2022031200100259,2022년 3월 12일 16시,토요일,대전광역시 서구 가장동,경상사고,0,0,1,0,차대사람 - 보도통행중,안전운전불이행,건조,맑음,단일로 - 기타,승용,남,58세,상해없음,보행자,여,66세,경상
2022031200100303,2022년 3월 12일 17시,토요일,대전광역시 서구 변동,경상사고,0,0,2,0,차대차 - 측면충돌,안전거리미확보,건조,맑음,교차로 - 교차로부근,승합,남,46세,상해없음,승용,남,41세,경상
2022031200100304,2022년 3월 12일 17시,토요일,대전광역시 유성구 구암동,경상사고,0,0,2,0,차대차 - 측면충돌,안전운전불이행,건조,맑음,교차로 - 교차로안,승용,여,48세,기타불명,승용,남,31세,경상
2022031200100403,2022년 3월 12일 20시,토요일,대전광역시 서구 도안동,경상사고,0,0,1,0,차대사람 - 횡단중,안전운전불이행,건조,맑음,교차로 - 교차로부근,승용,여,29세,기타불명,보행자,남,35세,경상
2022031200100404,2022년 3월 12일 20시,토요일,대전광역시 서구 월평동,경상사고,0,0,2,0,차대차 - 측면충돌,교차로운행방법위반,건조,맑음,교차로 - 교차로안,승용,남,59세,상해없음,승용,남,29세,경상
2022031200100455,2022년 3월 12일 22시,토요일,대전광역시 서구 월평동,경상사고,0,0,2,0,차대차 - 후진중충돌,안전운전불이행,건조,맑음,단일로 - 기타,승용,남,23세,기타불명,승용,남,19세,경상
2022031300100029,2022년 3월 13일 05시,일요일,대전광역시 서구 용문동,경상사고,0,0,1,0,차대차 - 기타,신호위반,젖음/습기,비,교차로 - 교차로안,승용,남,67세,상해없음,승용,남,66세,경상
2022031300100119,2022년 3월 13일 13시,일요일,대전광역시 유성구 장대동,경상사고,0,0,2,0,차대차 - 기타,안전거리미확보,젖음/습기,비,단일로 - 기타,화물,남,46세,기타불명,승용,여,30세,경상
2022031300100145,2022년 3월 13일 14시,일요일,대전광역시 동구 성남동,경상사고,0,0,1,0,차대차 - 측면충돌,안전운전불이행,젖음/습기,비,단일로 - 기타,승용,남,41세,상해없음,승용,여,33세,경상
2022031300100193,2022년 3월 13일 16시,일요일,대전광역시 유성구 반석동,중상사고,0,1,0,1,차대차 - 측면충돌,안전운전불이행,젖음/습기,흐림,단일로 - 기타,승용,남,51세,부상신고,이륜,남,49세,중상
2022031300100212,2022년 3월 13일 17시,일요일,대전광역시 대덕구 용호동,경상사고,0,0,1,0,차대차 - 측면충돌,안전운전불이행,건조,맑음,교차로 - 교차로안,승용,남,40세,상해없음,승용,남,28세,경상
2022031300100238,2022년 3월 13일 18시,일요일,대전광역시 동구 용운동,경상사고,0,0,2,0,차대사람 - 기타,신호위반,건조,맑음,교차로 - 교차로안,이륜,남,22세,경상,보행자,여,56세,경상
2022031300100264,2022년 3월 13일 19시,일요일,대전광역시 대덕구 오정동,경상사고,0,0,6,0,차대차 - 측면충돌,안전운전불이행,건조,맑음,교차로 - 교차로부근,이륜,남,38세,경상,승용,남,52세,경상
2022031300100265,2022년 3월 13일 19시,일요일,대전광역시 서구 갈마동,경상사고,0,0,1,0,차대차 - 기타,안전운전불이행,젖음/습기,흐림,단일로 - 기타,승용,남,40세,상해없음,이륜,남,17세,경상
2022031300100305,2022년 3월 13일 21시,일요일,대전광역시 동구 신흥동,경상사고,0,0,1,0,차대차 - 추돌,안전운전불이행,건조,맑음,교차로 - 교차로부근,승용,남,52세,상해없음,승용,남,33세,경상
2022031400100071,2022년 3월 14일 08시,월요일,대전광역시 대덕구 비래동,경상사고,0,0,1,0,차대차 - 측면충돌,안전운전불이행,건조,맑음,교차로 - 교차로안,승용,남,27세,상해없음,승용,여,32세,경상
2022031400100072,2022년 3월 14일 08시,월요일,대전광역시 대덕구 문평동,중상사고,0,1,0,0,차대차 - 기타,교차로운행방법위반,건조,맑음,단일로 - 교량,승용,여,26세,상해없음,승용,남,26세,중상
2022031400100073,2022년 3월 14일 08시,월요일,대전광역시 유성구 관평동,경상사고,0,0,1,0,차대차 - 기타,안전운전불이행,건조,맑음,교차로 - 교차로안,승용,남,65세,상해없음,승용,남,37세,경상
2022031400100074,2022년 3월 14일 08시,월요일,대전광역시 유성구 궁동,경상사고,0,0,1,0,차대사람 - 길가장자리구역통행중,안전운전불이행,건조,맑음,단일로 - 기타,승용,여,32세,기타불명,보행자,남,21세,경상
2022031400100101,2022년 3월 14일 09시,월요일,대전광역시 대덕구 비래동,경상사고,0,0,1,0,차대차 - 측면충돌,안전운전불이행,건조,맑음,교차로 - 교차로부근,승용,여,35세,상해없음,건설기계,남,44세,경상
2022031400100122,2022년 3월 14일 10시,월요일,대전광역시 서구 관저동,중상사고,0,1,0,0,차량단독 - 기타,안전운전불이행,건조,맑음,단일로 - 기타,승용,여,36세,상해없음,,,,
2022031400100265,2022년 3월 14일 15시,월요일,대전광역시 서구 탄방동,중상사고,0,1,0,0,차대사람 - 횡단중,보행자보호의무위반,젖음/습기,비,교차로 - 교차로횡단보도내,이륜,남,43세,상해없음,보행자,여,53세,중상
2022031400100307,2022년 3월 14일 17시,월요일,대전광역시 동구 용운동,경상사고,0,0,1,0,차대차 - 기타,교차로운행방법위반,젖음/습기,비,교차로 - 교차로안,승용,남,22세,상해없음,이륜,남,25세,경상
2022031400100343,2022년 3월 14일 18시,월요일,대전광역시 중구 옥계동,경상사고,0,0,1,0,차대차 - 기타,안전운전불이행,건조,맑음,교차로 - 교차로안,승용,남,27세,상해없음,이륜,남,46세,경상
2022031400100380,2022년 3월 14일 19시,월요일,대전광역시 동구 낭월동,경상사고,0,0,1,0,차대차 - 측면충돌,신호위반,건조,맑음,교차로 - 교차로안,승용,남,66세,상해없음,승합,남,57세,경상
2022031500100017,2022년 3월 15일 04시,화요일,대전광역시 대덕구 읍내동,경상사고,0,0,1,0,차대차 - 기타,안전운전불이행,건조,맑음,단일로 - 기타,승용,여,41세,상해없음,자전거,남,74세,경상
2022031500100029,2022년 3월 15일 06시,화요일,대전광역시 유성구 외삼동,사망사고,1,0,0,0,차대차 - 추돌,안전운전불이행,건조,맑음,단일로 - 기타,승합,남,48세,사망,화물,남,50세,기타불명
2022031500100034,2022년 3월 15일 06시,화요일,대전광역시 서구 가수원동,중상사고,0,2,1,0,차대차 - 측면충돌,안전운전불이행,건조,맑음,교차로 - 교차로안,승용,여,69세,중상,승용,남,44세,중상
2022031500100064,2022년 3월 15일 07시,화요일,대전광역시 유성구 하기동,경상사고,0,0,2,0,차대차 - 정면충돌,안전운전불이행,건조,맑음,단일로 - 기타,화물,남,70세,경상,승용,여,25세,경상
2022031500100115,2022년 3월 15일 09시,화요일,대전광역시 대덕구 신대동,중상사고,0,1,2,0,차대차 - 기타,안전운전불이행,건조,맑음,단일로 - 기타,승용,남,65세,중상,승용,남,35세,경상
2022031500100116,2022년 3월 15일 09시,화요일,대전광역시 유성구 봉명동,경상사고,0,0,1,0,차대차 - 추돌,안전운전불이행,건조,맑음,교차로 - 교차로부근,승용,남,27세,상해없음,승용,남,26세,경상
2022031500100143,2022년 3월 15일 10시,화요일,대전광역시 중구 대흥동,중상사고,0,1,0,0,차대차 - 측면충돌,중앙선침범,건조,맑음,단일로 - 기타,자전거,남,76세,중상,승용,남,77세,상해없음
2022031500100195,2022년 3월 15일 12시,화요일,대전광역시 대덕구 석봉동,경상사고,0,0,1,0,차대사람 - 차도통행중,안전운전불이행,건조,맑음,단일로 - 기타,승용,남,49세,상해없음,보행자,여,66세,경상
2022031500100218,2022년 3월 15일 13시,화요일,대전광역시 동구 삼정동,중상사고,0,1,0,0,차대사람 - 차도통행중,안전운전불이행,건조,맑음,단일로 - 기타,승용,여,50세,상해없음,보행자,남,80세,중상
2022031500100219,2022년 3월 15일 13시,화요일,대전광역시 동구 가양동,경상사고,0,0,1,0,차대사람 - 횡단중,신호위반,건조,맑음,교차로 - 교차로안,원동기,남,17세,기타불명,보행자,여,13세,경상
2022031500100297,2022년 3월 15일 16시,화요일,대전광역시 서구 내동,경상사고,0,0,1,0,차대차 - 측면충돌,안전운전불이행,건조,맑음,교차로 - 교차로부근,승용,여,27세,상해없음,건설기계,남,50세,경상
2022031500100329,2022년 3월 15일 17시,화요일,대전광역시 서구 갈마동,경상사고,0,0,4,0,차대차 - 측면충돌,안전운전불이행,건조,맑음,교차로 - 교차로안,승용,여,60세,경상,승용,남,47세,경상
2022031500100330,2022년 3월 15일 17시,화요일,대전광역시 유성구 원신흥동,중상사고,0,2,1,0,차대차 - 기타,교차로운행방법위반,건조,맑음,교차로 - 교차로안,승합,남,56세,상해없음,승용,남,33세,중상
2022031500100352,2022년 3월 15일 18시,화요일,대전광역시 중구 중촌동,경상사고,0,0,1,0,차대차 - 측면충돌,교차로운행방법위반,건조,맑음,교차로 - 교차로부근,승용,남,51세,기타불명,승용,남,64세,경상
2022031500100353,2022년 3월 15일 18시,화요일,대전광역시 서구 내동,중상사고,0,1,0,0,차대사람 - 기타,안전운전불이행,건조,맑음,교차로 - 교차로안,승용,여,60세,기타불명,보행자,남,87세,중상
2022031500100392,2022년 3월 15일 19시,화요일,대전광역시 대덕구 비래동,경상사고,0,0,1,0,차대사람 - 차도통행중,안전운전불이행,건조,맑음,단일로 - 기타,승용,남,44세,상해없음,보행자,남,84세,경상
2022031500100393,2022년 3월 15일 19시,화요일,대전광역시 서구 갈마동,경상사고,0,0,1,0,차대차 - 측면충돌,안전거리미확보,건조,맑음,단일로 - 기타,승용,남,44세,상해없음,승용,여,62세,경상
2022031500100394,2022년 3월 15일 19시,화요일,대전광역시 유성구 봉명동,경상사고,0,0,1,0,차대차 - 기타,안전운전불이행,건조,맑음,교차로 - 교차로횡단보도내,개인형이동수단(PM),남,35세,경상,승용,남,52세,상해없음
2022031500100450,2022년 3월 15일 22시,화요일,대전광역시 서구 괴정동,경상사고,0,0,1,0,차대차 - 측면충돌,안전운전불이행,건조,맑음,단일로 - 기타,승용,남,35세,상해없음,승용,남,26세,경상
2022031500100451,2022년 3월 15일 22시,화요일,대전광역시 대덕구 목상동,중상사고,0,1,0,0,차대차 - 측면충돌,신호위반,건조,맑음,교차로 - 교차로횡단보도내,자전거,남,51세,중상,화물,남,47세,상해없음
2022031600100004,2022년 3월 16일 00시,수요일,대전광역시 서구 둔산동,중상사고,0,1,4,0,차대차 - 측면충돌,안전운전불이행,건조,맑음,교차로 - 교차로안,승용,남,18세,경상,승용,남,23세,경상
2022031600100093,2022년 3월 16일 08시,수요일,대전광역시 중구 대흥동,경상사고,0,0,3,0,차대차 - 추돌,안전거리미확보,건조,맑음,단일로 - 기타,승용,남,18세,상해없음,승용,남,45세,경상
2022031600100094,2022년 3월 16일 08시,수요일,대전광역시 동구 용전동,경상사고,0,0,1,0,차대사람 - 횡단중,보행자보호의무위반,건조,맑음,교차로 - 교차로횡단보도내,승용,여,55세,상해없음,보행자,여,63세,경상
2022031600100115,2022년 3월 16일 09시,수요일,대전광역시 서구 도마동,경상사고,0,0,1,0,차대차 - 측면충돌,직진우회전진행방해,건조,맑음,교차로 - 교차로안,승용,남,31세,상해없음,승용,남,39세,경상
2022031600100116,2022년 3월 16일 09시,수요일,대전광역시 서구 월평동,경상사고,0,0,1,0,차대차 - 측면충돌,안전운전불이행,건조,맑음,교차로 - 교차로부근,승용,여,60세,상해없음,승용,여,38세,경상
2022031600100138,2022년 3월 16일 10시,수요일,대전광역시 유성구 방동,경상사고,0,0,1,0,차대차 - 기타,안전운전불이행,건조,맑음,교차로 - 교차로안,화물,남,36세,상해없음,승용,남,68세,경상
2022031600100168,2022년 3월 16일 11시,수요일,대전광역시 대덕구 석봉동,경상사고,0,0,1,0,차대차 - 측면충돌,신호위반,건조,맑음,교차로 - 교차로안,화물,남,63세,상해없음,이륜,남,21세,경상
2022031600100267,2022년 3월 16일 15시,수요일,대전광역시 서구 관저동,경상사고,0,0,1,0,차대차 - 기타,안전거리미확보,건조,맑음,교차로 - 교차로부근,승용,남,65세,상해없음,이륜,남,23세,경상
2022031600100268,2022년 3월 16일 15시,수요일,대전광역시 서구 갈마동,중상사고,0,1,0,0,차대차 - 기타,안전운전불이행,건조,맑음,교차로 - 교차로안,승용,남,66세,상해없음,이륜,남,33세,중상
2022031600100298,2022년 3월 16일 16시,수요일,대전광역시 동구 홍도동,경상사고,0,0,1,0,차대차 - 측면충돌,신호위반,건조,맑음,단일로 - 기타,승용,여,71세,상해없음,개인형이동수단(PM),여,21세,경상
2022031600100331,2022년 3월 16일 17시,수요일,대전광역시 서구 갈마동,경상사고,0,0,1,0,차대차 - 추돌,안전거리미확보,건조,맑음,교차로 - 교차로부근,이륜,남,20세,기타불명,이륜,남,18세,경상
2022031600100361,2022년 3월 16일 18시,수요일,대전광역시 중구 대흥동,중상사고,0,1,0,0,차대차 - 측면충돌,신호위반,건조,맑음,교차로 - 교차로안,승용,남,32세,상해없음,이륜,남,22세,중상
2022031600100408,2022년 3월 16일 20시,수요일,대전광역시 서구 관저동,경상사고,0,0,1,0,차대사람 - 기타,기타,건조,맑음,단일로 - 기타,개인형이동수단(PM),여,15세,상해없음,보행자,남,79세,경상
2022031600100409,2022년 3월 16일 20시,수요일,대전광역시 유성구 봉명동,경상사고,0,0,1,0,차대차 - 측면충돌,안전운전불이행,건조,흐림,단일로 - 기타,화물,남,56세,상해없음,화물,남,40세,경상
2022031600100447,2022년 3월 16일 22시,수요일,대전광역시 동구 용운동,중상사고,0,1,0,0,차대차 - 정면충돌,교차로운행방법위반,건조,맑음,교차로 - 교차로안,승용,남,58세,상해없음,이륜,남,48세,중상
2022031600100466,2022년 3월 16일 23시,수요일,대전광역시 중구 유천동,경상사고,0,0,1,0,차대차 - 기타,안전운전불이행,건조,맑음,교차로 - 교차로안,승용,남,62세,상해없음,승용,남,50세,경상
2022031700100017,2022년 3월 17일 02시,목요일,대전광역시 서구 월평동,사망사고,1,0,0,0,차량단독 - 기타,안전운전불이행,건조,맑음,교차로 - 교차로부근,이륜,여,28세,사망,,,,
2022031700100102,2022년 3월 17일 09시,목요일,대전광역시 서구 변동,경상사고,0,0,1,0,차대차 - 기타,안전운전불이행,젖음/습기,비,교차로 - 교차로안,승용,남,43세,상해없음,승용,남,49세,경상
2022031700100103,2022년 3월 17일 09시,목요일,대전광역시 서구 둔산동,경상사고,0,0,1,0,차대차 - 측면충돌,안전운전불이행,젖음/습기,비,교차로 - 교차로안,승용,여,43세,상해없음,승용,남,64세,경상
2022031700100122,2022년 3월 17일 10시,목요일,대전광역시 동구 성남동,경상사고,0,0,1,0,차대사람 - 기타,안전운전불이행,건조,맑음,단일로 - 기타,승용,여,47세,상해없음,보행자,여,81세,경상
2022031700100123,2022년 3월 17일 10시,목요일,대전광역시 서구 갈마동,경상사고,0,0,1,0,차대차 - 기타,신호위반,젖음/습기,맑음,단일로 - 지하차도(도로)내,승용,남,63세,상해없음,승용,남,29세,경상
2022031700100124,2022년 3월 17일 10시,목요일,대전광역시 유성구 원내동,경상사고,0,0,2,0,차대차 - 측면충돌,신호위반,젖음/습기,비,교차로 - 교차로안,화물,남,58세,경상,승용,여,48세,경상
2022031700100159,2022년 3월 17일 12시,목요일,대전광역시 대덕구 오정동,경상사고,0,0,1,0,차대차 - 측면충돌,안전운전불이행,젖음/습기,비,단일로 - 기타,승용,남,17세,상해없음,승용,여,40세,경상
2022031700100175,2022년 3월 17일 13시,목요일,대전광역시 서구 둔산동,경상사고,0,0,1,0,차대차 - 정면충돌,안전운전불이행,젖음/습기,비,교차로 - 교차로부근,승용,여,53세,상해없음,승용,남,37세,경상
2022031700100176,2022년 3월 17일 13시,목요일,대전광역시 서구 둔산동,경상사고,0,0,1,0,차대차 - 기타,안전운전불이행,젖음/습기,비,단일로 - 기타,승용,남,61세,상해없음,승용,남,67세,상해없음
2022031700100196,2022년 3월 17일 14시,목요일,대전광역시 유성구 상대동,경상사고,0,0,1,0,차대사람 - 보도통행중,기타,건조,맑음,단일로 - 기타,이륜,남,65세,상해없음,보행자,남,23세,경상
2022031700100228,2022년 3월 17일 15시,목요일,대전광역시 서구 관저동,경상사고,0,0,1,0,차대차 - 측면충돌,교차로운행방법위반,건조,맑음,단일로 - 기타,승용,여,45세,상해없음,승용,여,40세,경상
2022031700100318,2022년 3월 17일 18시,목요일,대전광역시 중구 문화동,경상사고,0,0,1,0,차대차 - 정면충돌,안전운전불이행,젖음/습기,비,교차로 - 교차로안,승용,여,43세,상해없음,승용,여,59세,경상
2022031700100319,2022년 3월 17일 18시,목요일,대전광역시 서구 탄방동,경상사고,0,0,1,0,차대차 - 측면충돌,안전거리미확보,건조,맑음,단일로 - 기타,승용,여,27세,상해없음,승용,남,51세,경상
2022031700100359,2022년 3월 17일 19시,목요일,대전광역시 중구 선화동,경상사고,0,0,1,0,차대사람 - 횡단중,신호위반,젖음/습기,비,단일로 - 기타,원동기,남,53세,상해없음,보행자,여,65세,경상
2022031700100360,2022년 3월 17일 19시,목요일,대전광역시 중구 태평동,부상신고사고,0,0,0,3,차대차 - 측면충돌,안전운전불이행,젖음/습기,비,교차로 - 교차로안,승용,여,30세,상해없음,승용,여,28세,부상신고
2022031700100361,2022년 3월 17일 19시,목요일,대전광역시 동구 중동,중상사고,0,1,0,0,차대사람 - 횡단중,보행자보호의무위반,젖음/습기,비,단일로 - 기타,이륜,남,63세,상해없음,보행자,남,64세,중상
2022031700100362,2022년 3월 17일 19시,목요일,대전광역시 유성구 봉명동,중상사고,0,1,0,0,차대사람 - 기타,안전운전불이행,젖음/습기,비,기타 - 기타,승용,남,65세,상해없음,보행자,여,47세,중상
2022031700100363,2022년 3월 17일 19시,목요일,대전광역시 유성구 원신흥동,경상사고,0,0,3,0,차대차 - 기타,안전거리미확보,젖음/습기,비,교차로 - 교차로부근,승용,여,40세,상해없음,승용,남,26세,경상
2022031700100398,2022년 3월 17일 20시,목요일,대전광역시 동구 용전동,경상사고,0,0,1,0,차대차 - 기타,안전운전불이행,젖음/습기,비,기타 - 기타,승용,여,26세,상해없음,승용,남,39세,경상
2022031700100433,2022년 3월 17일 21시,목요일,대전광역시 중구 태평동,경상사고,0,0,2,0,차대차 - 추돌,안전운전불이행,젖음/습기,비,교차로 - 교차로부근,승용,남,48세,상해없음,승용,여,50세,경상
2022031700100460,2022년 3월 17일 22시,목요일,대전광역시 유성구 장대동,경상사고,0,0,1,0,차대차 - 기타,교차로운행방법위반,젖음/습기,비,교차로 - 교차로안,승용,남,51세,상해없음,승용,남,34세,경상
2022031700100482,2022년 3월 17일 23시,목요일,대전광역시 서구 월평동,경상사고,0,0,2,0,차대차 - 추돌,안전운전불이행,젖음/습기,비,교차로 - 교차로부근,승용,남,51세,상해없음,승용,남,49세,경상
2022031700100483,2022년 3월 17일 23시,목요일,대전광역시 유성구 봉명동,중상사고,0,1,1,0,차대사람 - 기타,안전운전불이행,젖음/습기,비,교차로 - 교차로부근,승용,남,36세,상해없음,보행자,남,28세,중상
2022031800100009,2022년 3월 18일 00시,금요일,대전광역시 유성구 봉명동,경상사고,0,0,1,0,차대차 - 기타,안전운전불이행,건조,맑음,교차로 - 교차로부근,승용,여,37세,기타불명,승용,남,23세,경상
2022031800100098,2022년 3월 18일 10시,금요일,대전광역시 중구 대사동,경상사고,0,0,1,0,차대차 - 측면충돌,안전거리미확보,건조,맑음,단일로 - 기타,화물,남,29세,상해없음,승용,남,45세,경상
2022031800100099,2022년 3월 18일 10시,금요일,대전광역시 서구 내동,중상사고,0,1,0,0,차대차 - 기타,안전운전불이행,건조,맑음,교차로 - 교차로부근,승용,여,55세,상해없음,승합,남,54세,중상
2022031800100114,2022년 3월 18일 11시,금요일,대전광역시 동구 용운동,경상사고,0,0,1,0,차대차 - 측면충돌,안전거리미확보,건조,맑음,교차로 - 교차로부근,승용,여,60세,상해없음,승용,남,34세,경상
2022031800100161,2022년 3월 18일 13시,금요일,대전광역시 동구 용전동,경상사고,0,0,3,0,차대차 - 측면충돌,차로위반,건조,맑음,교차로 - 교차로부근,승용,남,56세,상해없음,승용,여,25세,경상
2022031800100180,2022년 3월 18일 14시,금요일,대전광역시 유성구 갑동,경상사고,0,0,3,0,차대차 - 기타,안전거리미확보,건조,맑음,단일로 - 기타,승용,남,71세,상해없음,승용,남,71세,경상
2022031800100196,2022년 3월 18일 15시,금요일,대전광역시 서구 괴정동,중상사고,0,1,0,0,차대차 - 측면충돌,중앙선침범,건조,맑음,단일로 - 기타,승용,여,41세,상해없음,이륜,남,20세,중상
2022031800100197,2022년 3월 18일 15시,금요일,대전광역시 대덕구 비래동,중상사고,0,1,0,0,차대사람 - 횡단중,보행자보호의무위반,건조,맑음,교차로 - 교차로횡단보도내,승용,여,46세,상해없음,보행자,여,53세,중상