사고번호,사고일시,요일,시군구,사고내용,사망자수,중상자수,경상자수,부상신고자수,사고유형,법규위반,노면상태,기상상태,도로형태,가해운전자 차종,가해운전자 성별,가해운전자 연령,가해운전자 상해정도,피해운전자 차종,피해운전자 성별,피해운전자 연령,피해운전자 상해정도
2022031800100198,2022년 3월 18일 15시,금요일,대전광역시 서구 둔산동,경상사고,0,0,1,0,차대차 - 후진중충돌,안전운전불이행,건조,맑음,단일로 - 기타,승용,남,27세,상해없음,승용,남,49세,경상
2022031800100253,2022년 3월 18일 17시,금요일,대전광역시 중구 문창동,경상사고,0,0,1,0,차대차 - 기타,안전운전불이행,젖음/습기,비,단일로 - 기타,승용,남,50세,기타불명,승용,남,52세,경상
2022031800100254,2022년 3월 18일 17시,금요일,대전광역시 동구 자양동,경상사고,0,0,1,0,차대차 - 측면충돌,안전운전불이행,젖음/습기,비,교차로 - 교차로안,승용,남,52세,상해없음,이륜,남,26세,경상
2022031800100255,2022년 3월 18일 17시,금요일,대전광역시 유성구 신성동,경상사고,0,0,1,0,차대차 - 측면충돌,안전운전불이행,젖음/습기,비,단일로 - 기타,승용,남,26세,상해없음,승용,남,35세,경상
2022031800100282,2022년 3월 18일 18시,금요일,대전광역시 대덕구 상서동,경상사고,0,0,1,0,차대차 - 기타,불법유턴,건조,맑음,교차로 - 교차로부근,승용,남,47세,상해없음,이륜,남,47세,경상
2022031800100283,2022년 3월 18일 18시,금요일,대전광역시 서구 둔산동,경상사고,0,0,1,0,차대차 - 기타,안전운전불이행,젖음/습기,비,교차로 - 교차로안,승용,여,52세,기타불명,승용,여,47세,경상
2022031800100324,2022년 3월 18일 19시,금요일,대전광역시 중구 은행동,경상사고,0,0,1,0,차대차 - 측면충돌,안전운전불이행,건조,맑음,교차로 - 교차로안,승용,남,22세,기타불명,원동기,남,35세,경상
2022031800100325,2022년 3월 18일 19시,금요일,대전광역시 유성구 반석동,경상사고,0,0,1,0,차대차 - 측면충돌,안전거리미확보,젖음/습기,비,단일로 - 기타,승용,남,57세,상해없음,승용,여,30세,경상
2022031800100352,2022년 3월 18일 20시,금요일,대전광역시 서구 용문동,경상사고,0,0,1,1,차대차 - 측면충돌,신호위반,건조,맑음,교차로 - 교차로안,승용,남,56세,상해없음,승용,여,57세,경상
2022031800100353,2022년 3월 18일 20시,금요일,대전광역시 유성구 덕명동,중상사고,0,1,0,0,차대차 - 측면충돌,안전운전불이행,젖음/습기,비,교차로 - 교차로횡단보도내,이륜,남,55세,중상,승용,여,26세,상해없음
2022031800100354,2022년 3월 18일 20시,금요일,대전광역시 유성구 봉명동,경상사고,0,0,1,0,차대차 - 측면충돌,신호위반,젖음/습기,비,교차로 - 교차로안,승용,남,58세,상해없음,승용,여,55세,경상
2022031800100370,2022년 3월 18일 21시,금요일,대전광역시 유성구 상대동,경상사고,0,0,1,1,차량단독 - 공작물충돌,교차로운행방법위반,건조,맑음,교차로 - 교차로안,승합,남,47세,상해없음,,,,
2022031800100394,2022년 3월 18일 22시,금요일,대전광역시 유성구 장대동,중상사고,0,1,0,0,차대차 - 기타,안전운전불이행,건조,맑음,단일로 - 기타,승용,남,27세,상해없음,이륜,남,55세,중상
2022031800100430,2022년 3월 18일 23시,금요일,대전광역시 중구 대흥동,경상사고,0,0,1,0,차대사람 - 기타,안전운전불이행,건조,맑음,단일로 - 기타,이륜,남,35세,상해없음,보행자,남,23세,경상
2022031800100431,2022년 3월 18일 23시,금요일,대전광역시 서구 둔산동,경상사고,0,0,1,0,차대사람 - 길가장자리구역통행중,안전운전불이행,건조,맑음,단일로 - 기타,승용,남,38세,상해없음,보행자,남,23세,경상
2022031800100432,2022년 3월 18일 23시,금요일,대전광역시 서구 둔산동,경상사고,0,0,1,0,차대사람 - 차도통행중,안전운전불이행,젖음/습기,맑음,단일로 - 기타,승용,남,31세,상해없음,보행자,남,31세,경상
2022031800100433,2022년 3월 18일 23시,금요일,대전광역시 서구 갈마동,경상사고,0,0,1,0,차대차 - 기타,안전거리미확보,건조,맑음,단일로 - 기타,승용,남,27세,상해없음,승용,남,23세,경상
2022031800100434,2022년 3월 18일 23시,금요일,대전광역시 서구 갈마동,중상사고,0,1,3,0,차대차 - 측면충돌,교차로운행방법위반,건조,맑음,교차로 - 교차로안,승용,남,58세,상해없음,승용,여,62세,경상
2022031800100435,2022년 3월 18일 23시,금요일,대전광역시 서구 탄방동,경상사고,0,0,1,0,차대차 - 기타,안전운전불이행,건조,맑음,단일로 - 기타,승용,남,48세,상해없음,승용,남,49세,경상
2022031900100073,2022년 3월 19일 09시,토요일,대전광역시 동구 홍도동,경상사고,0,0,1,0,차대차 - 기타,신호위반,젖음/습기,비,교차로 - 교차로안,승용,남,51세,상해없음,승용,남,44세,경상
2022031900100074,2022년 3월 19일 09시,토요일,대전광역시 서구 둔산동,경상사고,0,0,2,0,차대차 - 후진중충돌,안전운전불이행,젖음/습기,맑음,단일로 - 기타,승용,여,52세,상해없음,승용,여,48세,경상
2022031900100157,2022년 3월 19일 12시,토요일,대전광역시 중구 문화동,경상사고,0,0,2,0,차대차 - 기타,안전거리미확보,젖음/습기,비,단일로 - 기타,승용,남,44세,상해없음,승용,남,28세,경상
2022031900100158,2022년 3월 19일 12시,토요일,대전광역시 동구 가양동,경상사고,0,0,1,0,차대차 - 측면충돌,안전운전불이행,젖음/습기,비,교차로 - 교차로안,이륜,남,21세,경상,승용,남,64세,상해없음
2022031900100217,2022년 3월 19일 14시,토요일,대전광역시 유성구 원신흥동,경상사고,0,0,1,0,차대차 - 기타,신호위반,건조,맑음,교차로 - 교차로안,승용,여,26세,상해없음,승용,남,57세,경상
2022031900100319,2022년 3월 19일 18시,토요일,대전광역시 동구 용전동,경상사고,0,0,1,0,차대차 - 기타,안전운전불이행,건조,맑음,교차로 - 교차로안,이륜,남,24세,경상,승용,남,25세,상해없음
2022031900100320,2022년 3월 19일 18시,토요일,대전광역시 대덕구 중리동,경상사고,0,0,2,0,차대차 - 기타,교차로운행방법위반,젖음/습기,흐림,교차로 - 교차로안,승용,남,51세,상해없음,이륜,남,41세,경상
2022031900100336,2022년 3월 19일 19시,토요일,대전광역시 동구 성남동,중상사고,0,1,2,0,차대차 - 기타,안전운전불이행,건조,맑음,교차로 - 교차로안,승용,남,60세,경상,승용,남,56세,상해없음
2022031900100337,2022년 3월 19일 19시,토요일,대전광역시 대덕구 비래동,경상사고,0,0,1,0,차대사람 - 보도통행중,안전운전불이행,건조,맑음,주차장 - 주차장,승용,남,50세,상해없음,보행자,남,49세,경상
2022031900100338,2022년 3월 19일 19시,토요일,대전광역시 서구 둔산동,경상사고,0,0,1,0,차대차 - 측면충돌,안전운전불이행,건조,맑음,단일로 - 기타,승용,남,22세,상해없음,승용,여,74세,경상
2022031900100339,2022년 3월 19일 19시,토요일,대전광역시 유성구 원신흥동,경상사고,0,0,1,0,차대차 - 측면충돌,신호위반,젖음/습기,흐림,교차로 - 교차로안,사륜오토바이(ATV),남,29세,상해없음,이륜,남,22세,경상
2022031900100369,2022년 3월 19일 20시,토요일,대전광역시 서구 둔산동,경상사고,0,0,1,0,차대사람 - 길가장자리구역통행중,안전운전불이행,건조,맑음,단일로 - 기타,승용,남,19세,기타불명,보행자,여,26세,경상
2022031900100409,2022년 3월 19일 22시,토요일,대전광역시 서구 둔산동,경상사고,0,0,1,0,차대사람 - 차도통행중,안전운전불이행,건조,맑음,단일로 - 기타,승용,남,51세,상해없음,보행자,남,64세,경상
2022031900100410,2022년 3월 19일 22시,토요일,대전광역시 유성구 봉명동,경상사고,0,0,2,0,차대차 - 추돌,안전운전불이행,건조,맑음,교차로 - 교차로부근,이륜,남,28세,기타불명,승용,남,23세,경상
2022032000100017,2022년 3월 20일 01시,일요일,대전광역시 동구 용운동,중상사고,0,1,0,0,차대사람 - 횡단중,안전운전불이행,건조,맑음,단일로 - 기타,이륜,남,21세,상해없음,보행자,남,24세,중상
2022032000100053,2022년 3월 20일 10시,일요일,대전광역시 서구 도안동,경상사고,0,0,2,0,차대차 - 측면충돌,신호위반,건조,맑음,교차로 - 교차로부근,승용,남,61세,상해없음,승합,남,57세,경상
2022032000100054,2022년 3월 20일 10시,일요일,대전광역시 유성구 탑립동,경상사고,0,0,1,0,차대차 - 기타,신호위반,건조,맑음,교차로 - 교차로부근,승용,남,72세,기타불명,화물,남,23세,경상
2022032000100129,2022년 3월 20일 14시,일요일,대전광역시 중구 문창동,경상사고,0,0,2,0,차대차 - 정면충돌,안전운전불이행,건조,맑음,단일로 - 기타,이륜,남,69세,경상,화물,남,60세,경상
2022032000100130,2022년 3월 20일 14시,일요일,대전광역시 대덕구 법동,경상사고,0,0,1,0,차대사람 - 횡단중,보행자보호의무위반,건조,맑음,교차로 - 교차로횡단보도내,화물,남,61세,상해없음,보행자,남,57세,경상
2022032000100158,2022년 3월 20일 15시,일요일,대전광역시 동구 세천동,경상사고,0,0,2,0,차대차 - 측면충돌,안전운전불이행,건조,맑음,기타 - 기타,화물,남,52세,상해없음,승용,남,49세,경상
2022032000100202,2022년 3월 20일 17시,일요일,대전광역시 동구 가양동,경상사고,0,0,1,0,차대사람 - 횡단중,안전운전불이행,건조,맑음,기타 - 기타,승용,여,49세,상해없음,보행자,남,14세,경상
2022032100100007,2022년 3월 21일 00시,월요일,대전광역시 대덕구 오정동,경상사고,0,0,1,0,차대차 - 측면충돌,안전거리미확보,건조,맑음,단일로 - 기타,승용,남,63세,상해없음,승용,남,48세,상해없음
2022032100100035,2022년 3월 21일 06시,월요일,대전광역시 서구 둔산동,경상사고,0,0,1,0,차대차 - 정면충돌,신호위반,건조,맑음,교차로 - 교차로안,승용,남,73세,상해없음,승용,남,57세,경상
2022032100100078,2022년 3월 21일 08시,월요일,대전광역시 대덕구 오정동,경상사고,0,0,1,0,차대차 - 기타,안전거리미확보,건조,맑음,단일로 - 기타,승용,남,59세,상해없음,화물,남,43세,경상
2022032100100079,2022년 3월 21일 08시,월요일,대전광역시 서구 갈마동,경상사고,0,0,2,0,차대차 - 측면충돌,안전운전불이행,건조,맑음,단일로 - 기타,승용,남,46세,상해없음,승용,남,36세,경상
2022032100100101,2022년 3월 21일 09시,월요일,대전광역시 유성구 봉명동,경상사고,0,0,2,0,차대차 - 측면충돌,안전운전불이행,건조,맑음,교차로 - 교차로안,화물,남,81세,상해없음,승용,남,23세,경상
2022032100100102,2022년 3월 21일 09시,월요일,대전광역시 유성구 원신흥동,중상사고,0,1,1,0,차대차 - 추돌,안전운전불이행,건조,맑음,단일로 - 기타,승용,여,61세,중상,승용,여,39세,경상
2022032100100128,2022년 3월 21일 10시,월요일,대전광역시 중구 대흥동,경상사고,0,0,2,0,차대차 - 측면충돌,안전거리미확보,건조,맑음,단일로 - 기타,승용,남,73세,상해없음,승용,남,66세,경상
2022032100100129,2022년 3월 21일 10시,월요일,대전광역시 대덕구 읍내동,경상사고,0,0,1,0,차대차 - 측면충돌,안전운전불이행,건조,맑음,교차로 - 교차로부근,특수,남,69세,기타불명,승용,남,51세,경상
2022032100100130,2022년 3월 21일 10시,월요일,대전광역시 서구 둔산동,경상사고,0,0,1,0,차대차 - 기타,교차로운행방법위반,건조,맑음,교차로 - 교차로안,승용,남,73세,상해없음,승용,남,57세,경상
2022032100100198,2022년 3월 21일 13시,월요일,대전광역시 대덕구 읍내동,부상신고사고,0,0,0,1,차량단독 - 전도전복 - 전도,안전운전불이행,건조,맑음,기타 - 기타,이륜,남,27세,부상신고,,,,
2022032100100232,2022년 3월 21일 14시,월요일,대전광역시 서구 둔산동,경상사고,0,0,1,0,차대차 - 기타,안전운전불이행,건조,맑음,단일로 - 기타,승용,여,57세,상해없음,승용,남,73세,경상
2022032100100255,2022년 3월 21일 15시,월요일,대전광역시 서구 갈마동,중상사고,0,1,0,0,차대사람 - 횡단중,안전운전불이행,건조,맑음,교차로 - 교차로횡단보도내,화물,남,52세,기타불명,보행자,여,67세,중상
2022032100100256,2022년 3월 21일 15시,월요일,대전광역시 유성구 지족동,경상사고,0,0,1,0,차대차 - 기타,안전운전불이행,건조,맑음,단일로 - 기타,승용,여,42세,상해없음,승용,남,39세,경상
2022032100100343,2022년 3월 21일 18시,월요일,대전광역시 유성구 덕명동,경상사고,0,0,1,0,차대차 - 기타,안전운전불이행,건조,맑음,교차로 - 교차로부근,승용,여,28세,상해없음,승용,남,69세,경상
2022032100100364,2022년 3월 21일 19시,월요일,대전광역시 동구 용전동,경상사고,0,0,1,0,차대차 - 측면충돌,교차로운행방법위반,건조,맑음,교차로 - 교차로부근,승용,여,47세,상해없음,승용,남,33세,경상
2022032100100383,2022년 3월 21일 20시,월요일,대전광역시 대덕구 오정동,경상사고,0,0,1,0,차대사람 - 횡단중,보행자보호의무위반,건조,맑음,교차로 - 교차로횡단보도내,승용,남,37세,상해없음,보행자,여,28세,경상
2022032100100398,2022년 3월 21일 21시,월요일,대전광역시 동구 용전동,경상사고,0,0,3,0,차대차 - 기타,안전거리미확보,건조,맑음,교차로 - 교차로부근,승용,남,29세,상해없음,승용,남,30세,경상
2022032100100436,2022년 3월 21일 23시,월요일,대전광역시 유성구 장대동,경상사고,0,0,1,0,차대차 - 기타,교차로운행방법위반,건조,맑음,교차로 - 교차로안,승용,남,66세,상해없음,승용,여,57세,경상
2022032200100007,2022년 3월 22일 02시,화요일,대전광역시 대덕구 중리동,중상사고,0,1,0,0,차대사람 - 기타,안전운전불이행,건조,흐림,단일로 - 기타,화물,남,21세,상해없음,보행자,여,23세,중상
2022032200100074,2022년 3월 22일 09시,화요일,대전광역시 서구 관저동,경상사고,0,0,1,0,차대차 - 추돌,안전운전불이행,건조,맑음,단일로 - 기타,승용,남,54세,상해없음,승용,남,31세,경상
2022032200100075,2022년 3월 22일 09시,화요일,대전광역시 유성구 구암동,경상사고,0,0,1,0,차대사람 - 보도통행중,안전운전불이행,건조,맑음,교차로 - 교차로부근,화물,남,48세,상해없음,보행자,남,60세,경상
2022032200100126,2022년 3월 22일 11시,화요일,대전광역시 대덕구 목상동,경상사고,0,0,1,0,차대차 - 추돌,안전거리미확보,건조,맑음,단일로 - 기타,승용,여,43세,상해없음,이륜,남,51세,경상
2022032200100275,2022년 3월 22일 16시,화요일,대전광역시 서구 둔산동,경상사고,0,0,1,0,차대차 - 측면충돌,안전거리미확보,건조,맑음,단일로 - 기타,승용,여,45세,상해없음,승용,여,29세,경상
2022032200100344,2022년 3월 22일 18시,화요일,대전광역시 동구 가양동,경상사고,0,0,1,0,차대차 - 측면충돌,중앙선침범,건조,맑음,교차로 - 교차로부근,승용,남,71세,상해없음,이륜,남,29세,경상
2022032200100345,2022년 3월 22일 18시,화요일,대전광역시 대덕구 석봉동,중상사고,0,2,0,0,차대차 - 측면충돌,불법유턴,건조,맑음,단일로 - 기타,이륜,남,61세,중상,이륜,남,22세,중상
2022032200100346,2022년 3월 22일 18시,화요일,대전광역시 서구 둔산동,중상사고,0,1,0,0,차대사람 - 기타,보행자보호의무위반,건조,맑음,교차로 - 교차로횡단보도내,승용,여,55세,상해없음,보행자,여,14세,중상
2022032200100347,2022년 3월 22일 18시,화요일,대전광역시 유성구 원내동,경상사고,0,0,2,0,차대차 - 측면충돌,안전운전불이행,건조,흐림,교차로 - 교차로안,승용,여,23세,경상,승합,남,56세,경상
2022032200100373,2022년 3월 22일 19시,화요일,대전광역시 서구 월평동,경상사고,0,0,1,1,차대차 - 기타,안전운전불이행,건조,맑음,교차로 - 교차로부근,자전거,남,32세,부상신고,승용,여,36세,경상
2022032200100398,2022년 3월 22일 20시,화요일,대전광역시 동구 자양동,경상사고,0,0,2,0,차대사람 - 횡단중,보행자보호의무위반,건조,맑음,교차로 - 교차로횡단보도내,승용,남,25세,상해없음,보행자,여,49세,경상
2022032200100399,2022년 3월 22일 20시,화요일,대전광역시 서구 탄방동,경상사고,0,0,1,0,차대차 - 기타,안전거리미확보,건조,맑음,단일로 - 기타,승용,남,68세,상해없음,이륜,남,34세,경상
2022032200100400,2022년 3월 22일 20시,화요일,대전광역시 유성구 장대동,경상사고,0,0,1,0,차대차 - 측면충돌,안전운전불이행,건조,맑음,교차로 - 교차로부근,승용,남,20세,상해없음,승용,남,30세,경상
2022032200100450,2022년 3월 22일 23시,화요일,대전광역시 유성구 계산동,경상사고,0,0,4,0,차대차 - 측면충돌,안전운전불이행,건조,맑음,교차로 - 교차로안,승용,남,39세,경상,승용,남,24세,경상
2022032300100008,2022년 3월 23일 00시,수요일,대전광역시 중구 대흥동,중상사고,0,1,0,0,차대차 - 추돌,안전운전불이행,건조,맑음,단일로 - 기타,이륜,남,23세,상해없음,기타불명,여,79세,중상
2022032300100009,2022년 3월 23일 00시,수요일,대전광역시 서구 월평동,중상사고,0,1,0,0,차대차 - 기타,신호위반,건조,맑음,교차로 - 교차로안,승용,남,34세,상해없음,승용,남,51세,중상
2022032300100014,2022년 3월 23일 01시,수요일,대전광역시 서구 월평동,경상사고,0,0,2,0,차대차 - 기타,신호위반,건조,맑음,교차로 - 교차로안,승용,남,32세,상해없음,승용,남,23세,경상
2022032300100055,2022년 3월 23일 07시,수요일,대전광역시 서구 둔산동,경상사고,0,0,2,0,차대차 - 기타,안전운전불이행,건조,맑음,단일로 - 기타,화물,남,38세,상해없음,승용,남,26세,경상
2022032300100120,2022년 3월 23일 10시,수요일,대전광역시 중구 문화동,중상사고,0,1,0,0,차대사람 - 횡단중,보행자보호의무위반,건조,맑음,교차로 - 교차로횡단보도내,승용,여,74세,상해없음,보행자,남,87세,중상
2022032300100121,2022년 3월 23일 10시,수요일,대전광역시 서구 변동,경상사고,0,0,1,0,차대사람 - 횡단중,신호위반,건조,맑음,교차로 - 교차로안,승용,남,64세,상해없음,보행자,남,73세,경상
2022032300100174,2022년 3월 23일 12시,수요일,대전광역시 서구 월평동,경상사고,0,0,2,0,차대차 - 후진중충돌,안전운전불이행,건조,맑음,교차로 - 교차로안,승용,남,23세,기타불명,승용,여,29세,경상
2022032300100194,2022년 3월 23일 13시,수요일,대전광역시 동구 중동,중상사고,0,2,0,0,차대차 - 측면충돌,교차로운행방법위반,건조,맑음,교차로 - 교차로안,원동기,남,79세,중상,화물,남,56세,중상
2022032300100217,2022년 3월 23일 14시,수요일,대전광역시 동구 용전동,경상사고,0,0,1,0,차대사람 - 기타,안전운전불이행,건조,맑음,단일로 - 기타,승용,여,48세,상해없음,보행자,남,77세,경상
2022032300100239,2022년 3월 23일 15시,수요일,대전광역시 동구 자양동,경상사고,0,0,1,0,차대사람 - 기타,안전운전불이행,건조,맑음,교차로 - 교차로안,이륜,남,29세,경상,보행자,여,22세,상해없음
2022032300100264,2022년 3월 23일 16시,수요일,대전광역시 유성구 화암동,경상사고,0,0,1,0,차대차 - 추돌,안전거리미확보,건조,맑음,교차로 - 교차로부근,화물,남,74세,상해없음,승용,남,60세,경상
2022032300100303,2022년 3월 23일 17시,수요일,대전광역시 서구 갈마동,중상사고,0,3,0,0,차대차 - 기타,안전운전불이행,건조,맑음,기타 - 기타,승용,남,28세,상해없음,승용,남,46세,중상
2022032300100336,2022년 3월 23일 18시,수요일,대전광역시 중구 중촌동,중상사고,0,1,0,0,차대차 - 기타,안전운전불이행,건조,맑음,단일로 - 기타,승용,남,41세,상해없음,자전거,여,62세,중상
2022032300100365,2022년 3월 23일 19시,수요일,대전광역시 동구 가오동,경상사고,0,0,1,0,차대차 - 추돌,안전운전불이행,건조,흐림,단일로 - 기타,승용,여,44세,상해없음,원동기,남,40세,경상
2022032300100366,2022년 3월 23일 19시,수요일,대전광역시 서구 도안동,경상사고,0,0,1,0,차대차 - 추돌,안전운전불이행,건조,맑음,교차로 - 교차로부근,승용,남,51세,상해없음,승용,남,47세,경상
2022032300100367,2022년 3월 23일 19시,수요일,대전광역시 서구 갈마동,경상사고,0,0,1,0,차대차 - 후진중충돌,안전운전불이행,건조,맑음,교차로 - 교차로부근,승용,남,55세,상해없음,이륜,남,31세,경상
2022032300100436,2022년 3월 23일 22시,수요일,대전광역시 중구 태평동,경상사고,0,0,1,0,차대사람 - 기타,안전운전불이행,건조,맑음,단일로 - 기타,승용,남,29세,상해없음,보행자,남,55세,경상
2022032300100437,2022년 3월 23일 22시,수요일,대전광역시 중구 석교동,경상사고,0,0,1,0,차대차 - 기타,안전운전불이행,건조,맑음,교차로 - 교차로부근,승용,남,68세,상해없음,승용,남,61세,상해없음
2022032300100438,2022년 3월 23일 22시,수요일,대전광역시 유성구 장대동,중상사고,0,1,3,0,차대차 - 기타,신호위반,건조,맑음,교차로 - 교차로안,승용,남,68세,상해없음,승용,여,47세,경상
2022032400100023,2022년 3월 24일 05시,목요일,대전광역시 유성구 원신흥동,사망사고,1,0,0,0,차대차 - 기타,안전운전불이행,건조,맑음,교차로 - 교차로횡단보도내,화물,남,56세,상해없음,자전거,여,57세,사망
2022032400100043,2022년 3월 24일 07시,목요일,대전광역시 동구 가양동,경상사고,0,0,1,0,차대차 - 측면충돌,안전운전불이행,건조,맑음,교차로 - 교차로횡단보도내,승용,남,59세,상해없음,개인형이동수단(PM),남,14세,경상
2022032400100076,2022년 3월 24일 08시,목요일,대전광역시 유성구 노은동,경상사고,0,0,1,0,차대차 - 후진중충돌,안전운전불이행,건조,맑음,단일로 - 기타,승용,여,64세,상해없음,승용,남,39세,경상
2022032400100093,2022년 3월 24일 09시,목요일,대전광역시 유성구 탑립동,경상사고,0,0,1,0,차대차 - 정면충돌,안전운전불이행,건조,맑음,단일로 - 기타,승용,여,30세,상해없음,승용,남,39세,경상
2022032400100094,2022년 3월 24일 09시,목요일,대전광역시 유성구 봉명동,경상사고,0,0,1,0,차대차 - 측면충돌,안전거리미확보,건조,맑음,교차로 - 교차로부근,승용,여,51세,상해없음,승합,남,61세,경상
2022032400100125,2022년 3월 24일 10시,목요일,대전광역시 유성구 궁동,경상사고,0,0,1,0,차대차 - 추돌,안전거리미확보,건조,맑음,단일로 - 교량,승용,여,78세,상해없음,이륜,남,42세,경상
2022032400100145,2022년 3월 24일 11시,목요일,대전광역시 대덕구 중리동,경상사고,0,0,1,0,차대차 - 측면충돌,안전운전불이행,건조,맑음,교차로 - 교차로안,승용,여,52세,상해없음,화물,남,25세,경상
2022032400100176,2022년 3월 24일 12시,목요일,대전광역시 동구 가양동,경상사고,0,0,3,0,차대차 - 추돌,안전운전불이행,건조,맑음,단일로 - 기타,승용,남,67세,상해없음,승용,남,18세,경상
2022032400100198,2022년 3월 24일 13시,목요일,대전광역시 동구 판암동,경상사고,0,0,1,0,차대차 - 측면충돌,안전운전불이행,건조,맑음,단일로 - 기타,승용,남,77세,기타불명,승합,남,48세,경상
2022032400100199,2022년 3월 24일 13시,목요일,대전광역시 서구 갈마동,경상사고,0,0,1,0,차대차 - 기타,안전운전불이행,건조,맑음,교차로 - 교차로부근,화물,남,51세,기타불명,승용,남,27세,경상
2022032400100217,2022년 3월 24일 14시,목요일,대전광역시 유성구 화암동,경상사고,0,0,1,0,차대차 - 측면충돌,안전거리미확보,건조,맑음,단일로 - 기타,화물,남,54세,상해없음,승용,여,57세,경상
2022032400100228,2022년 3월 24일 14시,목요일,대전광역시 서구 가장동,경상사고,0,0,1,0,차대사람 - 횡단중,신호위반,건조,맑음,교차로 - 교차로횡단보도내,승용,여,56세,기타불명,보행자,남,6세,경상
2022032400100255,2022년 3월 24일 15시,목요일,대전광역시 서구 탄방동,경상사고,0,0,1,0,차대차 - 정면충돌,안전운전불이행,건조,맑음,교차로 - 교차로부근,승용,여,32세,기타불명,승용,남,36세,경상
2022032400100326,2022년 3월 24일 17시,목요일,대전광역시 중구 산성동,경상사고,0,0,1,0,차대차 - 기타,안전거리미확보,건조,맑음,단일로 - 기타,화물,남,72세,상해없음,승용,여,32세,경상
2022032400100328,2022년 3월 24일 17시,목요일,대전광역시 유성구 용산동,경상사고,0,0,1,0,차대차 - 추돌,안전거리미확보,건조,맑음,단일로 - 기타,승용,남,58세,상해없음,승용,남,61세,경상
2022032400100363,2022년 3월 24일 18시,목요일,대전광역시 중구 대흥동,경상사고,0,0,1,0,차량단독 - 기타,안전운전불이행,건조,맑음,단일로 - 기타,승합,남,44세,상해없음,,,,
2022032400100364,2022년 3월 24일 18시,목요일,대전광역시 대덕구 중리동,경상사고,0,0,3,0,차대차 - 기타,교차로운행방법위반,건조,맑음,교차로 - 교차로안,승용,남,80세,상해없음,승합,남,51세,경상
2022032400100365,2022년 3월 24일 18시,목요일,대전광역시 대덕구 읍내동,경상사고,0,0,1,0,차대차 - 기타,안전운전불이행,건조,맑음,교차로 - 교차로횡단보도내,화물,남,56세,상해없음,승용,남,35세,경상
2022032400100405,2022년 3월 24일 19시,목요일,대전광역시 유성구 송강동,경상사고,0,0,1,0,차대차 - 측면충돌,안전운전불이행,건조,맑음,단일로 - 기타,승용,남,40세,상해없음,승용,남,43세,경상
2022032400100427,2022년 3월 24일 20시,목요일,대전광역시 서구 둔산동,경상사고,0,0,1,0,차대사람 - 길가장자리구역통행중,안전운전불이행,건조,맑음,단일로 - 기타,승용,여,65세,상해없음,보행자,여,27세,경상
2022032400100446,2022년 3월 24일 21시,목요일,대전광역시 유성구 구암동,경상사고,0,0,1,0,차대차 - 추돌,안전운전불이행,건조,맑음,단일로 - 기타,승용,남,56세,기타불명,승용,남,60세,경상
2022032400100463,2022년 3월 24일 22시,목요일,대전광역시 서구 도마동,중상사고,0,1,0,0,차대차 - 측면충돌,신호위반,건조,맑음,교차로 - 교차로안,승합,남,60세,상해없음,이륜,남,26세,중상
2022032400100475,2022년 3월 24일 23시,목요일,대전광역시 유성구 봉명동,경상사고,0,0,1,0,차대사람 - 기타,안전운전불이행,건조,맑음,교차로 - 교차로안,승용,남,56세,상해없음,보행자,남,34세,경상
2022032400100476,2022년 3월 24일 23시,목요일,대전광역시 유성구 봉명동,경상사고,0,0,1,0,차대사람 - 보도통행중,안전운전불이행,건조,맑음,기타 - 기타,개인형이동수단(PM),남,18세,기타불명,보행자,남,26세,경상
2022032500100011,2022년 3월 25일 00시,금요일,대전광역시 대덕구 비래동,경상사고,0,0,1,0,차대차 - 측면충돌,안전운전불이행,건조,맑음,교차로 - 교차로안,승용,남,64세,상해없음,이륜,남,51세,경상
2022032500100019,2022년 3월 25일 02시,금요일,대전광역시 서구 월평동,중상사고,0,3,0,0,차대차 - 측면충돌,신호위반,건조,맑음,교차로 - 교차로안,승용,남,31세,상해없음,승용,남,68세,중상
2022032500100029,2022년 3월 25일 05시,금요일,대전광역시 동구 홍도동,경상사고,0,0,1,0,차대차 - 측면충돌,교차로운행방법위반,건조,맑음,교차로 - 교차로안,승용,남,23세,상해없음,승용,남,70세,경상
2022032500100049,2022년 3월 25일 07시,금요일,대전광역시 중구 대흥동,중상사고,0,1,0,0,차대차 - 측면충돌,중앙선침범,건조,맑음,교차로 - 교차로부근,승용,남,73세,상해없음,이륜,남,29세,중상
2022032500100104,2022년 3월 25일 09시,금요일,대전광역시 대덕구 상서동,경상사고,0,0,1,0,차대차 - 측면충돌,안전운전불이행,건조,맑음,교차로 - 교차로부근,승용,남,22세,상해없음,자전거,남,29세,경상
2022032500100128,2022년 3월 25일 10시,금요일,대전광역시 유성구 봉명동,경상사고,0,0,1,0,차대차 - 측면충돌,안전거리미확보,건조,맑음,단일로 - 기타,승용,남,52세,상해없음,승용,여,62세,경상
2022032500100153,2022년 3월 25일 11시,금요일,대전광역시 동구 자양동,경상사고,0,0,1,0,차대차 - 추돌,안전운전불이행,건조,맑음,단일로 - 기타,승용,여,39세,상해없음,승용,남,46세,경상
2022032500100210,2022년 3월 25일 13시,금요일,대전광역시 중구 대흥동,경상사고,0,0,1,0,차대차 - 측면충돌,안전운전불이행,건조,맑음,단일로 - 기타,승용,남,54세,상해없음,승용,남,73세,경상
2022032500100211,2022년 3월 25일 13시,금요일,대전광역시 동구 용운동,중상사고,0,1,0,0,차대차 - 추돌,안전거리미확보,건조,맑음,단일로 - 기타,화물,남,63세,상해없음,이륜,남,55세,중상