사고번호,사고일시,요일,시군구,사고내용,사망자수,중상자수,경상자수,부상신고자수,사고유형,법규위반,노면상태,기상상태,도로형태,가해운전자 차종,가해운전자 성별,가해운전자 연령,가해운전자 상해정도,피해운전자 차종,피해운전자 성별,피해운전자 연령,피해운전자 상해정도
2022032500100212,2022년 3월 25일 13시,금요일,대전광역시 서구 탄방동,경상사고,0,0,3,0,차대차 - 측면충돌,신호위반,건조,맑음,교차로 - 교차로안,승용,여,36세,상해없음,승용,남,23세,경상
2022032500100243,2022년 3월 25일 14시,금요일,대전광역시 서구 관저동,중상사고,0,1,0,0,차대사람 - 횡단중,안전운전불이행,건조,맑음,단일로 - 기타,승용,남,22세,상해없음,보행자,여,35세,중상
2022032500100272,2022년 3월 25일 15시,금요일,대전광역시 서구 월평동,경상사고,0,0,1,0,차대차 - 추돌,안전운전불이행,건조,맑음,단일로 - 기타,승용,남,77세,상해없음,승용,남,69세,경상
2022032500100333,2022년 3월 25일 17시,금요일,대전광역시 중구 용두동,경상사고,0,0,1,0,차대차 - 측면충돌,신호위반,건조,맑음,교차로 - 교차로안,승용,남,45세,기타불명,승용,남,76세,경상
2022032500100375,2022년 3월 25일 18시,금요일,대전광역시 동구 가양동,경상사고,0,0,1,0,차대차 - 추돌,안전운전불이행,건조,맑음,교차로 - 교차로안,승용,남,16세,상해없음,승용,여,40세,경상
2022032500100376,2022년 3월 25일 18시,금요일,대전광역시 동구 삼성동,경상사고,0,0,1,0,차대차 - 추돌,안전운전불이행,젖음/습기,비,교차로 - 교차로부근,화물,남,72세,상해없음,승용,남,41세,경상
2022032500100377,2022년 3월 25일 18시,금요일,대전광역시 동구 판암동,경상사고,0,0,1,0,차대차 - 측면충돌,안전운전불이행,건조,맑음,단일로 - 기타,화물,남,57세,상해없음,승용,여,35세,경상
2022032500100378,2022년 3월 25일 18시,금요일,대전광역시 대덕구 오정동,중상사고,0,1,2,1,차대차 - 기타,교차로운행방법위반,건조,맑음,교차로 - 교차로안,승합,남,50세,상해없음,승용,여,63세,경상
2022032500100429,2022년 3월 25일 19시,금요일,대전광역시 대덕구 오정동,경상사고,0,0,1,0,차대차 - 측면충돌,신호위반,젖음/습기,비,교차로 - 교차로안,승용,남,52세,상해없음,이륜,남,30세,경상
2022032500100471,2022년 3월 25일 20시,금요일,대전광역시 대덕구 비래동,중상사고,0,1,0,0,차대사람 - 기타,안전운전불이행,젖음/습기,비,교차로 - 교차로안,승용,남,48세,상해없음,보행자,여,61세,중상
2022032500100515,2022년 3월 25일 21시,금요일,대전광역시 동구 성남동,경상사고,0,0,2,0,차대차 - 기타,불법유턴,젖음/습기,비,교차로 - 교차로부근,승용,여,55세,경상,승용,남,39세,경상
2022032500100517,2022년 3월 25일 21시,금요일,대전광역시 유성구 반석동,경상사고,0,0,5,0,차대차 - 기타,안전거리미확보,젖음/습기,비,교차로 - 교차로부근,승합,남,52세,상해없음,승용,남,46세,경상
2022032500100572,2022년 3월 25일 22시,금요일,대전광역시 대덕구 덕암동,경상사고,0,0,2,0,차대차 - 측면충돌,교차로운행방법위반,젖음/습기,비,교차로 - 교차로안,승용,남,44세,상해없음,승용,남,23세,경상
2022032500100573,2022년 3월 25일 22시,금요일,대전광역시 유성구 봉명동,경상사고,0,0,1,0,차대차 - 추돌,신호위반,젖음/습기,비,기타 - 기타,승용,남,58세,상해없음,이륜,남,24세,경상
2022032500100574,2022년 3월 25일 22시,금요일,대전광역시 유성구 봉명동,경상사고,0,0,4,0,차대차 - 측면충돌,신호위반,젖음/습기,비,교차로 - 교차로안,화물,남,40세,상해없음,승용,남,28세,경상
2022032500100640,2022년 3월 25일 23시,금요일,대전광역시 대덕구 와동,경상사고,0,0,3,0,차대차 - 측면충돌,신호위반,젖음/습기,비,교차로 - 교차로안,승용,남,33세,상해없음,특수,남,32세,경상
2022032500100641,2022년 3월 25일 23시,금요일,대전광역시 서구 갈마동,경상사고,0,0,3,0,차대차 - 기타,신호위반,젖음/습기,비,교차로 - 교차로안,승용,여,25세,상해없음,승용,여,19세,경상
2022032500100642,2022년 3월 25일 23시,금요일,대전광역시 유성구 봉명동,경상사고,0,0,1,0,차대차 - 기타,안전운전불이행,젖음/습기,비,교차로 - 교차로부근,승용,남,23세,상해없음,승용,남,33세,경상
2022032600100025,2022년 3월 26일 00시,토요일,대전광역시 서구 둔산동,경상사고,0,0,2,0,차대차 - 기타,안전운전불이행,젖음/습기,비,교차로 - 교차로부근,승용,남,52세,기타불명,승용,여,44세,경상
2022032600100064,2022년 3월 26일 05시,토요일,대전광역시 서구 용문동,경상사고,0,0,1,0,차대차 - 측면충돌,안전운전불이행,젖음/습기,비,교차로 - 교차로부근,승용,남,75세,기타불명,승합,남,47세,경상
2022032600100091,2022년 3월 26일 08시,토요일,대전광역시 서구 둔산동,중상사고,0,2,0,1,차대차 - 정면충돌,신호위반,건조,맑음,교차로 - 교차로안,화물,여,58세,부상신고,승용,남,72세,중상
2022032600100126,2022년 3월 26일 10시,토요일,대전광역시 중구 선화동,중상사고,0,1,0,0,차대사람 - 기타,기타,건조,맑음,기타 - 기타,승용,남,27세,기타불명,보행자,여,13세,중상
2022032600100149,2022년 3월 26일 11시,토요일,대전광역시 유성구 가정동,경상사고,0,0,2,0,차대차 - 측면충돌,안전거리미확보,젖음/습기,비,교차로 - 교차로부근,화물,남,25세,기타불명,승용,남,35세,경상
2022032600100178,2022년 3월 26일 12시,토요일,대전광역시 동구 용운동,경상사고,0,0,1,0,차대차 - 후진중충돌,안전운전불이행,젖음/습기,흐림,교차로 - 교차로안,이륜,남,73세,상해없음,승용,남,35세,경상
2022032600100199,2022년 3월 26일 13시,토요일,대전광역시 서구 둔산동,경상사고,0,0,1,0,차대차 - 기타,신호위반,건조,맑음,교차로 - 교차로안,승용,남,71세,기타불명,승용,여,45세,경상
2022032600100257,2022년 3월 26일 15시,토요일,대전광역시 서구 관저동,경상사고,0,0,1,0,차대차 - 측면충돌,신호위반,건조,맑음,교차로 - 교차로안,승용,남,70세,상해없음,승용,남,27세,경상
2022032600100292,2022년 3월 26일 16시,토요일,대전광역시 서구 월평동,경상사고,0,0,2,0,차대차 - 측면충돌,안전운전불이행,건조,맑음,교차로 - 교차로안,승용,여,53세,경상,화물,남,60세,상해없음
2022032600100364,2022년 3월 26일 19시,토요일,대전광역시 서구 탄방동,경상사고,0,0,1,0,차대차 - 측면충돌,안전거리미확보,건조,맑음,단일로 - 기타,승용,남,29세,상해없음,승용,여,50세,경상
2022032600100365,2022년 3월 26일 19시,토요일,대전광역시 서구 둔산동,경상사고,0,0,1,0,차대차 - 추돌,안전운전불이행,건조,맑음,교차로 - 교차로안,승용,남,54세,상해없음,승용,여,39세,경상
2022032600100385,2022년 3월 26일 20시,토요일,대전광역시 유성구 궁동,경상사고,0,0,1,0,차대차 - 기타,안전운전불이행,건조,맑음,단일로 - 기타,승용,남,63세,상해없음,이륜,남,22세,경상
2022032600100408,2022년 3월 26일 21시,토요일,대전광역시 중구 대사동,경상사고,0,0,1,0,차대차 - 측면충돌,신호위반,건조,맑음,교차로 - 교차로안,이륜,남,47세,기타불명,승용,남,56세,경상
2022032600100462,2022년 3월 26일 23시,토요일,대전광역시 서구 월평동,경상사고,0,0,1,0,차대차 - 추돌,안전운전불이행,건조,맑음,단일로 - 기타,기타불명,기타불명,미분류,기타불명,승용,남,66세,경상
2022032700100026,2022년 3월 27일 03시,일요일,대전광역시 서구 괴정동,경상사고,0,0,2,0,차대차 - 측면충돌,안전운전불이행,건조,기타,단일로 - 기타,기타불명,기타불명,미분류,기타불명,승용,남,30세,경상
2022032700100118,2022년 3월 27일 12시,일요일,대전광역시 동구 인동,경상사고,0,0,1,0,차대차 - 기타,교차로운행방법위반,건조,맑음,교차로 - 교차로안,승용,남,60세,상해없음,원동기,남,66세,경상
2022032700100119,2022년 3월 27일 12시,일요일,대전광역시 서구 관저동,경상사고,0,0,1,0,차대차 - 정면충돌,신호위반,건조,맑음,교차로 - 교차로안,승용,여,30세,상해없음,이륜,남,28세,경상
2022032700100169,2022년 3월 27일 14시,일요일,대전광역시 서구 정림동,중상사고,0,1,0,0,차대차 - 기타,안전거리미확보,건조,맑음,단일로 - 기타,이륜,남,40세,상해없음,이륜,남,39세,중상
2022032700100170,2022년 3월 27일 14시,일요일,대전광역시 유성구 궁동,경상사고,0,0,2,0,차대차 - 측면충돌,신호위반,건조,맑음,교차로 - 교차로안,승용,여,19세,상해없음,승용,여,26세,경상
2022032700100171,2022년 3월 27일 14시,일요일,대전광역시 유성구 봉명동,경상사고,0,0,2,0,차대차 - 기타,안전운전불이행,건조,맑음,교차로 - 교차로횡단보도내,승용,여,28세,상해없음,승용,남,62세,경상
2022032700100202,2022년 3월 27일 15시,일요일,대전광역시 동구 가양동,중상사고,0,1,0,0,차대사람 - 횡단중,안전운전불이행,건조,맑음,교차로 - 교차로안,승용,남,65세,상해없음,보행자,남,70세,중상
2022032700100203,2022년 3월 27일 15시,일요일,대전광역시 유성구 방동,경상사고,0,0,7,0,차대차 - 측면충돌,중앙선침범,건조,맑음,단일로 - 기타,승용,남,55세,경상,승용,여,51세,경상
2022032700100224,2022년 3월 27일 16시,일요일,대전광역시 서구 탄방동,중상사고,0,1,0,0,차대차 - 측면충돌,안전운전불이행,건조,맑음,교차로 - 교차로부근,승용,남,69세,상해없음,자전거,남,16세,중상
2022032700100297,2022년 3월 27일 19시,일요일,대전광역시 동구 가양동,경상사고,0,0,1,0,차대차 - 측면충돌,안전운전불이행,건조,맑음,교차로 - 교차로안,승용,여,45세,상해없음,승용,남,67세,경상
2022032700100367,2022년 3월 27일 22시,일요일,대전광역시 서구 도마동,경상사고,0,0,1,0,차대사람 - 기타,안전운전불이행,건조,맑음,단일로 - 기타,이륜,남,16세,상해없음,보행자,남,28세,경상
2022032800100006,2022년 3월 28일 00시,월요일,대전광역시 동구 홍도동,경상사고,0,0,1,0,차대차 - 측면충돌,안전운전불이행,건조,맑음,교차로 - 교차로안,원동기,남,48세,경상,원동기,남,53세,상해없음
2022032800100087,2022년 3월 28일 08시,월요일,대전광역시 대덕구 오정동,경상사고,0,0,1,0,차대차 - 측면충돌,안전운전불이행,건조,맑음,단일로 - 교량,승용,남,56세,상해없음,화물,남,42세,경상
2022032800100088,2022년 3월 28일 08시,월요일,대전광역시 서구 갈마동,중상사고,0,1,1,0,차대차 - 측면충돌,신호위반,건조,맑음,교차로 - 교차로안,이륜,남,23세,중상,승용,남,56세,경상
2022032800100118,2022년 3월 28일 09시,월요일,대전광역시 서구 둔산동,경상사고,0,0,1,0,차대차 - 추돌,안전거리미확보,건조,맑음,단일로 - 기타,승용,남,60세,상해없음,승용,남,67세,경상
2022032800100145,2022년 3월 28일 10시,월요일,대전광역시 동구 성남동,경상사고,0,0,1,0,차대사람 - 횡단중,안전운전불이행,건조,맑음,단일로 - 기타,승용,여,22세,상해없음,보행자,여,88세,경상
2022032800100146,2022년 3월 28일 10시,월요일,대전광역시 서구 갈마동,경상사고,0,0,2,0,차대차 - 기타,안전거리미확보,건조,맑음,교차로 - 교차로안,승용,여,51세,상해없음,승용,남,28세,경상
2022032800100177,2022년 3월 28일 11시,월요일,대전광역시 서구 월평동,경상사고,0,0,2,0,차대차 - 기타,안전운전불이행,건조,맑음,교차로 - 교차로안,승용,남,31세,기타불명,승용,여,27세,경상
2022032800100235,2022년 3월 28일 13시,월요일,대전광역시 유성구 장대동,경상사고,0,0,2,0,차대차 - 기타,신호위반,건조,맑음,교차로 - 교차로안,승용,여,58세,상해없음,승용,남,69세,경상
2022032800100263,2022년 3월 28일 14시,월요일,대전광역시 서구 탄방동,경상사고,0,0,1,0,차대차 - 기타,안전운전불이행,건조,맑음,단일로 - 기타,승용,남,55세,상해없음,승용,여,68세,경상
2022032800100353,2022년 3월 28일 17시,월요일,대전광역시 중구 대사동,중상사고,0,1,0,0,차대사람 - 차도통행중,보행자보호의무위반,건조,맑음,교차로 - 교차로안,이륜,여,68세,상해없음,보행자,남,66세,중상
2022032800100354,2022년 3월 28일 17시,월요일,대전광역시 서구 갈마동,경상사고,0,0,1,0,차대차 - 측면충돌,신호위반,건조,맑음,단일로 - 기타,승용,남,56세,상해없음,개인형이동수단(PM),남,27세,경상
2022032800100355,2022년 3월 28일 17시,월요일,대전광역시 서구 탄방동,중상사고,0,2,0,0,차량단독 - 기타,안전운전불이행,건조,맑음,교차로 - 교차로안,승용,남,46세,중상,,,,
2022032800100390,2022년 3월 28일 18시,월요일,대전광역시 동구 대동,중상사고,0,1,1,0,차대차 - 추돌,안전운전불이행,건조,맑음,단일로 - 기타,승용,남,58세,상해없음,화물,남,57세,중상
2022032800100391,2022년 3월 28일 18시,월요일,대전광역시 서구 둔산동,경상사고,0,0,2,0,차대차 - 기타,교차로운행방법위반,건조,맑음,교차로 - 교차로안,승합,남,60세,상해없음,승용,남,18세,경상
2022032800100426,2022년 3월 28일 19시,월요일,대전광역시 중구 대흥동,경상사고,0,0,1,0,차대차 - 후진중충돌,안전운전불이행,건조,맑음,단일로 - 기타,이륜,남,36세,상해없음,자전거,남,44세,경상
2022032800100461,2022년 3월 28일 21시,월요일,대전광역시 대덕구 중리동,중상사고,0,1,0,0,차대사람 - 기타,보행자보호의무위반,건조,맑음,단일로 - 기타,승용,여,46세,상해없음,보행자,여,59세,중상
2022032800100462,2022년 3월 28일 21시,월요일,대전광역시 서구 만년동,경상사고,0,0,2,0,차대차 - 측면충돌,신호위반,건조,맑음,교차로 - 교차로안,이륜,남,35세,상해없음,승용,남,20세,경상
2022032800100494,2022년 3월 28일 23시,월요일,대전광역시 서구 갈마동,경상사고,0,0,2,0,차대차 - 기타,신호위반,건조,맑음,교차로 - 교차로안,승용,남,26세,기타불명,승용,남,61세,경상
2022032900100099,2022년 3월 29일 09시,화요일,대전광역시 서구 도마동,경상사고,0,0,1,0,차대차 - 측면충돌,중앙선침범,건조,맑음,단일로 - 기타,승용,남,24세,상해없음,승용,남,68세,상해없음
2022032900100100,2022년 3월 29일 09시,화요일,대전광역시 대덕구 비래동,경상사고,0,0,1,0,차대차 - 기타,교차로운행방법위반,건조,맑음,교차로 - 교차로안,승용,남,74세,기타불명,화물,남,45세,경상
2022032900100101,2022년 3월 29일 09시,화요일,대전광역시 유성구 덕명동,경상사고,0,0,1,0,차대차 - 추돌,안전거리미확보,건조,맑음,단일로 - 기타,건설기계,남,53세,상해없음,승용,남,57세,경상
2022032900100154,2022년 3월 29일 11시,화요일,대전광역시 유성구 원내동,경상사고,0,0,1,0,차대차 - 측면충돌,기타,건조,맑음,교차로 - 교차로부근,승용,남,57세,상해없음,이륜,남,53세,경상
2022032900100217,2022년 3월 29일 13시,화요일,대전광역시 동구 판암동,중상사고,0,1,0,0,차대차 - 기타,안전운전불이행,건조,맑음,교차로 - 교차로부근,이륜,남,44세,중상,승용,남,27세,상해없음
2022032900100218,2022년 3월 29일 13시,화요일,대전광역시 유성구 송강동,경상사고,0,0,3,0,차대차 - 후진중충돌,안전운전불이행,건조,맑음,단일로 - 기타,승용,여,27세,경상,승용,여,28세,경상
2022032900100219,2022년 3월 29일 13시,화요일,대전광역시 유성구 봉명동,경상사고,0,0,6,2,차대차 - 정면충돌,신호위반,건조,맑음,교차로 - 교차로안,승용,남,39세,기타불명,승합,남,51세,경상
2022032900100247,2022년 3월 29일 14시,화요일,대전광역시 동구 삼성동,경상사고,0,0,1,0,차대차 - 기타,신호위반,건조,맑음,교차로 - 교차로안,승용,여,50세,상해없음,승용,남,68세,경상
2022032900100248,2022년 3월 29일 14시,화요일,대전광역시 동구 용전동,경상사고,0,0,1,0,차대차 - 기타,중앙선침범,건조,맑음,단일로 - 기타,이륜,남,56세,상해없음,승용,남,49세,경상
2022032900100249,2022년 3월 29일 14시,화요일,대전광역시 서구 둔산동,경상사고,0,0,1,0,차대차 - 기타,안전거리미확보,건조,맑음,단일로 - 기타,승용,남,29세,상해없음,특수,남,28세,경상
2022032900100250,2022년 3월 29일 14시,화요일,대전광역시 유성구 장대동,경상사고,0,0,1,0,차대사람 - 기타,안전운전불이행,건조,맑음,단일로 - 기타,승용,남,71세,상해없음,보행자,여,66세,경상
2022032900100271,2022년 3월 29일 15시,화요일,대전광역시 동구 성남동,경상사고,0,0,2,0,차대차 - 기타,안전운전불이행,건조,맑음,단일로 - 기타,승용,여,66세,상해없음,승합,남,48세,경상
2022032900100321,2022년 3월 29일 16시,화요일,대전광역시 서구 복수동,경상사고,0,0,1,0,차대차 - 기타,안전운전불이행,건조,맑음,교차로 - 교차로안,승용,남,53세,상해없음,승용,남,42세,경상
2022032900100484,2022년 3월 29일 21시,화요일,대전광역시 동구 대동,중상사고,0,1,0,0,차대사람 - 횡단중,안전운전불이행,건조,맑음,단일로 - 기타,승용,남,54세,상해없음,보행자,여,75세,중상
2022032900100499,2022년 3월 29일 22시,화요일,대전광역시 대덕구 읍내동,경상사고,0,0,1,0,차대차 - 측면충돌,신호위반,건조,맑음,교차로 - 교차로횡단보도내,승용,남,62세,상해없음,자전거,남,50세,경상
2022032900100514,2022년 3월 29일 23시,화요일,대전광역시 서구 둔산동,경상사고,0,0,2,0,차대사람 - 기타,안전운전불이행,건조,맑음,단일로 - 기타,승용,남,58세,상해없음,보행자,여,22세,경상
2022033000100107,2022년 3월 30일 09시,수요일,대전광역시 유성구 봉명동,경상사고,0,0,1,0,차대차 - 기타,안전운전불이행,건조,맑음,교차로 - 교차로부근,승용,여,60세,상해없음,승용,남,51세,경상
2022033000100128,2022년 3월 30일 10시,수요일,대전광역시 중구 유천동,경상사고,0,0,1,0,차대차 - 추돌,안전거리미확보,건조,맑음,단일로 - 교량,승용,남,77세,상해없음,승용,남,30세,경상
2022033000100129,2022년 3월 30일 10시,수요일,대전광역시 동구 중동,경상사고,0,0,1,0,차대차 - 기타,안전운전불이행,건조,맑음,단일로 - 기타,이륜,남,32세,경상,승용,남,73세,상해없음
2022033000100158,2022년 3월 30일 11시,수요일,대전광역시 동구 자양동,경상사고,0,0,1,0,차대차 - 측면충돌,기타,건조,맑음,단일로 - 기타,이륜,남,39세,상해없음,이륜,남,36세,경상
2022033000100246,2022년 3월 30일 14시,수요일,대전광역시 서구 월평동,경상사고,0,0,2,0,차대차 - 기타,안전운전불이행,건조,맑음,단일로 - 기타,승용,여,51세,경상,승용,여,54세,경상
2022033000100308,2022년 3월 30일 16시,수요일,대전광역시 동구 원동,경상사고,0,0,1,0,차대차 - 측면충돌,직진우회전진행방해,건조,맑음,교차로 - 교차로안,승용,남,70세,상해없음,승용,남,31세,경상
2022033000100335,2022년 3월 30일 17시,수요일,대전광역시 동구 대동,중상사고,0,1,0,0,차대차 - 기타,안전운전불이행,건조,맑음,교차로 - 교차로안,승용,남,69세,상해없음,승용,여,49세,중상
2022033000100375,2022년 3월 30일 18시,수요일,대전광역시 서구 관저동,경상사고,0,0,1,0,차대차 - 기타,안전거리미확보,건조,맑음,단일로 - 기타,승용,남,42세,상해없음,이륜,남,44세,경상
2022033000100433,2022년 3월 30일 20시,수요일,대전광역시 유성구 노은동,경상사고,0,0,1,0,차대차 - 기타,안전운전불이행,건조,맑음,교차로 - 교차로안,승용,남,26세,상해없음,이륜,남,38세,경상
2022033000100452,2022년 3월 30일 21시,수요일,대전광역시 유성구 봉명동,경상사고,0,0,1,0,차대차 - 정면충돌,안전운전불이행,젖음/습기,비,단일로 - 교량,승용,남,54세,기타불명,승용,여,49세,경상
2022033000100490,2022년 3월 30일 23시,수요일,대전광역시 중구 대흥동,경상사고,0,0,1,0,차대사람 - 길가장자리구역통행중,안전운전불이행,건조,맑음,단일로 - 기타,승용,남,22세,상해없음,보행자,남,24세,경상
2022033000100491,2022년 3월 30일 23시,수요일,대전광역시 서구 둔산동,경상사고,0,0,2,0,차대차 - 기타,안전운전불이행,건조,맑음,교차로 - 교차로안,승용,남,64세,상해없음,승용,여,32세,경상
2022033100100008,2022년 3월 31일 00시,목요일,대전광역시 서구 월평동,중상사고,0,1,0,0,차대사람 - 기타,안전운전불이행,건조,맑음,단일로 - 기타,승용,남,21세,상해없음,보행자,여,30세,중상
2022033100100028,2022년 3월 31일 05시,목요일,대전광역시 유성구 학하동,경상사고,0,0,2,0,차대차 - 측면충돌,안전운전불이행,건조,맑음,교차로 - 교차로안,승용,여,64세,경상,승용,여,46세,경상
2022033100100052,2022년 3월 31일 07시,목요일,대전광역시 유성구 신성동,경상사고,0,0,6,0,차대차 - 측면충돌,신호위반,건조,흐림,교차로 - 교차로안,승용,여,31세,경상,승합,남,58세,경상
2022033100100074,2022년 3월 31일 08시,목요일,대전광역시 서구 괴정동,중상사고,0,1,0,0,차대차 - 측면충돌,신호위반,건조,맑음,단일로 - 기타,승용,여,48세,상해없음,이륜,남,38세,중상
2022033100100075,2022년 3월 31일 08시,목요일,대전광역시 서구 탄방동,경상사고,0,0,1,0,차대차 - 기타,직진우회전진행방해,건조,맑음,교차로 - 교차로안,승용,여,37세,상해없음,승용,여,24세,경상
2022033100100121,2022년 3월 31일 10시,목요일,대전광역시 동구 인동,경상사고,0,0,1,0,차대사람 - 보도통행중,기타,건조,맑음,단일로 - 기타,승용,남,72세,상해없음,보행자,남,44세,경상
2022033100100122,2022년 3월 31일 10시,목요일,대전광역시 동구 비룡동,경상사고,0,0,1,0,차대차 - 측면충돌,안전운전불이행,건조,맑음,교차로 - 교차로안,승합,남,75세,상해없음,승용,남,36세,경상
2022033100100123,2022년 3월 31일 10시,목요일,대전광역시 서구 갈마동,경상사고,0,0,2,0,차대차 - 추돌,안전거리미확보,건조,맑음,교차로 - 교차로안,승용,여,23세,상해없음,승용,여,59세,경상
2022033100100201,2022년 3월 31일 13시,목요일,대전광역시 중구 선화동,경상사고,0,0,1,0,차대사람 - 기타,안전운전불이행,건조,맑음,단일로 - 기타,승용,남,64세,상해없음,보행자,남,28세,경상
2022033100100202,2022년 3월 31일 13시,목요일,대전광역시 동구 가양동,경상사고,0,0,2,0,차대차 - 측면충돌,안전운전불이행,건조,맑음,교차로 - 교차로안,승용,남,80세,상해없음,승용,남,47세,경상
2022033100100203,2022년 3월 31일 13시,목요일,대전광역시 유성구 송강동,경상사고,0,0,3,0,차대차 - 기타,안전운전불이행,건조,맑음,교차로 - 교차로부근,승용,남,39세,상해없음,특수,남,59세,상해없음
2022033100100234,2022년 3월 31일 14시,목요일,대전광역시 중구 대흥동,경상사고,0,0,1,0,차대차 - 기타,안전운전불이행,건조,맑음,교차로 - 교차로부근,승용,남,74세,상해없음,승용,남,22세,상해없음
2022033100100297,2022년 3월 31일 16시,목요일,대전광역시 중구 목동,경상사고,0,0,1,0,차량단독 - 기타,안전운전불이행,건조,맑음,기타 - 기타,승합,남,59세,상해없음,,,,
2022033100100333,2022년 3월 31일 17시,목요일,대전광역시 유성구 덕명동,경상사고,0,0,1,1,차대차 - 기타,신호위반,건조,맑음,교차로 - 교차로안,승용,남,44세,상해없음,승용,남,21세,부상신고
2022033100100334,2022년 3월 31일 17시,목요일,대전광역시 유성구 노은동,경상사고,0,0,1,0,차대차 - 기타,안전운전불이행,건조,맑음,단일로 - 기타,승용,남,35세,상해없음,승용,남,49세,경상
2022033100100365,2022년 3월 31일 18시,목요일,대전광역시 중구 사정동,경상사고,0,0,1,0,차대차 - 기타,안전운전불이행,건조,맑음,단일로 - 교량,화물,남,62세,상해없음,승용,여,41세,경상
2022033100100366,2022년 3월 31일 18시,목요일,대전광역시 유성구 봉명동,경상사고,0,0,2,0,차대차 - 기타,안전운전불이행,건조,맑음,교차로 - 교차로부근,승용,여,63세,기타불명,승용,남,42세,경상
2022033100100401,2022년 3월 31일 19시,목요일,대전광역시 동구 대성동,중상사고,0,1,0,0,차대차 - 측면충돌,중앙선침범,건조,맑음,교차로 - 교차로부근,승용,남,76세,상해없음,이륜,남,53세,중상
2022033100100402,2022년 3월 31일 19시,목요일,대전광역시 서구 도마동,경상사고,0,0,1,0,차대차 - 기타,안전운전불이행,건조,맑음,교차로 - 교차로부근,승용,남,32세,상해없음,이륜,남,30세,경상
2022033100100403,2022년 3월 31일 19시,목요일,대전광역시 대덕구 중리동,경상사고,0,0,1,0,차대차 - 기타,안전거리미확보,건조,흐림,단일로 - 기타,승용,여,64세,상해없음,이륜,남,39세,경상
2022033100100491,2022년 3월 31일 23시,목요일,대전광역시 대덕구 송촌동,경상사고,0,0,1,0,차대차 - 기타,안전운전불이행,건조,맑음,교차로 - 교차로안,화물,남,46세,기타불명,승용,남,38세,경상
2022033100100492,2022년 3월 31일 23시,목요일,대전광역시 유성구 노은동,경상사고,0,0,7,0,차대차 - 기타,기타,건조,맑음,교차로 - 교차로부근,승용,남,19세,기타불명,화물,남,49세,경상
2022040100100009,2022년 4월 1일 00시,금요일,대전광역시 서구 갈마동,경상사고,0,0,3,0,차대차 - 측면충돌,신호위반,건조,맑음,교차로 - 교차로안,승용,남,25세,상해없음,승용,여,43세,경상
2022040100100014,2022년 4월 1일 01시,금요일,대전광역시 대덕구 오정동,경상사고,0,0,1,0,차대차 - 후진중충돌,안전운전불이행,건조,맑음,교차로 - 교차로안,화물,남,44세,상해없음,승용,남,50세,경상
2022040100100056,2022년 4월 1일 07시,금요일,대전광역시 유성구 안산동,경상사고,0,0,4,0,차대차 - 기타,안전운전불이행,건조,맑음,단일로 - 기타,화물,남,61세,상해없음,화물,남,59세,경상
2022040100100082,2022년 4월 1일 08시,금요일,대전광역시 대덕구 읍내동,경상사고,0,0,1,0,차대차 - 측면충돌,안전운전불이행,건조,맑음,기타 - 기타,승용,여,65세,상해없음,승용,여,24세,경상
2022040100100083,2022년 4월 1일 08시,금요일,대전광역시 유성구 봉명동,경상사고,0,0,1,0,차대차 - 추돌,안전거리미확보,건조,맑음,단일로 - 기타,승용,남,51세,상해없음,승용,여,31세,경상
2022040100100191,2022년 4월 1일 12시,금요일,대전광역시 유성구 지족동,중상사고,0,1,0,0,차대사람 - 기타,안전운전불이행,건조,맑음,기타 - 기타,자전거,남,21세,상해없음,보행자,여,81세,중상
2022040100100192,2022년 4월 1일 12시,금요일,대전광역시 유성구 구암동,경상사고,0,0,2,0,차대차 - 측면충돌,교차로운행방법위반,건조,맑음,교차로 - 교차로안,승용,여,65세,상해없음,승용,남,37세,경상
2022040100100248,2022년 4월 1일 14시,금요일,대전광역시 중구 문화동,중상사고,0,1,1,0,차대차 - 기타,신호위반,건조,맑음,교차로 - 교차로부근,승용,남,55세,상해없음,원동기,남,64세,중상
2022040100100275,2022년 4월 1일 15시,금요일,대전광역시 중구 목동,중상사고,0,1,0,0,차대사람 - 횡단중,보행자보호의무위반,건조,맑음,교차로 - 교차로안,승용,남,27세,상해없음,보행자,여,69세,중상
2022040100100276,2022년 4월 1일 15시,금요일,대전광역시 동구 인동,중상사고,0,1,0,0,차대사람 - 기타,안전운전불이행,건조,맑음,단일로 - 기타,자전거,기타불명,미분류,기타불명,보행자,남,78세,중상
2022040100100277,2022년 4월 1일 15시,금요일,대전광역시 동구 대성동,중상사고,0,1,0,0,차대차 - 측면충돌,안전거리미확보,건조,맑음,교차로 - 교차로안,화물,남,78세,상해없음,승용,남,40세,중상
2022040100100356,2022년 4월 1일 17시,금요일,대전광역시 중구 용두동,경상사고,0,0,4,0,차대차 - 측면충돌,안전거리미확보,건조,맑음,단일로 - 기타,승용,남,41세,상해없음,승용,남,42세,경상
2022040100100357,2022년 4월 1일 17시,금요일,대전광역시 서구 둔산동,경상사고,0,0,1,0,차대사람 - 횡단중,보행자보호의무위반,건조,맑음,단일로 - 기타,승용,남,78세,상해없음,보행자,남,11세,경상
2022040100100358,2022년 4월 1일 17시,금요일,대전광역시 서구 둔산동,경상사고,0,0,1,0,차대차 - 측면충돌,신호위반,건조,맑음,단일로 - 기타,승용,남,24세,상해없음,승용,남,38세,경상