사고번호,사고일시,요일,시군구,사고내용,사망자수,중상자수,경상자수,부상신고자수,사고유형,법규위반,노면상태,기상상태,도로형태,가해운전자 차종,가해운전자 성별,가해운전자 연령,가해운전자 상해정도,피해운전자 차종,피해운전자 성별,피해운전자 연령,피해운전자 상해정도
2022040100100394,2022년 4월 1일 18시,금요일,대전광역시 유성구 도룡동,경상사고,0,0,1,0,차대차 - 기타,안전운전불이행,건조,맑음,단일로 - 기타,승용,남,39세,상해없음,승용,남,55세,경상
2022040100100437,2022년 4월 1일 19시,금요일,대전광역시 서구 갈마동,경상사고,0,0,1,0,차대차 - 측면충돌,안전거리미확보,건조,맑음,기타 - 기타,승용,남,41세,상해없음,이륜,남,20세,경상
2022040100100556,2022년 4월 1일 23시,금요일,대전광역시 서구 가수원동,경상사고,0,0,1,0,차대차 - 추돌,안전운전불이행,건조,맑음,단일로 - 기타,승용,남,19세,상해없음,승용,남,46세,경상
2022040200100018,2022년 4월 2일 00시,토요일,대전광역시 유성구 봉명동,경상사고,0,0,1,0,차대차 - 기타,안전운전불이행,건조,맑음,단일로 - 기타,승용,남,65세,기타불명,승용,남,40세,경상
2022040200100094,2022년 4월 2일 09시,토요일,대전광역시 서구 탄방동,경상사고,0,0,2,0,차대차 - 기타,안전운전불이행,건조,맑음,단일로 - 기타,승용,남,37세,상해없음,승용,여,57세,경상
2022040200100095,2022년 4월 2일 09시,토요일,대전광역시 유성구 지족동,부상신고사고,0,0,0,1,차대차 - 측면충돌,안전거리미확보,건조,맑음,단일로 - 기타,승용,남,62세,상해없음,승용,남,24세,부상신고
2022040200100165,2022년 4월 2일 11시,토요일,대전광역시 대덕구 신대동,경상사고,0,0,3,0,차대차 - 기타,안전거리미확보,건조,맑음,단일로 - 기타,승용,여,30세,상해없음,승용,여,55세,경상
2022040200100166,2022년 4월 2일 11시,토요일,대전광역시 대덕구 와동,경상사고,0,0,1,0,차대차 - 측면충돌,안전운전불이행,건조,맑음,단일로 - 기타,승용,남,68세,기타불명,건설기계,남,64세,경상
2022040200100167,2022년 4월 2일 11시,토요일,대전광역시 유성구 관평동,경상사고,0,0,2,0,차대차 - 기타,안전운전불이행,건조,맑음,교차로 - 교차로부근,승용,남,33세,상해없음,승용,여,36세,경상
2022040200100168,2022년 4월 2일 11시,토요일,대전광역시 유성구 봉명동,경상사고,0,0,3,0,차대차 - 기타,안전거리미확보,건조,맑음,단일로 - 기타,이륜,남,40세,기타불명,승용,여,54세,경상
2022040200100201,2022년 4월 2일 12시,토요일,대전광역시 유성구 원신흥동,경상사고,0,0,3,0,차대차 - 기타,신호위반,건조,맑음,교차로 - 교차로안,승용,여,56세,경상,승용,남,60세,경상
2022040200100239,2022년 4월 2일 13시,토요일,대전광역시 유성구 외삼동,경상사고,0,0,1,0,차대차 - 추돌,안전운전불이행,건조,맑음,교차로 - 교차로부근,승합,남,50세,기타불명,승용,남,42세,경상
2022040200100322,2022년 4월 2일 15시,토요일,대전광역시 동구 가양동,경상사고,0,0,1,0,차대차 - 기타,신호위반,건조,맑음,교차로 - 교차로안,승용,남,25세,상해없음,이륜,남,22세,경상
2022040200100323,2022년 4월 2일 15시,토요일,대전광역시 서구 갈마동,경상사고,0,0,2,0,차대차 - 기타,안전운전불이행,건조,맑음,교차로 - 교차로안,승용,남,25세,경상,이륜,남,21세,경상
2022040200100358,2022년 4월 2일 16시,토요일,대전광역시 서구 탄방동,경상사고,0,0,1,0,차대사람 - 기타,안전운전불이행,건조,맑음,교차로 - 교차로부근,승용,남,52세,기타불명,보행자,남,32세,경상
2022040200100400,2022년 4월 2일 17시,토요일,대전광역시 유성구 장대동,부상신고사고,0,0,0,1,차대차 - 추돌,안전운전불이행,건조,맑음,단일로 - 기타,승용,남,61세,상해없음,승용,남,64세,부상신고
2022040200100465,2022년 4월 2일 19시,토요일,대전광역시 서구 가수원동,경상사고,0,0,1,0,차대차 - 측면충돌,안전운전불이행,건조,맑음,기타 - 기타,승용,여,29세,상해없음,이륜,남,42세,경상
2022040200100489,2022년 4월 2일 20시,토요일,대전광역시 유성구 방동,중상사고,0,2,0,0,차대차 - 측면충돌,신호위반,건조,맑음,교차로 - 교차로안,승용,남,62세,기타불명,승용,여,57세,중상
2022040200100562,2022년 4월 2일 23시,토요일,대전광역시 서구 둔산동,경상사고,0,0,1,0,차대사람 - 기타,안전운전불이행,건조,맑음,교차로 - 교차로안,승용,남,21세,상해없음,보행자,여,19세,경상
2022040200100563,2022년 4월 2일 23시,토요일,대전광역시 서구 갈마동,경상사고,0,0,2,0,차대차 - 기타,안전운전불이행,건조,맑음,교차로 - 교차로안,승용,남,31세,기타불명,승용,여,22세,경상
2022040300100014,2022년 4월 3일 00시,일요일,대전광역시 중구 선화동,경상사고,0,0,1,0,차대차 - 추돌,안전운전불이행,건조,맑음,교차로 - 교차로부근,승용,남,78세,상해없음,원동기,남,38세,경상
2022040300100023,2022년 4월 3일 02시,일요일,대전광역시 중구 선화동,경상사고,0,0,1,0,차량단독 - 기타,안전운전불이행,건조,맑음,교차로 - 교차로안,승용,남,56세,상해없음,,,,
2022040300100030,2022년 4월 3일 05시,일요일,대전광역시 서구 둔산동,경상사고,0,0,1,0,차대차 - 기타,직진우회전진행방해,건조,맑음,교차로 - 교차로안,승용,남,27세,상해없음,승용,남,65세,경상
2022040300100149,2022년 4월 3일 13시,일요일,대전광역시 서구 월평동,경상사고,0,0,1,0,차대차 - 기타,안전운전불이행,건조,맑음,단일로 - 기타,승용,여,62세,상해없음,승용,남,66세,경상
2022040300100150,2022년 4월 3일 13시,일요일,대전광역시 서구 둔산동,중상사고,0,1,0,0,차대사람 - 횡단중,보행자보호의무위반,건조,맑음,교차로 - 교차로횡단보도내,승용,여,34세,상해없음,보행자,여,42세,중상
2022040300100151,2022년 4월 3일 13시,일요일,대전광역시 유성구 궁동,경상사고,0,0,3,0,차대차 - 추돌,안전거리미확보,건조,맑음,단일로 - 지하차도(도로)내,승용,남,26세,기타불명,승용,여,53세,경상
2022040300100189,2022년 4월 3일 14시,일요일,대전광역시 중구 대흥동,경상사고,0,0,1,0,차대차 - 측면충돌,교차로운행방법위반,건조,맑음,교차로 - 교차로안,승용,여,63세,상해없음,화물,남,49세,경상
2022040300100225,2022년 4월 3일 15시,일요일,대전광역시 서구 갈마동,경상사고,0,0,4,0,차대차 - 추돌,안전운전불이행,건조,맑음,단일로 - 기타,승용,여,53세,상해없음,승용,여,44세,경상
2022040300100259,2022년 4월 3일 16시,일요일,대전광역시 동구 대성동,경상사고,0,0,2,0,차대차 - 기타,안전거리미확보,건조,맑음,단일로 - 기타,승용,여,76세,상해없음,승용,남,39세,경상
2022040300100293,2022년 4월 3일 17시,일요일,대전광역시 서구 탄방동,경상사고,0,0,1,0,차대차 - 측면충돌,안전운전불이행,건조,맑음,기타 - 기타,승용,남,51세,상해없음,이륜,남,21세,경상
2022040300100294,2022년 4월 3일 17시,일요일,대전광역시 유성구 관평동,경상사고,0,0,1,0,차대차 - 기타,중앙선침범,건조,맑음,교차로 - 교차로부근,승용,남,37세,상해없음,이륜,남,63세,경상
2022040300100295,2022년 4월 3일 17시,일요일,대전광역시 유성구 장대동,경상사고,0,0,2,0,차대차 - 기타,신호위반,건조,맑음,기타 - 기타,화물,남,64세,상해없음,승용,남,32세,경상
2022040300100323,2022년 4월 3일 18시,일요일,대전광역시 유성구 구암동,경상사고,0,0,1,0,차대차 - 기타,안전거리미확보,건조,맑음,교차로 - 교차로부근,화물,남,59세,상해없음,승용,여,41세,경상
2022040300100324,2022년 4월 3일 18시,일요일,대전광역시 유성구 궁동,경상사고,0,0,3,0,차대차 - 기타,안전거리미확보,건조,맑음,단일로 - 기타,승용,남,57세,기타불명,화물,남,59세,경상
2022040300100325,2022년 4월 3일 18시,일요일,대전광역시 유성구 덕명동,경상사고,0,0,1,0,차대차 - 기타,안전운전불이행,건조,맑음,교차로 - 교차로횡단보도내,승용,남,24세,상해없음,자전거,남,13세,경상
2022040300100351,2022년 4월 3일 19시,일요일,대전광역시 대덕구 송촌동,경상사고,0,0,2,0,차대차 - 기타,교차로운행방법위반,건조,맑음,교차로 - 교차로안,승용,남,56세,상해없음,승용,여,54세,경상
2022040300100352,2022년 4월 3일 19시,일요일,대전광역시 유성구 교촌동,경상사고,0,0,1,0,차대차 - 기타,신호위반,건조,맑음,교차로 - 교차로안,이륜,남,45세,상해없음,화물,남,59세,경상
2022040300100388,2022년 4월 3일 21시,일요일,대전광역시 서구 탄방동,중상사고,0,1,0,0,차대차 - 기타,안전운전불이행,건조,맑음,교차로 - 교차로안,승용,여,30세,기타불명,승용,남,35세,중상
2022040300100409,2022년 4월 3일 22시,일요일,대전광역시 중구 유천동,중상사고,0,1,0,0,차대차 - 기타,신호위반,건조,맑음,교차로 - 교차로부근,이륜,남,30세,기타불명,승용,남,70세,중상
2022040300100410,2022년 4월 3일 22시,일요일,대전광역시 유성구 노은동,경상사고,0,0,1,0,차대차 - 기타,안전운전불이행,건조,맑음,기타 - 기타,승용,여,58세,상해없음,자전거,남,16세,경상
2022040400100031,2022년 4월 4일 05시,월요일,대전광역시 중구 대사동,경상사고,0,0,1,0,차대차 - 측면충돌,안전운전불이행,건조,맑음,교차로 - 교차로안,화물,남,54세,상해없음,승합,남,55세,경상
2022040400100076,2022년 4월 4일 07시,월요일,대전광역시 서구 도마동,경상사고,0,0,2,0,차대차 - 기타,신호위반,건조,맑음,교차로 - 교차로안,승용,여,53세,상해없음,승용,남,32세,경상
2022040400100112,2022년 4월 4일 08시,월요일,대전광역시 중구 선화동,중상사고,0,1,0,0,차대사람 - 횡단중,신호위반,건조,맑음,교차로 - 교차로횡단보도내,승용,남,55세,상해없음,보행자,여,29세,중상
2022040400100113,2022년 4월 4일 08시,월요일,대전광역시 서구 둔산동,중상사고,0,1,0,0,차대차 - 기타,안전운전불이행,건조,맑음,교차로 - 교차로안,승용,남,39세,상해없음,승용,여,68세,중상
2022040400100150,2022년 4월 4일 09시,월요일,대전광역시 대덕구 상서동,경상사고,0,0,1,0,차대차 - 기타,안전운전불이행,건조,맑음,단일로 - 기타,승용,남,38세,상해없음,승용,남,49세,경상
2022040400100175,2022년 4월 4일 10시,월요일,대전광역시 서구 가수원동,경상사고,0,0,1,0,차대사람 - 기타,안전운전불이행,건조,맑음,단일로 - 기타,승용,여,58세,상해없음,보행자,여,29세,경상
2022040400100176,2022년 4월 4일 10시,월요일,대전광역시 유성구 봉명동,경상사고,0,0,1,0,차대차 - 기타,안전운전불이행,건조,맑음,교차로 - 교차로안,승용,남,48세,기타불명,이륜,남,79세,경상
2022040400100213,2022년 4월 4일 11시,월요일,대전광역시 중구 대흥동,경상사고,0,0,5,0,차대차 - 기타,안전거리미확보,건조,맑음,교차로 - 교차로안,승용,남,64세,경상,승용,남,29세,경상
2022040400100237,2022년 4월 4일 12시,월요일,대전광역시 유성구 관평동,경상사고,0,0,1,0,차대차 - 기타,직진우회전진행방해,건조,맑음,교차로 - 교차로안,승용,여,45세,상해없음,이륜,남,39세,경상
2022040400100324,2022년 4월 4일 15시,월요일,대전광역시 동구 인동,경상사고,0,0,2,0,차대차 - 측면충돌,중앙선침범,건조,맑음,단일로 - 기타,자전거,남,71세,경상,승용,여,63세,경상
2022040400100358,2022년 4월 4일 16시,월요일,대전광역시 중구 문화동,경상사고,0,0,1,0,차대차 - 추돌,안전운전불이행,건조,맑음,단일로 - 기타,승용,여,52세,상해없음,승용,남,31세,경상
2022040400100398,2022년 4월 4일 17시,월요일,대전광역시 동구 정동,경상사고,0,0,1,0,차대차 - 측면충돌,안전거리미확보,건조,맑음,단일로 - 기타,화물,남,64세,상해없음,승용,남,56세,경상
2022040400100399,2022년 4월 4일 17시,월요일,대전광역시 서구 탄방동,중상사고,0,1,0,0,차대사람 - 차도통행중,안전운전불이행,건조,맑음,교차로 - 교차로부근,승용,여,30세,상해없음,보행자,여,31세,중상
2022040400100442,2022년 4월 4일 18시,월요일,대전광역시 대덕구 덕암동,중상사고,0,1,0,0,차대사람 - 횡단중,안전운전불이행,건조,맑음,교차로 - 교차로안,승용,남,41세,상해없음,보행자,여,82세,중상
2022040400100472,2022년 4월 4일 19시,월요일,대전광역시 대덕구 오정동,중상사고,0,1,0,0,차대차 - 기타,안전운전불이행,건조,맑음,교차로 - 교차로횡단보도내,승용,남,61세,상해없음,자전거,남,37세,중상
2022040400100493,2022년 4월 4일 20시,월요일,대전광역시 서구 도안동,경상사고,0,0,2,0,차대차 - 기타,안전운전불이행,건조,맑음,교차로 - 교차로안,승용,여,23세,상해없음,승용,여,41세,경상
2022040400100543,2022년 4월 4일 23시,월요일,대전광역시 서구 갈마동,경상사고,0,0,1,0,차대사람 - 횡단중,보행자보호의무위반,건조,맑음,교차로 - 교차로횡단보도내,승용,남,45세,상해없음,보행자,여,14세,경상
2022040400100544,2022년 4월 4일 23시,월요일,대전광역시 서구 탄방동,경상사고,0,0,1,0,차대차 - 추돌,안전운전불이행,건조,맑음,교차로 - 교차로안,승용,남,53세,기타불명,승용,여,32세,경상
2022040400100545,2022년 4월 4일 23시,월요일,대전광역시 유성구 복용동,경상사고,0,0,1,0,차대차 - 추돌,안전운전불이행,건조,맑음,단일로 - 기타,화물,남,52세,상해없음,승용,여,38세,경상
2022040500100011,2022년 4월 5일 00시,화요일,대전광역시 서구 둔산동,경상사고,0,0,1,0,차대차 - 측면충돌,안전거리미확보,건조,맑음,단일로 - 기타,승용,남,50세,상해없음,승용,남,34세,경상
2022040500100016,2022년 4월 5일 01시,화요일,대전광역시 중구 대흥동,부상신고사고,0,0,0,1,차대사람 - 기타,안전운전불이행,건조,맑음,단일로 - 기타,승용,남,37세,상해없음,보행자,남,59세,부상신고
2022040500100043,2022년 4월 5일 06시,화요일,대전광역시 대덕구 읍내동,경상사고,0,0,1,0,차대차 - 추돌,안전운전불이행,건조,맑음,단일로 - 기타,특수,남,28세,상해없음,승용,여,53세,경상
2022040500100066,2022년 4월 5일 07시,화요일,대전광역시 유성구 봉명동,경상사고,0,0,1,0,차대차 - 기타,안전운전불이행,건조,맑음,단일로 - 기타,승용,남,70세,상해없음,승용,남,26세,경상
2022040500100103,2022년 4월 5일 08시,화요일,대전광역시 서구 둔산동,경상사고,0,0,1,0,차대차 - 추돌,안전운전불이행,건조,맑음,교차로 - 교차로부근,승용,남,41세,상해없음,승용,여,35세,경상
2022040500100162,2022년 4월 5일 10시,화요일,대전광역시 유성구 자운동,경상사고,0,0,1,0,차대차 - 측면충돌,안전운전불이행,건조,맑음,교차로 - 교차로안,승용,남,52세,기타불명,승용,남,59세,경상
2022040500100197,2022년 4월 5일 11시,화요일,대전광역시 동구 용전동,경상사고,0,0,2,0,차대차 - 정면충돌,안전운전불이행,건조,맑음,단일로 - 기타,승용,남,33세,상해없음,승용,남,58세,경상
2022040500100198,2022년 4월 5일 11시,화요일,대전광역시 서구 둔산동,경상사고,0,0,1,0,차대사람 - 기타,안전운전불이행,건조,맑음,단일로 - 기타,승용,여,59세,상해없음,보행자,남,62세,경상
2022040500100199,2022년 4월 5일 11시,화요일,대전광역시 서구 둔산동,중상사고,0,1,0,0,차대사람 - 기타,안전운전불이행,건조,맑음,단일로 - 기타,승용,여,48세,상해없음,보행자,여,40세,중상
2022040500100232,2022년 4월 5일 12시,화요일,대전광역시 중구 태평동,사망사고,1,0,0,0,차대사람 - 횡단중,보행자보호의무위반,건조,맑음,교차로 - 교차로횡단보도내,건설기계,남,56세,기타불명,보행자,여,73세,사망
2022040500100267,2022년 4월 5일 13시,화요일,대전광역시 대덕구 읍내동,경상사고,0,0,1,0,차대차 - 측면충돌,안전운전불이행,건조,맑음,단일로 - 기타,건설기계,남,53세,상해없음,화물,남,73세,경상
2022040500100268,2022년 4월 5일 13시,화요일,대전광역시 유성구 도룡동,경상사고,0,0,1,1,차대차 - 기타,차로위반,건조,맑음,교차로 - 교차로부근,승용,여,70세,상해없음,기타불명,기타불명,미분류,기타불명
2022040500100297,2022년 4월 5일 14시,화요일,대전광역시 대덕구 석봉동,경상사고,0,0,1,0,차대차 - 측면충돌,신호위반,건조,맑음,교차로 - 교차로안,승용,남,42세,기타불명,화물,남,35세,경상
2022040500100361,2022년 4월 5일 16시,화요일,대전광역시 중구 오류동,경상사고,0,0,2,0,차대차 - 측면충돌,신호위반,건조,맑음,교차로 - 교차로안,화물,남,57세,상해없음,승용,여,63세,경상
2022040500100397,2022년 4월 5일 17시,화요일,대전광역시 유성구 장대동,경상사고,0,0,1,0,차대사람 - 차도통행중,안전운전불이행,건조,맑음,단일로 - 기타,승용,남,41세,상해없음,보행자,남,60세,경상
2022040500100434,2022년 4월 5일 18시,화요일,대전광역시 중구 대사동,경상사고,0,0,2,0,차대차 - 기타,신호위반,건조,맑음,교차로 - 교차로안,승용,남,40세,경상,승용,여,55세,경상
2022040500100435,2022년 4월 5일 18시,화요일,대전광역시 대덕구 석봉동,경상사고,0,0,1,0,차대차 - 추돌,안전운전불이행,건조,맑음,주차장 - 주차장,승합,여,42세,상해없음,승용,남,38세,경상
2022040500100462,2022년 4월 5일 19시,화요일,대전광역시 동구 소제동,부상신고사고,0,0,0,1,차대차 - 측면충돌,안전거리미확보,건조,맑음,교차로 - 교차로부근,이륜,남,52세,부상신고,승용,남,75세,상해없음
2022040500100463,2022년 4월 5일 19시,화요일,대전광역시 유성구 구암동,중상사고,0,1,0,0,차대차 - 기타,안전운전불이행,건조,맑음,교차로 - 교차로안,승용,남,36세,상해없음,개인형이동수단(PM),여,62세,중상
2022040500100493,2022년 4월 5일 20시,화요일,대전광역시 유성구 상대동,중상사고,0,1,0,0,차대사람 - 기타,신호위반,건조,맑음,교차로 - 교차로횡단보도내,이륜,남,23세,상해없음,보행자,여,61세,중상
2022040500100538,2022년 4월 5일 22시,화요일,대전광역시 동구 가양동,경상사고,0,0,1,2,차대차 - 정면충돌,안전운전불이행,건조,맑음,기타 - 기타,승용,남,57세,상해없음,승용,남,68세,경상
2022040500100539,2022년 4월 5일 22시,화요일,대전광역시 서구 관저동,중상사고,0,1,4,0,차대차 - 측면충돌,중앙선침범,건조,맑음,교차로 - 교차로안,승용,여,40세,상해없음,승용,여,42세,경상
2022040600100062,2022년 4월 6일 07시,수요일,대전광역시 서구 도마동,경상사고,0,0,1,0,차대차 - 측면충돌,신호위반,건조,맑음,교차로 - 교차로안,승용,여,59세,상해없음,승용,여,55세,경상
2022040600100094,2022년 4월 6일 08시,수요일,대전광역시 동구 대동,경상사고,0,0,1,0,차대차 - 측면충돌,안전운전불이행,건조,맑음,교차로 - 교차로횡단보도내,이륜,남,48세,상해없음,자전거,남,14세,경상
2022040600100095,2022년 4월 6일 08시,수요일,대전광역시 동구 성남동,중상사고,0,1,0,0,차대사람 - 보도통행중,기타,건조,맑음,기타 - 기타,자전거,남,12세,상해없음,보행자,여,69세,중상
2022040600100096,2022년 4월 6일 08시,수요일,대전광역시 서구 탄방동,경상사고,0,0,1,0,차대차 - 기타,중앙선침범,건조,맑음,단일로 - 기타,이륜,남,77세,기타불명,승용,여,31세,경상
2022040600100120,2022년 4월 6일 09시,수요일,대전광역시 서구 변동,중상사고,0,1,0,0,차대차 - 측면충돌,안전운전불이행,건조,맑음,단일로 - 기타,승용,남,73세,상해없음,승용,남,55세,중상
2022040600100174,2022년 4월 6일 11시,수요일,대전광역시 동구 중동,경상사고,0,0,1,0,차대차 - 측면충돌,안전거리미확보,건조,맑음,교차로 - 교차로부근,승용,남,76세,상해없음,승용,남,51세,경상
2022040600100175,2022년 4월 6일 11시,수요일,대전광역시 유성구 장대동,경상사고,0,0,1,0,차대차 - 측면충돌,안전운전불이행,건조,맑음,기타 - 기타,승용,남,21세,상해없음,승합,남,41세,경상
2022040600100203,2022년 4월 6일 12시,수요일,대전광역시 동구 인동,경상사고,0,0,1,0,차대차 - 측면충돌,안전거리미확보,건조,맑음,단일로 - 기타,이륜,남,70세,상해없음,화물,남,41세,경상
2022040600100226,2022년 4월 6일 13시,수요일,대전광역시 서구 도마동,경상사고,0,0,1,0,차대사람 - 기타,안전운전불이행,건조,맑음,교차로 - 교차로안,승용,남,77세,상해없음,보행자,여,82세,경상
2022040600100252,2022년 4월 6일 14시,수요일,대전광역시 유성구 도룡동,경상사고,0,0,2,0,차대차 - 정면충돌,안전거리미확보,건조,맑음,단일로 - 기타,승용,여,26세,경상,승용,남,41세,경상
2022040600100284,2022년 4월 6일 15시,수요일,대전광역시 서구 갈마동,경상사고,0,0,1,0,차대사람 - 기타,보행자보호의무위반,건조,맑음,교차로 - 교차로안,승용,남,46세,상해없음,보행자,여,43세,경상
2022040600100285,2022년 4월 6일 15시,수요일,대전광역시 유성구 상대동,경상사고,0,0,1,0,차대차 - 측면충돌,안전운전불이행,건조,맑음,교차로 - 교차로횡단보도내,승용,여,43세,상해없음,자전거,남,8세,경상
2022040600100286,2022년 4월 6일 15시,수요일,대전광역시 유성구 구암동,경상사고,0,0,1,0,차대사람 - 차도통행중,안전운전불이행,건조,맑음,단일로 - 기타,화물,남,55세,상해없음,보행자,남,28세,경상
2022040600100326,2022년 4월 6일 16시,수요일,대전광역시 유성구 방동,중상사고,0,2,0,0,차대차 - 추돌,안전거리미확보,건조,맑음,교차로 - 교차로부근,승용,남,64세,상해없음,승용,남,28세,중상
2022040600100378,2022년 4월 6일 17시,수요일,대전광역시 중구 문창동,중상사고,0,1,0,0,차대차 - 측면충돌,안전운전불이행,건조,맑음,교차로 - 교차로안,자전거,남,15세,중상,화물,남,58세,상해없음
2022040600100457,2022년 4월 6일 19시,수요일,대전광역시 동구 신상동,경상사고,0,0,1,0,차대차 - 기타,안전운전불이행,건조,맑음,단일로 - 기타,승용,여,50세,상해없음,화물,남,54세,경상
2022040600100485,2022년 4월 6일 20시,수요일,대전광역시 서구 둔산동,사망사고,1,0,0,0,차대사람 - 횡단중,보행자보호의무위반,건조,맑음,교차로 - 교차로횡단보도내,승합,남,58세,기타불명,보행자,여,70세,사망
2022040600100486,2022년 4월 6일 20시,수요일,대전광역시 유성구 노은동,부상신고사고,0,0,0,1,차대사람 - 기타,안전운전불이행,건조,맑음,단일로 - 기타,승용,남,52세,상해없음,보행자,남,33세,부상신고
2022040600100507,2022년 4월 6일 21시,수요일,대전광역시 서구 복수동,경상사고,0,0,1,0,차대차 - 측면충돌,교차로운행방법위반,건조,맑음,교차로 - 교차로안,승용,남,69세,상해없음,이륜,남,46세,경상
2022040600100508,2022년 4월 6일 21시,수요일,대전광역시 유성구 구암동,경상사고,0,0,2,0,차대차 - 측면충돌,안전거리미확보,건조,맑음,교차로 - 교차로부근,승용,남,65세,경상,승용,여,63세,경상
2022040600100539,2022년 4월 6일 23시,수요일,대전광역시 유성구 관평동,중상사고,0,2,0,0,차대차 - 기타,신호위반,건조,맑음,교차로 - 교차로안,승용,여,52세,상해없음,승용,남,25세,중상
2022040700100020,2022년 4월 7일 00시,목요일,대전광역시 유성구 장대동,경상사고,0,0,1,0,차대차 - 기타,안전운전불이행,건조,맑음,기타 - 기타,기타불명,기타불명,미분류,기타불명,개인형이동수단(PM),남,31세,경상
2022040700100032,2022년 4월 7일 02시,목요일,대전광역시 유성구 봉명동,중상사고,0,1,1,0,차대차 - 기타,불법유턴,건조,맑음,단일로 - 기타,승용,남,66세,상해없음,승용,남,50세,경상
2022040700100046,2022년 4월 7일 06시,목요일,대전광역시 동구 판암동,중상사고,0,1,0,0,차대사람 - 횡단중,안전운전불이행,건조,맑음,교차로 - 교차로부근,승용,남,69세,상해없음,보행자,여,81세,중상
2022040700100062,2022년 4월 7일 07시,목요일,대전광역시 서구 가수원동,중상사고,0,1,0,0,차대차 - 측면충돌,신호위반,건조,맑음,교차로 - 교차로부근,화물,남,60세,상해없음,승합,남,73세,중상
2022040700100213,2022년 4월 7일 12시,목요일,대전광역시 유성구 봉명동,경상사고,0,0,1,0,차대차 - 측면충돌,안전운전불이행,건조,맑음,단일로 - 기타,이륜,남,40세,상해없음,이륜,남,38세,경상
2022040700100249,2022년 4월 7일 13시,목요일,대전광역시 대덕구 신탄진동,경상사고,0,0,1,0,차대사람 - 횡단중,안전운전불이행,건조,맑음,단일로 - 기타,승용,여,48세,상해없음,보행자,남,78세,경상
2022040700100250,2022년 4월 7일 13시,목요일,대전광역시 대덕구 오정동,중상사고,0,1,0,0,차대차 - 기타,안전운전불이행,건조,맑음,단일로 - 기타,승용,여,56세,상해없음,자전거,남,64세,중상
2022040700100270,2022년 4월 7일 14시,목요일,대전광역시 유성구 상대동,경상사고,0,0,3,0,차대차 - 기타,안전운전불이행,건조,맑음,교차로 - 교차로부근,승용,여,51세,상해없음,승용,여,37세,경상
2022040700100347,2022년 4월 7일 16시,목요일,대전광역시 대덕구 중리동,경상사고,0,0,1,0,차대차 - 측면충돌,교차로운행방법위반,건조,맑음,교차로 - 교차로안,승용,여,52세,상해없음,이륜,남,26세,경상
2022040700100396,2022년 4월 7일 17시,목요일,대전광역시 동구 구도동,중상사고,0,1,4,0,차대차 - 추돌,안전운전불이행,건조,맑음,교차로 - 교차로부근,승용,남,38세,상해없음,화물,남,48세,경상
2022040700100436,2022년 4월 7일 18시,목요일,대전광역시 중구 중촌동,경상사고,0,0,1,0,차대차 - 측면충돌,직진우회전진행방해,건조,맑음,교차로 - 교차로안,승용,남,77세,상해없음,자전거,여,49세,경상
2022040700100437,2022년 4월 7일 18시,목요일,대전광역시 동구 홍도동,중상사고,0,1,1,0,차대차 - 추돌,안전운전불이행,건조,맑음,단일로 - 기타,승용,여,30세,상해없음,승용,남,70세,경상
2022040700100438,2022년 4월 7일 18시,목요일,대전광역시 서구 정림동,경상사고,0,0,1,0,차대차 - 기타,안전운전불이행,건조,맑음,단일로 - 기타,승용,여,51세,상해없음,자전거,남,34세,경상
2022040700100439,2022년 4월 7일 18시,목요일,대전광역시 서구 도마동,부상신고사고,0,0,0,1,차대차 - 기타,안전운전불이행,건조,맑음,단일로 - 기타,이륜,남,51세,기타불명,승용,여,23세,부상신고
2022040700100480,2022년 4월 7일 19시,목요일,대전광역시 서구 둔산동,경상사고,0,0,1,0,차대차 - 기타,차로위반,건조,맑음,단일로 - 기타,승용,남,38세,기타불명,승용,여,39세,경상
2022040700100481,2022년 4월 7일 19시,목요일,대전광역시 유성구 봉명동,경상사고,0,0,1,0,차대차 - 추돌,안전운전불이행,건조,맑음,교차로 - 교차로안,승용,여,59세,상해없음,승용,남,50세,경상
2022040700100504,2022년 4월 7일 20시,목요일,대전광역시 대덕구 송촌동,경상사고,0,0,2,0,차대차 - 기타,안전거리미확보,건조,맑음,단일로 - 기타,승용,남,32세,상해없음,화물,여,65세,경상
2022040800100038,2022년 4월 8일 05시,금요일,대전광역시 동구 용전동,경상사고,0,0,1,0,차대차 - 측면충돌,교차로운행방법위반,건조,맑음,교차로 - 교차로안,승용,남,57세,상해없음,승용,남,55세,경상
2022040800100039,2022년 4월 8일 05시,금요일,대전광역시 유성구 궁동,경상사고,0,0,1,0,차대차 - 기타,안전운전불이행,건조,맑음,교차로 - 교차로부근,승용,여,28세,상해없음,승용,남,25세,경상
2022040800100048,2022년 4월 8일 06시,금요일,대전광역시 서구 둔산동,중상사고,0,1,0,0,차대차 - 기타,안전운전불이행,건조,맑음,단일로 - 기타,승용,여,40세,상해없음,승용,남,57세,중상
2022040800100115,2022년 4월 8일 08시,금요일,대전광역시 동구 원동,경상사고,0,0,1,0,차대차 - 추돌,안전거리미확보,건조,맑음,기타 - 기타,승용,남,36세,기타불명,승용,여,51세,경상
2022040800100116,2022년 4월 8일 08시,금요일,대전광역시 유성구 장동,중상사고,0,1,2,0,차대차 - 추돌,안전운전불이행,건조,맑음,교차로 - 교차로부근,승합,남,44세,상해없음,승용,여,52세,중상
2022040800100117,2022년 4월 8일 08시,금요일,대전광역시 유성구 장대동,중상사고,0,1,2,0,차대차 - 측면충돌,신호위반,건조,맑음,교차로 - 교차로안,승용,여,28세,기타불명,승용,남,50세,경상