사고번호,사고일시,요일,시군구,사고내용,사망자수,중상자수,경상자수,부상신고자수,사고유형,법규위반,노면상태,기상상태,도로형태,가해운전자 차종,가해운전자 성별,가해운전자 연령,가해운전자 상해정도,피해운전자 차종,피해운전자 성별,피해운전자 연령,피해운전자 상해정도
2022040800100154,2022년 4월 8일 09시,금요일,대전광역시 대덕구 읍내동,경상사고,0,0,1,0,차대차 - 기타,안전운전불이행,건조,맑음,단일로 - 기타,화물,남,68세,상해없음,승용,여,48세,경상
2022040800100155,2022년 4월 8일 09시,금요일,대전광역시 유성구 구암동,중상사고,0,1,0,0,차대차 - 추돌,안전운전불이행,건조,맑음,교차로 - 교차로횡단보도내,승용,여,44세,상해없음,이륜,남,69세,중상
2022040800100179,2022년 4월 8일 10시,금요일,대전광역시 서구 갈마동,경상사고,0,0,1,0,차대차 - 기타,안전거리미확보,건조,맑음,단일로 - 기타,승용,여,51세,상해없음,승용,남,39세,경상
2022040800100208,2022년 4월 8일 11시,금요일,대전광역시 중구 선화동,경상사고,0,0,1,0,차대차 - 측면충돌,직진우회전진행방해,건조,맑음,교차로 - 교차로안,승용,여,54세,상해없음,승용,남,26세,경상
2022040800100240,2022년 4월 8일 12시,금요일,대전광역시 서구 도안동,경상사고,0,0,1,0,차대차 - 측면충돌,차로위반,건조,맑음,교차로 - 교차로부근,승용,여,57세,상해없음,승용,여,36세,경상
2022040800100241,2022년 4월 8일 12시,금요일,대전광역시 유성구 봉명동,경상사고,0,0,3,0,차대차 - 추돌,안전운전불이행,건조,맑음,단일로 - 기타,승용,여,55세,상해없음,이륜,남,37세,경상
2022040800100272,2022년 4월 8일 13시,금요일,대전광역시 서구 탄방동,경상사고,0,0,1,0,차대차 - 측면충돌,안전운전불이행,건조,맑음,교차로 - 교차로안,승용,남,55세,상해없음,승용,여,27세,경상
2022040800100273,2022년 4월 8일 13시,금요일,대전광역시 대덕구 중리동,경상사고,0,0,1,0,차대차 - 기타,기타,건조,맑음,기타 - 기타,승용,남,62세,상해없음,원동기,남,29세,경상
2022040800100305,2022년 4월 8일 14시,금요일,대전광역시 대덕구 비래동,경상사고,0,0,2,0,차대차 - 기타,안전거리미확보,건조,맑음,기타 - 기타,승용,남,72세,상해없음,화물,남,49세,경상
2022040800100356,2022년 4월 8일 15시,금요일,대전광역시 중구 안영동,경상사고,0,0,1,0,차대차 - 기타,안전운전불이행,건조,맑음,단일로 - 기타,승합,여,65세,상해없음,승용,여,68세,경상
2022040800100402,2022년 4월 8일 16시,금요일,대전광역시 중구 오류동,경상사고,0,0,3,0,차대차 - 추돌,안전운전불이행,건조,맑음,교차로 - 교차로안,승용,여,47세,기타불명,승용,여,53세,경상
2022040800100403,2022년 4월 8일 16시,금요일,대전광역시 유성구 구암동,경상사고,0,0,2,0,차대차 - 측면충돌,안전운전불이행,건조,맑음,단일로 - 기타,화물,여,59세,기타불명,화물,남,32세,경상
2022040800100463,2022년 4월 8일 17시,금요일,대전광역시 중구 오류동,경상사고,0,0,1,0,차대차 - 측면충돌,교차로운행방법위반,건조,맑음,교차로 - 교차로안,승용,남,73세,상해없음,승용,남,36세,경상
2022040800100510,2022년 4월 8일 18시,금요일,대전광역시 중구 선화동,중상사고,0,1,0,0,차량단독 - 기타,안전운전불이행,건조,맑음,교차로 - 교차로부근,승합,남,47세,상해없음,,,,
2022040800100511,2022년 4월 8일 18시,금요일,대전광역시 동구 삼성동,경상사고,0,0,2,0,차대차 - 측면충돌,안전거리미확보,건조,맑음,단일로 - 기타,승용,여,59세,상해없음,승용,여,66세,경상
2022040800100512,2022년 4월 8일 18시,금요일,대전광역시 대덕구 신탄진동,경상사고,0,0,2,0,차대차 - 기타,교차로운행방법위반,건조,맑음,교차로 - 교차로안,승용,남,31세,상해없음,승용,여,26세,경상
2022040800100513,2022년 4월 8일 18시,금요일,대전광역시 유성구 궁동,경상사고,0,0,1,0,차대사람 - 기타,안전운전불이행,건조,맑음,단일로 - 기타,이륜,남,37세,상해없음,보행자,여,23세,경상
2022040800100570,2022년 4월 8일 19시,금요일,대전광역시 유성구 계산동,경상사고,0,0,1,0,차대사람 - 횡단중,신호위반,건조,맑음,교차로 - 교차로횡단보도내,승용,여,46세,기타불명,보행자,남,44세,경상
2022040800100617,2022년 4월 8일 20시,금요일,대전광역시 서구 둔산동,중상사고,0,1,1,0,차대차 - 정면충돌,신호위반,건조,맑음,교차로 - 교차로안,화물,여,24세,상해없음,이륜,남,33세,중상
2022040800100646,2022년 4월 8일 21시,금요일,대전광역시 중구 유천동,중상사고,0,2,0,0,차대차 - 기타,안전운전불이행,건조,맑음,단일로 - 기타,승용,남,75세,상해없음,승용,남,53세,기타불명
2022040800100647,2022년 4월 8일 21시,금요일,대전광역시 중구 대흥동,경상사고,0,0,1,0,차대차 - 후진중충돌,안전운전불이행,건조,맑음,교차로 - 교차로안,승용,남,59세,상해없음,승용,남,52세,경상
2022040800100648,2022년 4월 8일 21시,금요일,대전광역시 서구 월평동,경상사고,0,0,2,0,차대차 - 측면충돌,안전운전불이행,건조,맑음,교차로 - 교차로안,승용,남,27세,경상,승용,남,57세,경상
2022040800100667,2022년 4월 8일 22시,금요일,대전광역시 동구 가오동,경상사고,0,0,1,0,차대사람 - 보도통행중,기타,건조,맑음,단일로 - 기타,이륜,남,43세,상해없음,보행자,여,26세,경상
2022040900100045,2022년 4월 9일 02시,토요일,대전광역시 대덕구 중리동,중상사고,0,1,0,0,차대사람 - 횡단중,보행자보호의무위반,건조,맑음,교차로 - 교차로안,승용,남,23세,상해없음,보행자,남,56세,중상
2022040900100054,2022년 4월 9일 04시,토요일,대전광역시 동구 소제동,경상사고,0,0,2,0,차대차 - 측면충돌,신호위반,건조,맑음,교차로 - 교차로안,승용,남,49세,상해없음,승용,남,61세,경상
2022040900100096,2022년 4월 9일 08시,토요일,대전광역시 중구 중촌동,사망사고,1,0,0,0,차량단독 - 전도전복 - 전복,안전운전불이행,건조,맑음,단일로 - 고가도로위,승용,남,83세,사망,,,,
2022040900100114,2022년 4월 9일 09시,토요일,대전광역시 서구 용문동,경상사고,0,0,1,0,차대차 - 측면충돌,교차로운행방법위반,건조,맑음,교차로 - 교차로안,승용,남,50세,상해없음,승용,여,59세,경상
2022040900100145,2022년 4월 9일 10시,토요일,대전광역시 동구 가오동,경상사고,0,0,1,0,차대사람 - 횡단중,보행자보호의무위반,건조,맑음,교차로 - 교차로횡단보도내,승용,남,53세,상해없음,보행자,남,8세,경상
2022040900100146,2022년 4월 9일 10시,토요일,대전광역시 서구 괴정동,경상사고,0,0,1,0,차대사람 - 보도통행중,안전운전불이행,건조,맑음,단일로 - 기타,승용,여,50세,상해없음,보행자,여,26세,경상
2022040900100147,2022년 4월 9일 10시,토요일,대전광역시 서구 탄방동,경상사고,0,0,5,0,차대차 - 추돌,안전운전불이행,건조,맑음,교차로 - 교차로안,승용,여,27세,상해없음,승용,여,41세,경상
2022040900100269,2022년 4월 9일 13시,토요일,대전광역시 서구 도마동,중상사고,0,1,0,0,차대사람 - 기타,안전운전불이행,건조,맑음,단일로 - 기타,건설기계,남,57세,상해없음,보행자,남,40세,중상
2022040900100270,2022년 4월 9일 13시,토요일,대전광역시 대덕구 비래동,경상사고,0,0,1,0,차대차 - 추돌,안전운전불이행,건조,맑음,단일로 - 기타,승용,여,55세,상해없음,승용,남,41세,경상
2022040900100327,2022년 4월 9일 14시,토요일,대전광역시 서구 가장동,경상사고,0,0,1,0,차대차 - 측면충돌,안전운전불이행,건조,맑음,교차로 - 교차로안,승용,남,46세,상해없음,승용,여,41세,경상
2022040900100365,2022년 4월 9일 15시,토요일,대전광역시 유성구 궁동,경상사고,0,0,1,0,차대차 - 측면충돌,안전운전불이행,건조,맑음,교차로 - 교차로안,승용,남,28세,상해없음,원동기,남,61세,경상
2022040900100403,2022년 4월 9일 16시,토요일,대전광역시 서구 관저동,경상사고,0,0,1,0,차대차 - 측면충돌,안전운전불이행,건조,맑음,단일로 - 기타,승용,남,40세,상해없음,승용,여,23세,경상
2022040900100451,2022년 4월 9일 17시,토요일,대전광역시 동구 성남동,중상사고,0,1,2,0,차대차 - 추돌,안전운전불이행,건조,맑음,단일로 - 기타,이륜,남,48세,중상,승용,남,62세,경상
2022040900100452,2022년 4월 9일 17시,토요일,대전광역시 유성구 장대동,경상사고,0,0,1,0,차대차 - 기타,신호위반,건조,맑음,교차로 - 교차로안,승용,여,38세,상해없음,승용,여,53세,경상
2022040900100481,2022년 4월 9일 18시,토요일,대전광역시 중구 부사동,경상사고,0,0,1,0,차대차 - 기타,안전운전불이행,건조,맑음,교차로 - 교차로안,승용,남,29세,상해없음,이륜,남,33세,경상
2022040900100482,2022년 4월 9일 18시,토요일,대전광역시 대덕구 덕암동,경상사고,0,0,1,0,차대사람 - 횡단중,신호위반,건조,맑음,교차로 - 교차로횡단보도내,화물,남,59세,상해없음,보행자,남,17세,경상
2022040900100483,2022년 4월 9일 18시,토요일,대전광역시 유성구 원내동,부상신고사고,0,0,0,2,차대차 - 추돌,안전운전불이행,건조,맑음,단일로 - 기타,화물,남,54세,기타불명,승용,남,57세,부상신고
2022040900100512,2022년 4월 9일 19시,토요일,대전광역시 서구 갈마동,경상사고,0,0,2,0,차대차 - 기타,안전운전불이행,건조,맑음,단일로 - 기타,승용,남,24세,상해없음,승용,여,31세,경상
2022040900100545,2022년 4월 9일 20시,토요일,대전광역시 중구 대흥동,경상사고,0,0,1,0,차대사람 - 기타,안전운전불이행,건조,맑음,단일로 - 기타,승용,남,32세,상해없음,보행자,남,47세,경상
2022040900100590,2022년 4월 9일 22시,토요일,대전광역시 대덕구 대화동,경상사고,0,0,1,0,차대차 - 측면충돌,안전거리미확보,건조,맑음,단일로 - 기타,승용,남,54세,상해없음,승용,남,42세,경상
2022040900100591,2022년 4월 9일 22시,토요일,대전광역시 유성구 관평동,경상사고,0,0,1,0,차대사람 - 기타,안전운전불이행,건조,맑음,단일로 - 기타,이륜,남,50세,기타불명,보행자,남,19세,경상
2022041000100018,2022년 4월 10일 00시,일요일,대전광역시 서구 월평동,중상사고,0,2,0,0,차대차 - 측면충돌,신호위반,건조,맑음,교차로 - 교차로안,승용,남,29세,상해없음,승용,남,53세,중상
2022041000100067,2022년 4월 10일 08시,일요일,대전광역시 서구 도안동,중상사고,0,1,0,0,차대사람 - 기타,신호위반,건조,맑음,교차로 - 교차로횡단보도내,승용,남,71세,상해없음,보행자,여,68세,중상
2022041000100126,2022년 4월 10일 11시,일요일,대전광역시 중구 사정동,경상사고,0,0,1,0,차대차 - 기타,안전운전불이행,건조,맑음,단일로 - 기타,승용,남,54세,상해없음,이륜,남,51세,경상
2022041000100127,2022년 4월 10일 11시,일요일,대전광역시 동구 가양동,경상사고,0,0,2,0,차대차 - 추돌,안전운전불이행,건조,맑음,단일로 - 기타,승용,남,19세,기타불명,승용,남,59세,경상
2022041000100154,2022년 4월 10일 12시,일요일,대전광역시 대덕구 송촌동,중상사고,0,1,0,0,차대차 - 기타,신호위반,건조,맑음,교차로 - 교차로안,승용,여,50세,기타불명,이륜,남,72세,중상
2022041000100155,2022년 4월 10일 12시,일요일,대전광역시 유성구 봉명동,경상사고,0,0,1,0,차대차 - 측면충돌,교차로운행방법위반,건조,맑음,교차로 - 교차로안,승용,여,58세,상해없음,이륜,남,33세,경상
2022041000100192,2022년 4월 10일 13시,일요일,대전광역시 유성구 궁동,경상사고,0,0,1,0,차대차 - 추돌,안전운전불이행,건조,맑음,단일로 - 기타,승용,여,26세,상해없음,승용,남,35세,경상
2022041000100298,2022년 4월 10일 16시,일요일,대전광역시 동구 신상동,경상사고,0,0,1,0,차대차 - 기타,중앙선침범,건조,맑음,단일로 - 기타,승용,남,51세,상해없음,이륜,남,44세,경상
2022041000100328,2022년 4월 10일 17시,일요일,대전광역시 유성구 장대동,경상사고,0,0,3,0,차대차 - 측면충돌,교차로운행방법위반,건조,맑음,교차로 - 교차로안,승용,남,44세,기타불명,승용,여,37세,경상
2022041000100329,2022년 4월 10일 17시,일요일,대전광역시 유성구 구암동,경상사고,0,0,1,0,차대차 - 측면충돌,안전운전불이행,건조,맑음,교차로 - 교차로안,승용,여,65세,상해없음,승합,남,47세,경상
2022041000100357,2022년 4월 10일 18시,일요일,대전광역시 서구 만년동,경상사고,0,0,1,0,차대차 - 측면충돌,안전운전불이행,건조,맑음,교차로 - 교차로안,승용,남,68세,상해없음,승용,남,33세,상해없음
2022041000100378,2022년 4월 10일 19시,일요일,대전광역시 서구 갈마동,경상사고,0,0,1,0,차대차 - 정면충돌,신호위반,건조,맑음,교차로 - 교차로안,화물,남,34세,상해없음,승용,여,33세,경상
2022041000100379,2022년 4월 10일 19시,일요일,대전광역시 유성구 봉명동,중상사고,0,1,0,0,차대차 - 측면충돌,신호위반,건조,맑음,교차로 - 교차로안,승용,남,50세,상해없음,이륜,남,44세,중상
2022041000100399,2022년 4월 10일 20시,일요일,대전광역시 유성구 봉명동,중상사고,0,1,0,0,차대차 - 측면충돌,안전운전불이행,건조,맑음,기타 - 기타,승용,남,46세,기타불명,이륜,남,47세,중상
2022041000100438,2022년 4월 10일 22시,일요일,대전광역시 중구 문화동,경상사고,0,0,1,0,차대차 - 기타,신호위반,건조,맑음,단일로 - 기타,승용,남,20세,상해없음,승용,남,54세,경상
2022041000100445,2022년 4월 10일 23시,일요일,대전광역시 유성구 장대동,중상사고,0,1,0,0,차대차 - 추돌,안전운전불이행,건조,맑음,기타 - 기타,승용,남,29세,상해없음,이륜,남,29세,중상
2022041100100070,2022년 4월 11일 07시,월요일,대전광역시 서구 용문동,경상사고,0,0,1,0,차대차 - 추돌,안전운전불이행,건조,맑음,교차로 - 교차로부근,승용,남,25세,상해없음,승용,남,66세,경상
2022041100100071,2022년 4월 11일 07시,월요일,대전광역시 서구 용문동,경상사고,0,0,1,0,차대차 - 측면충돌,안전거리미확보,건조,맑음,단일로 - 기타,승용,여,25세,상해없음,승용,남,25세,경상
2022041100100072,2022년 4월 11일 07시,월요일,대전광역시 유성구 봉명동,경상사고,0,0,1,0,차대차 - 측면충돌,안전운전불이행,건조,맑음,단일로 - 교량,승용,남,30세,상해없음,승용,여,46세,경상
2022041100100110,2022년 4월 11일 08시,월요일,대전광역시 유성구 도룡동,경상사고,0,0,1,0,차대차 - 측면충돌,신호위반,건조,맑음,단일로 - 기타,승용,남,49세,상해없음,승용,남,39세,경상
2022041100100216,2022년 4월 11일 11시,월요일,대전광역시 서구 둔산동,중상사고,0,1,0,0,차대사람 - 횡단중,안전운전불이행,건조,맑음,단일로 - 기타,승용,여,50세,상해없음,보행자,남,40세,중상
2022041100100361,2022년 4월 11일 15시,월요일,대전광역시 서구 도안동,경상사고,0,0,2,1,차대차 - 기타,안전운전불이행,건조,맑음,단일로 - 기타,승용,여,44세,상해없음,승합,남,58세,부상신고
2022041100100396,2022년 4월 11일 16시,월요일,대전광역시 동구 가양동,경상사고,0,0,1,0,차대차 - 기타,안전운전불이행,건조,맑음,교차로 - 교차로횡단보도내,승용,여,39세,상해없음,자전거,남,10세,경상
2022041100100398,2022년 4월 11일 16시,월요일,대전광역시 유성구 구암동,경상사고,0,0,1,0,차대차 - 추돌,교차로운행방법위반,건조,맑음,교차로 - 교차로안,건설기계,남,56세,상해없음,승용,남,51세,경상
2022041100100440,2022년 4월 11일 17시,월요일,대전광역시 서구 관저동,경상사고,0,0,1,0,차대차 - 기타,신호위반,건조,맑음,교차로 - 교차로안,승용,여,54세,상해없음,승용,남,43세,경상
2022041100100477,2022년 4월 11일 18시,월요일,대전광역시 유성구 도룡동,경상사고,0,0,1,0,차대차 - 정면충돌,안전운전불이행,건조,맑음,단일로 - 기타,자전거,남,35세,상해없음,자전거,여,29세,경상
2022041100100513,2022년 4월 11일 19시,월요일,대전광역시 서구 탄방동,경상사고,0,0,2,0,차대차 - 기타,안전운전불이행,건조,맑음,단일로 - 기타,화물,남,69세,상해없음,승용,남,28세,경상
2022041100100514,2022년 4월 11일 19시,월요일,대전광역시 유성구 궁동,경상사고,0,0,1,0,차대차 - 기타,중앙선침범,건조,맑음,단일로 - 기타,승용,남,67세,상해없음,이륜,남,40세,경상
2022041100100546,2022년 4월 11일 20시,월요일,대전광역시 유성구 덕명동,경상사고,0,0,1,0,차대차 - 측면충돌,안전거리미확보,건조,맑음,교차로 - 교차로부근,승용,여,41세,상해없음,승용,여,67세,경상
2022041100100569,2022년 4월 11일 21시,월요일,대전광역시 서구 둔산동,경상사고,0,0,1,0,차대차 - 기타,안전운전불이행,건조,맑음,단일로 - 기타,승용,남,56세,상해없음,승합,남,50세,상해없음
2022041100100592,2022년 4월 11일 22시,월요일,대전광역시 유성구 노은동,경상사고,0,0,2,0,차대차 - 측면충돌,신호위반,건조,맑음,교차로 - 교차로안,승용,남,24세,상해없음,승용,여,41세,경상
2022041100100593,2022년 4월 11일 22시,월요일,대전광역시 유성구 봉명동,경상사고,0,0,1,0,차대차 - 기타,안전운전불이행,건조,맑음,교차로 - 교차로안,승용,여,28세,기타불명,승용,남,33세,경상
2022041100100601,2022년 4월 11일 23시,월요일,대전광역시 서구 만년동,중상사고,0,1,0,0,차대차 - 추돌,안전거리미확보,건조,맑음,교차로 - 교차로부근,화물,남,23세,상해없음,승용,여,58세,중상
2022041200100017,2022년 4월 12일 00시,화요일,대전광역시 서구 둔산동,중상사고,0,1,1,0,차대차 - 기타,신호위반,건조,맑음,교차로 - 교차로안,승용,여,32세,기타불명,승용,남,60세,경상
2022041200100049,2022년 4월 12일 05시,화요일,대전광역시 대덕구 평촌동,경상사고,0,0,1,0,차대차 - 측면충돌,안전운전불이행,건조,맑음,단일로 - 기타,화물,남,60세,상해없음,화물,남,24세,경상
2022041200100079,2022년 4월 12일 07시,화요일,대전광역시 유성구 둔곡동,경상사고,0,0,4,0,차대차 - 추돌,안전거리미확보,건조,맑음,단일로 - 기타,화물,남,32세,경상,승용,남,77세,경상
2022041200100115,2022년 4월 12일 08시,화요일,대전광역시 중구 산성동,경상사고,0,0,1,0,차대차 - 측면충돌,안전운전불이행,건조,맑음,교차로 - 교차로안,승용,남,72세,기타불명,승합,남,60세,경상
2022041200100149,2022년 4월 12일 09시,화요일,대전광역시 동구 신촌동,경상사고,0,0,1,0,차대사람 - 기타,안전운전불이행,건조,맑음,단일로 - 기타,승용,여,67세,상해없음,보행자,남,29세,경상
2022041200100181,2022년 4월 12일 10시,화요일,대전광역시 서구 관저동,경상사고,0,0,1,0,차대사람 - 기타,보행자보호의무위반,건조,맑음,교차로 - 교차로횡단보도내,화물,남,64세,상해없음,보행자,여,25세,경상
2022041200100182,2022년 4월 12일 10시,화요일,대전광역시 서구 괴정동,경상사고,0,0,1,0,차대차 - 측면충돌,안전운전불이행,건조,맑음,교차로 - 교차로안,승용,여,51세,경상,특수,남,54세,상해없음
2022041200100237,2022년 4월 12일 12시,화요일,대전광역시 중구 산성동,경상사고,0,0,4,0,차대차 - 후진중충돌,안전운전불이행,건조,맑음,교차로 - 교차로안,승용,남,61세,상해없음,승용,남,61세,경상
2022041200100238,2022년 4월 12일 12시,화요일,대전광역시 서구 둔산동,경상사고,0,0,1,0,차대차 - 측면충돌,안전거리미확보,건조,맑음,교차로 - 교차로부근,승용,남,59세,상해없음,승용,남,37세,경상
2022041200100262,2022년 4월 12일 13시,화요일,대전광역시 중구 용두동,경상사고,0,0,2,0,차대차 - 측면충돌,신호위반,건조,맑음,교차로 - 교차로부근,승용,여,21세,상해없음,승용,여,46세,경상
2022041200100354,2022년 4월 12일 16시,화요일,대전광역시 중구 용두동,경상사고,0,0,2,0,차대차 - 후진중충돌,안전운전불이행,건조,맑음,단일로 - 기타,승용,남,71세,상해없음,승용,여,44세,경상
2022041200100402,2022년 4월 12일 17시,화요일,대전광역시 중구 산성동,중상사고,0,1,0,0,차대사람 - 횡단중,안전운전불이행,건조,맑음,교차로 - 교차로횡단보도내,승용,남,74세,상해없음,보행자,남,71세,중상
2022041200100503,2022년 4월 12일 20시,화요일,대전광역시 대덕구 법동,경상사고,0,0,1,0,차대차 - 측면충돌,안전운전불이행,건조,맑음,단일로 - 기타,승용,여,42세,상해없음,승용,남,57세,경상
2022041200100525,2022년 4월 12일 21시,화요일,대전광역시 서구 둔산동,경상사고,0,0,2,0,차대차 - 후진중충돌,안전운전불이행,건조,맑음,단일로 - 기타,화물,남,55세,상해없음,승용,남,25세,경상
2022041200100551,2022년 4월 12일 22시,화요일,대전광역시 서구 도안동,경상사고,0,0,2,0,차대차 - 기타,불법유턴,건조,맑음,교차로 - 교차로부근,승용,남,24세,상해없음,승용,남,23세,경상
2022041200100552,2022년 4월 12일 22시,화요일,대전광역시 서구 괴정동,부상신고사고,0,0,0,1,차량단독 - 기타,기타,건조,맑음,단일로 - 기타,승합,남,44세,상해없음,,,,
2022041200100577,2022년 4월 12일 23시,화요일,대전광역시 서구 둔산동,경상사고,0,0,1,0,차대차 - 추돌,안전운전불이행,건조,맑음,교차로 - 교차로부근,승용,남,63세,상해없음,이륜,남,43세,경상
2022041300100047,2022년 4월 13일 06시,수요일,대전광역시 대덕구 법동,중상사고,0,1,0,0,차대사람 - 횡단중,보행자보호의무위반,건조,맑음,단일로 - 기타,승용,남,57세,상해없음,보행자,여,78세,중상
2022041300100070,2022년 4월 13일 07시,수요일,대전광역시 서구 만년동,중상사고,0,1,0,0,차대차 - 기타,안전운전불이행,건조,맑음,기타 - 기타,화물,남,66세,상해없음,자전거,남,62세,중상
2022041300100111,2022년 4월 13일 08시,수요일,대전광역시 대덕구 오정동,중상사고,0,1,0,0,차대차 - 측면충돌,신호위반,건조,맑음,교차로 - 교차로안,특수,남,24세,상해없음,승용,여,43세,중상
2022041300100188,2022년 4월 13일 11시,수요일,대전광역시 유성구 원신흥동,경상사고,0,0,1,0,차대사람 - 기타,안전운전불이행,젖음/습기,비,단일로 - 기타,화물,남,44세,상해없음,보행자,남,50세,경상
2022041300100214,2022년 4월 13일 12시,수요일,대전광역시 중구 용두동,경상사고,0,0,2,0,차대차 - 측면충돌,신호위반,젖음/습기,비,교차로 - 교차로안,승용,남,65세,상해없음,승용,여,55세,경상
2022041300100242,2022년 4월 13일 13시,수요일,대전광역시 중구 유천동,경상사고,0,0,1,0,차대차 - 측면충돌,안전운전불이행,젖음/습기,비,교차로 - 교차로부근,자전거,남,82세,경상,승용,여,36세,상해없음
2022041300100290,2022년 4월 13일 15시,수요일,대전광역시 대덕구 비래동,경상사고,0,0,2,0,차대차 - 측면충돌,중앙선침범,젖음/습기,비,단일로 - 기타,승용,남,68세,상해없음,승용,남,71세,경상
2022041300100328,2022년 4월 13일 16시,수요일,대전광역시 서구 괴정동,경상사고,0,0,1,0,차대차 - 측면충돌,안전운전불이행,젖음/습기,비,단일로 - 기타,승용,남,48세,상해없음,승용,남,49세,경상
2022041300100329,2022년 4월 13일 16시,수요일,대전광역시 서구 갈마동,경상사고,0,0,3,0,차대차 - 기타,안전운전불이행,젖음/습기,비,교차로 - 교차로안,승용,여,66세,경상,이륜,남,47세,경상
2022041300100371,2022년 4월 13일 17시,수요일,대전광역시 중구 유천동,경상사고,0,0,1,0,차대차 - 측면충돌,안전운전불이행,젖음/습기,비,교차로 - 교차로부근,승용,남,53세,상해없음,화물,여,56세,경상
2022041300100372,2022년 4월 13일 17시,수요일,대전광역시 동구 가양동,경상사고,0,0,1,0,차대차 - 기타,안전거리미확보,젖음/습기,비,단일로 - 기타,화물,남,55세,상해없음,이륜,남,21세,경상
2022041300100373,2022년 4월 13일 17시,수요일,대전광역시 서구 도안동,경상사고,0,0,2,0,차대차 - 추돌,안전운전불이행,젖음/습기,비,단일로 - 기타,승용,여,21세,경상,승용,남,29세,경상
2022041300100410,2022년 4월 13일 18시,수요일,대전광역시 중구 문화동,경상사고,0,0,1,0,차대차 - 측면충돌,안전거리미확보,젖음/습기,비,단일로 - 기타,승용,여,46세,상해없음,이륜,남,41세,경상
2022041300100411,2022년 4월 13일 18시,수요일,대전광역시 중구 오류동,경상사고,0,0,1,0,차대사람 - 길가장자리구역통행중,안전운전불이행,젖음/습기,비,단일로 - 기타,승용,여,47세,상해없음,보행자,여,30세,경상
2022041300100412,2022년 4월 13일 18시,수요일,대전광역시 서구 둔산동,경상사고,0,0,2,0,차대차 - 측면충돌,안전거리미확보,젖음/습기,비,교차로 - 교차로부근,승용,여,64세,상해없음,승용,여,67세,경상
2022041300100413,2022년 4월 13일 18시,수요일,대전광역시 유성구 지족동,경상사고,0,0,1,0,차대차 - 기타,신호위반,젖음/습기,비,교차로 - 교차로안,승용,남,46세,상해없음,승용,남,53세,경상
2022041300100449,2022년 4월 13일 19시,수요일,대전광역시 중구 옥계동,경상사고,0,0,2,0,차대차 - 측면충돌,신호위반,젖음/습기,비,교차로 - 교차로부근,승용,여,43세,상해없음,승용,남,50세,경상
2022041300100450,2022년 4월 13일 19시,수요일,대전광역시 동구 용전동,경상사고,0,0,2,0,차대차 - 측면충돌,안전운전불이행,젖음/습기,비,단일로 - 기타,승용,남,55세,상해없음,승용,남,24세,경상
2022041300100483,2022년 4월 13일 20시,수요일,대전광역시 서구 월평동,경상사고,0,0,1,0,차대차 - 기타,안전운전불이행,젖음/습기,비,교차로 - 교차로안,승용,여,48세,상해없음,승용,남,63세,경상
2022041300100484,2022년 4월 13일 20시,수요일,대전광역시 유성구 원신흥동,경상사고,0,0,2,0,차대차 - 기타,안전운전불이행,젖음/습기,비,단일로 - 기타,승용,여,65세,상해없음,승용,남,53세,경상
2022041300100525,2022년 4월 13일 21시,수요일,대전광역시 서구 만년동,중상사고,0,1,0,0,차대사람 - 차도통행중,안전운전불이행,젖음/습기,비,교차로 - 교차로안,승합,남,53세,상해없음,보행자,남,53세,중상
2022041300100526,2022년 4월 13일 21시,수요일,대전광역시 유성구 지족동,경상사고,0,0,1,0,차대사람 - 횡단중,신호위반,젖음/습기,비,교차로 - 교차로횡단보도내,이륜,남,53세,상해없음,보행자,여,54세,경상
2022041300100548,2022년 4월 13일 22시,수요일,대전광역시 동구 가오동,경상사고,0,0,2,0,차대차 - 추돌,안전운전불이행,젖음/습기,비,단일로 - 기타,승용,여,43세,상해없음,승용,여,50세,경상
2022041300100565,2022년 4월 13일 23시,수요일,대전광역시 서구 괴정동,경상사고,0,0,2,0,차대차 - 기타,신호위반,젖음/습기,비,교차로 - 교차로안,승용,남,55세,상해없음,이륜,남,18세,경상
2022041300100566,2022년 4월 13일 23시,수요일,대전광역시 서구 둔산동,경상사고,0,0,1,0,차대차 - 추돌,안전운전불이행,젖음/습기,비,교차로 - 교차로부근,승용,남,58세,상해없음,승용,남,63세,경상
2022041400100013,2022년 4월 14일 00시,목요일,대전광역시 서구 변동,경상사고,0,0,1,0,차대차 - 기타,안전운전불이행,젖음/습기,흐림,교차로 - 교차로안,화물,남,51세,상해없음,승용,남,25세,경상
2022041400100014,2022년 4월 14일 00시,목요일,대전광역시 유성구 지족동,경상사고,0,0,1,0,차대사람 - 기타,안전운전불이행,젖음/습기,비,단일로 - 기타,승용,남,43세,상해없음,보행자,남,46세,경상
2022041400100015,2022년 4월 14일 00시,목요일,대전광역시 유성구 궁동,중상사고,0,1,0,0,차량단독 - 공작물충돌,안전운전불이행,젖음/습기,비,단일로 - 기타,승용,남,51세,기타불명,,,,
2022041400100026,2022년 4월 14일 01시,목요일,대전광역시 유성구 도룡동,경상사고,0,0,3,0,차대차 - 기타,신호위반,젖음/습기,비,교차로 - 교차로부근,승용,남,28세,상해없음,승용,남,60세,경상
2022041400100049,2022년 4월 14일 06시,목요일,대전광역시 대덕구 법동,경상사고,0,0,3,0,차대차 - 추돌,안전거리미확보,건조,맑음,단일로 - 기타,승용,남,66세,상해없음,승용,남,51세,경상
2022041400100075,2022년 4월 14일 07시,목요일,대전광역시 동구 용전동,경상사고,0,0,1,0,차대차 - 추돌,안전운전불이행,건조,맑음,교차로 - 교차로안,승용,여,32세,상해없음,승용,여,45세,경상