사고번호,사고일시,요일,시군구,사고내용,사망자수,중상자수,경상자수,부상신고자수,사고유형,법규위반,노면상태,기상상태,도로형태,가해운전자 차종,가해운전자 성별,가해운전자 연령,가해운전자 상해정도,피해운전자 차종,피해운전자 성별,피해운전자 연령,피해운전자 상해정도
2022041400100076,2022년 4월 14일 07시,목요일,대전광역시 대덕구 석봉동,경상사고,0,0,1,0,차대차 - 기타,안전운전불이행,젖음/습기,비,단일로 - 기타,특수,남,59세,상해없음,특수,남,41세,경상
2022041400100112,2022년 4월 14일 08시,목요일,대전광역시 유성구 지족동,경상사고,0,0,2,0,차대차 - 추돌,안전거리미확보,젖음/습기,흐림,단일로 - 기타,승용,남,68세,기타불명,승용,남,50세,경상
2022041400100135,2022년 4월 14일 09시,목요일,대전광역시 중구 선화동,경상사고,0,0,1,0,차대차 - 측면충돌,안전운전불이행,젖음/습기,비,교차로 - 교차로안,승용,남,56세,상해없음,자전거,남,66세,경상
2022041400100136,2022년 4월 14일 09시,목요일,대전광역시 대덕구 목상동,경상사고,0,0,1,0,차대차 - 추돌,안전운전불이행,건조,맑음,교차로 - 교차로횡단보도내,승용,여,37세,기타불명,승용,여,42세,경상
2022041400100319,2022년 4월 14일 15시,목요일,대전광역시 서구 갈마동,경상사고,0,0,1,0,차대차 - 기타,신호위반,건조,맑음,교차로 - 교차로횡단보도내,승용,여,64세,상해없음,자전거,남,11세,경상
2022041400100352,2022년 4월 14일 16시,목요일,대전광역시 중구 대사동,중상사고,0,1,0,0,차대차 - 기타,기타,건조,맑음,단일로 - 기타,승용,여,63세,상해없음,이륜,남,27세,중상
2022041400100418,2022년 4월 14일 18시,목요일,대전광역시 동구 용전동,경상사고,0,0,2,0,차대차 - 측면충돌,기타,건조,맑음,교차로 - 교차로안,승용,남,30세,경상,승용,남,41세,경상
2022041400100419,2022년 4월 14일 18시,목요일,대전광역시 서구 용문동,경상사고,0,0,1,0,차대차 - 정면충돌,안전운전불이행,건조,맑음,교차로 - 교차로안,이륜,남,24세,상해없음,이륜,남,44세,경상
2022041400100420,2022년 4월 14일 18시,목요일,대전광역시 서구 둔산동,중상사고,0,1,0,0,차대차 - 기타,안전운전불이행,건조,맑음,교차로 - 교차로안,승용,여,44세,상해없음,이륜,남,24세,중상
2022041400100471,2022년 4월 14일 20시,목요일,대전광역시 유성구 봉명동,경상사고,0,0,1,0,차대사람 - 횡단중,안전운전불이행,건조,맑음,교차로 - 교차로횡단보도내,승용,남,23세,기타불명,보행자,남,14세,경상
2022041400100488,2022년 4월 14일 21시,목요일,대전광역시 동구 판암동,중상사고,0,1,1,0,차대사람 - 기타,보행자보호의무위반,건조,맑음,단일로 - 기타,승용,남,63세,상해없음,보행자,여,80세,경상
2022041400100489,2022년 4월 14일 21시,목요일,대전광역시 유성구 노은동,경상사고,0,0,1,0,차대차 - 기타,안전거리미확보,건조,맑음,기타 - 기타,승용,남,70세,상해없음,승용,남,34세,경상
2022041400100503,2022년 4월 14일 22시,목요일,대전광역시 서구 용문동,경상사고,0,0,1,0,차대차 - 추돌,안전운전불이행,건조,기타,교차로 - 교차로안,승용,남,32세,상해없음,승용,남,26세,경상
2022041500100012,2022년 4월 15일 00시,금요일,대전광역시 유성구 지족동,경상사고,0,0,2,0,차대차 - 기타,안전운전불이행,건조,맑음,단일로 - 기타,승용,남,28세,상해없음,승용,남,60세,경상
2022041500100046,2022년 4월 15일 06시,금요일,대전광역시 유성구 관평동,경상사고,0,0,1,0,차대차 - 기타,신호위반,건조,맑음,교차로 - 교차로안,승용,남,46세,상해없음,화물,남,36세,경상
2022041500100113,2022년 4월 15일 08시,금요일,대전광역시 대덕구 오정동,경상사고,0,0,1,0,차대차 - 기타,교차로운행방법위반,건조,맑음,교차로 - 교차로안,건설기계,남,60세,상해없음,승용,남,36세,경상
2022041500100114,2022년 4월 15일 08시,금요일,대전광역시 유성구 봉명동,경상사고,0,0,4,0,차대차 - 기타,안전거리미확보,건조,맑음,단일로 - 기타,화물,남,68세,상해없음,승용,남,74세,경상
2022041500100153,2022년 4월 15일 09시,금요일,대전광역시 대덕구 읍내동,경상사고,0,0,1,0,차대차 - 기타,안전운전불이행,건조,맑음,단일로 - 기타,승합,남,48세,상해없음,승용,남,47세,경상
2022041500100182,2022년 4월 15일 10시,금요일,대전광역시 중구 문화동,경상사고,0,0,1,0,차대차 - 기타,안전거리미확보,건조,맑음,교차로 - 교차로안,화물,남,59세,상해없음,승용,여,66세,경상
2022041500100183,2022년 4월 15일 10시,금요일,대전광역시 서구 변동,경상사고,0,0,2,0,차대차 - 측면충돌,신호위반,건조,맑음,단일로 - 기타,승용,여,64세,경상,승용,남,56세,경상
2022041500100239,2022년 4월 15일 12시,금요일,대전광역시 중구 부사동,중상사고,0,1,0,0,차대차 - 기타,안전운전불이행,건조,맑음,교차로 - 교차로부근,승용,여,58세,기타불명,승용,남,70세,중상
2022041500100271,2022년 4월 15일 13시,금요일,대전광역시 서구 갈마동,경상사고,0,0,1,0,차대차 - 측면충돌,안전운전불이행,건조,맑음,교차로 - 교차로안,승용,여,54세,상해없음,승용,여,35세,경상
2022041500100299,2022년 4월 15일 14시,금요일,대전광역시 동구 대성동,경상사고,0,0,1,0,차대사람 - 보도통행중,안전운전불이행,건조,맑음,단일로 - 기타,자전거,남,67세,상해없음,보행자,여,68세,경상
2022041500100301,2022년 4월 15일 14시,금요일,대전광역시 서구 괴정동,중상사고,0,1,0,0,차대사람 - 기타,안전운전불이행,건조,맑음,단일로 - 기타,이륜,남,43세,상해없음,보행자,남,69세,중상
2022041500100302,2022년 4월 15일 14시,금요일,대전광역시 서구 월평동,중상사고,0,1,0,0,차대사람 - 기타,안전운전불이행,건조,맑음,교차로 - 교차로안,승용,여,45세,상해없음,보행자,남,75세,중상
2022041500100303,2022년 4월 15일 14시,금요일,대전광역시 유성구 봉명동,중상사고,0,2,0,0,차대차 - 기타,신호위반,건조,맑음,교차로 - 교차로안,승용,남,66세,상해없음,승용,남,60세,중상
2022041500100342,2022년 4월 15일 15시,금요일,대전광역시 동구 가양동,경상사고,0,0,1,0,차대차 - 측면충돌,차로위반,건조,맑음,교차로 - 교차로부근,화물,남,76세,상해없음,화물,남,66세,상해없음
2022041500100343,2022년 4월 15일 15시,금요일,대전광역시 동구 인동,경상사고,0,0,2,0,차대차 - 측면충돌,안전운전불이행,건조,맑음,교차로 - 교차로부근,승용,남,50세,경상,승용,남,34세,경상
2022041500100344,2022년 4월 15일 15시,금요일,대전광역시 유성구 봉명동,경상사고,0,0,3,0,차대차 - 추돌,안전운전불이행,건조,맑음,단일로 - 교량,승용,여,36세,경상,승용,남,42세,상해없음
2022041500100438,2022년 4월 15일 17시,금요일,대전광역시 동구 가오동,경상사고,0,0,1,0,차대사람 - 횡단중,보행자보호의무위반,건조,맑음,교차로 - 교차로횡단보도내,승용,남,51세,상해없음,보행자,여,54세,경상
2022041500100489,2022년 4월 15일 18시,금요일,대전광역시 서구 도안동,경상사고,0,0,2,0,차대차 - 기타,안전운전불이행,건조,맑음,단일로 - 기타,화물,남,50세,상해없음,화물,남,46세,경상
2022041500100540,2022년 4월 15일 19시,금요일,대전광역시 동구 정동,경상사고,0,0,4,0,차대차 - 측면충돌,안전운전불이행,건조,맑음,단일로 - 기타,승합,남,60세,경상,승용,여,27세,경상
2022041500100599,2022년 4월 15일 21시,금요일,대전광역시 중구 오류동,중상사고,0,1,0,0,차대사람 - 차도통행중,안전운전불이행,건조,맑음,교차로 - 교차로안,승용,남,38세,상해없음,보행자,남,27세,중상
2022041500100600,2022년 4월 15일 21시,금요일,대전광역시 서구 둔산동,중상사고,0,1,0,0,차대차 - 기타,안전거리미확보,건조,맑음,교차로 - 교차로부근,기타불명,기타불명,미분류,기타불명,이륜,남,22세,중상
2022041500100626,2022년 4월 15일 22시,금요일,대전광역시 대덕구 신일동,경상사고,0,0,1,0,차대차 - 추돌,안전운전불이행,건조,맑음,교차로 - 교차로부근,승용,남,30세,상해없음,이륜,남,28세,경상
2022041500100654,2022년 4월 15일 23시,금요일,대전광역시 유성구 송강동,경상사고,0,0,2,0,차대차 - 측면충돌,신호위반,건조,맑음,교차로 - 교차로안,승용,남,35세,상해없음,화물,여,48세,경상
2022041600100021,2022년 4월 16일 00시,토요일,대전광역시 서구 가수원동,중상사고,0,1,2,0,차대차 - 추돌,안전거리미확보,건조,맑음,교차로 - 교차로부근,승용,여,27세,상해없음,승용,여,66세,중상
2022041600100063,2022년 4월 16일 06시,토요일,대전광역시 동구 신상동,중상사고,0,1,0,0,차대차 - 정면충돌,신호위반,건조,맑음,교차로 - 교차로안,승용,남,66세,상해없음,승용,여,61세,중상
2022041600100116,2022년 4월 16일 09시,토요일,대전광역시 유성구 상대동,중상사고,0,1,1,0,차대차 - 기타,신호위반,건조,맑음,교차로 - 교차로부근,승용,남,66세,상해없음,승용,여,59세,중상
2022041600100156,2022년 4월 16일 10시,토요일,대전광역시 서구 괴정동,경상사고,0,0,1,0,차대사람 - 기타,안전운전불이행,건조,맑음,단일로 - 기타,승용,여,23세,상해없음,보행자,남,11세,경상
2022041600100157,2022년 4월 16일 10시,토요일,대전광역시 대덕구 목상동,경상사고,0,0,1,0,차대차 - 기타,안전운전불이행,건조,맑음,교차로 - 교차로안,승용,남,52세,상해없음,승용,여,53세,경상
2022041600100196,2022년 4월 16일 11시,토요일,대전광역시 대덕구 신탄진동,경상사고,0,0,3,0,차대차 - 측면충돌,안전운전불이행,건조,맑음,단일로 - 기타,승용,남,23세,상해없음,승용,남,27세,경상
2022041600100240,2022년 4월 16일 12시,토요일,대전광역시 동구 정동,경상사고,0,0,1,0,차대차 - 측면충돌,신호위반,건조,맑음,단일로 - 기타,승용,여,66세,상해없음,승용,남,70세,경상
2022041600100241,2022년 4월 16일 12시,토요일,대전광역시 동구 판암동,경상사고,0,0,1,0,차대차 - 기타,안전거리미확보,건조,맑음,단일로 - 기타,승용,여,49세,상해없음,승합,남,56세,상해없음
2022041600100334,2022년 4월 16일 14시,토요일,대전광역시 대덕구 목상동,경상사고,0,0,2,0,차대차 - 추돌,안전거리미확보,건조,맑음,기타 - 기타,승용,남,48세,상해없음,승용,여,36세,경상
2022041600100335,2022년 4월 16일 14시,토요일,대전광역시 유성구 송강동,경상사고,0,0,1,0,차대차 - 측면충돌,안전운전불이행,건조,맑음,단일로 - 기타,승용,남,24세,상해없음,자전거,남,9세,경상
2022041600100378,2022년 4월 16일 15시,토요일,대전광역시 동구 신흥동,중상사고,0,1,0,0,차대차 - 측면충돌,안전운전불이행,건조,맑음,교차로 - 교차로안,승용,여,59세,상해없음,승용,남,30세,중상
2022041600100427,2022년 4월 16일 16시,토요일,대전광역시 동구 판암동,경상사고,0,0,2,0,차대차 - 측면충돌,신호위반,건조,맑음,교차로 - 교차로안,이륜,남,36세,상해없음,승용,여,25세,경상
2022041600100428,2022년 4월 16일 16시,토요일,대전광역시 서구 도안동,경상사고,0,0,1,0,차대차 - 기타,교차로운행방법위반,건조,맑음,교차로 - 교차로부근,승용,여,47세,기타불명,승용,남,31세,상해없음
2022041600100475,2022년 4월 16일 17시,토요일,대전광역시 동구 중동,경상사고,0,0,1,0,차량단독 - 기타,기타,건조,맑음,단일로 - 기타,승합,남,58세,상해없음,,,,
2022041600100539,2022년 4월 16일 19시,토요일,대전광역시 서구 도마동,경상사고,0,0,2,0,차대차 - 측면충돌,신호위반,건조,맑음,교차로 - 교차로안,승용,여,55세,상해없음,승용,남,49세,경상
2022041600100540,2022년 4월 16일 19시,토요일,대전광역시 서구 둔산동,중상사고,0,1,0,0,차대차 - 측면충돌,신호위반,건조,맑음,교차로 - 교차로안,이륜,남,36세,상해없음,이륜,남,40세,중상
2022041600100591,2022년 4월 16일 21시,토요일,대전광역시 중구 대흥동,경상사고,0,0,2,0,차대차 - 추돌,안전운전불이행,건조,맑음,교차로 - 교차로부근,승용,남,53세,상해없음,화물,남,59세,경상
2022041700100021,2022년 4월 17일 00시,일요일,대전광역시 중구 대사동,경상사고,0,0,2,0,차대차 - 측면충돌,신호위반,건조,맑음,단일로 - 기타,승용,여,62세,상해없음,승용,남,58세,경상
2022041700100022,2022년 4월 17일 00시,일요일,대전광역시 서구 괴정동,경상사고,0,0,1,0,차대사람 - 기타,안전운전불이행,건조,맑음,단일로 - 기타,승용,여,36세,상해없음,보행자,여,32세,경상
2022041700100040,2022년 4월 17일 01시,일요일,대전광역시 서구 갈마동,경상사고,0,0,2,0,차대차 - 측면충돌,신호위반,건조,맑음,단일로 - 기타,이륜,남,30세,상해없음,승용,남,28세,경상
2022041700100055,2022년 4월 17일 04시,일요일,대전광역시 대덕구 오정동,경상사고,0,0,2,0,차대차 - 기타,안전운전불이행,건조,맑음,단일로 - 교량,승용,여,62세,상해없음,승용,남,65세,경상
2022041700100074,2022년 4월 17일 07시,일요일,대전광역시 유성구 학하동,경상사고,0,0,1,0,차대차 - 측면충돌,안전운전불이행,건조,맑음,단일로 - 기타,승용,남,23세,상해없음,승용,여,39세,경상
2022041700100108,2022년 4월 17일 09시,일요일,대전광역시 유성구 구암동,경상사고,0,0,1,0,차대차 - 기타,안전운전불이행,건조,맑음,교차로 - 교차로부근,승용,남,84세,상해없음,이륜,남,45세,경상
2022041700100134,2022년 4월 17일 10시,일요일,대전광역시 서구 내동,경상사고,0,0,1,0,차대차 - 측면충돌,안전운전불이행,건조,맑음,단일로 - 기타,승합,남,50세,상해없음,승용,여,44세,경상
2022041700100157,2022년 4월 17일 11시,일요일,대전광역시 서구 내동,경상사고,0,0,1,0,차대사람 - 횡단중,보행자보호의무위반,건조,맑음,교차로 - 교차로횡단보도내,승용,남,35세,상해없음,보행자,남,60세,경상
2022041700100213,2022년 4월 17일 13시,일요일,대전광역시 유성구 봉명동,경상사고,0,0,1,0,차대차 - 기타,안전운전불이행,건조,맑음,단일로 - 교량,승용,남,46세,상해없음,승용,남,30세,경상
2022041700100253,2022년 4월 17일 14시,일요일,대전광역시 동구 하소동,경상사고,0,0,2,0,차대차 - 기타,안전운전불이행,건조,맑음,교차로 - 교차로안,승용,여,58세,상해없음,승용,남,59세,경상
2022041700100352,2022년 4월 17일 17시,일요일,대전광역시 서구 도마동,경상사고,0,0,2,0,차대차 - 추돌,안전운전불이행,건조,맑음,교차로 - 교차로부근,이륜,남,29세,기타불명,승용,남,32세,경상
2022041700100353,2022년 4월 17일 17시,일요일,대전광역시 유성구 도룡동,경상사고,0,0,1,0,차대차 - 기타,안전거리미확보,건조,맑음,단일로 - 기타,승용,남,55세,상해없음,이륜,남,52세,경상
2022041700100381,2022년 4월 17일 18시,일요일,대전광역시 중구 사정동,경상사고,0,0,1,0,차대차 - 기타,안전운전불이행,건조,맑음,교차로 - 교차로안,승용,여,45세,상해없음,이륜,남,25세,경상
2022041700100382,2022년 4월 17일 18시,일요일,대전광역시 중구 선화동,경상사고,0,0,1,0,차량단독 - 기타,기타,건조,맑음,단일로 - 기타,승용,남,56세,상해없음,,,,
2022041700100383,2022년 4월 17일 18시,일요일,대전광역시 서구 월평동,경상사고,0,0,1,0,차대차 - 기타,안전거리미확보,건조,맑음,단일로 - 기타,승용,여,27세,상해없음,승용,남,60세,경상
2022041700100480,2022년 4월 17일 23시,일요일,대전광역시 서구 월평동,경상사고,0,0,1,0,차대차 - 기타,신호위반,건조,맑음,교차로 - 교차로안,승용,남,35세,기타불명,승용,남,41세,경상
2022041800100011,2022년 4월 18일 00시,월요일,대전광역시 중구 문창동,중상사고,0,1,0,0,차대사람 - 기타,안전운전불이행,건조,맑음,단일로 - 기타,승용,여,38세,상해없음,보행자,남,46세,중상
2022041800100012,2022년 4월 18일 00시,월요일,대전광역시 유성구 송강동,경상사고,0,0,2,0,차대차 - 기타,안전운전불이행,건조,맑음,교차로 - 교차로부근,승용,남,38세,상해없음,승용,남,51세,경상
2022041800100163,2022년 4월 18일 10시,월요일,대전광역시 중구 오류동,경상사고,0,0,1,0,차량단독 - 기타,안전운전불이행,건조,맑음,기타 - 기타,승합,남,55세,상해없음,,,,
2022041800100164,2022년 4월 18일 10시,월요일,대전광역시 동구 소제동,경상사고,0,0,1,0,차대차 - 추돌,안전운전불이행,건조,맑음,교차로 - 교차로부근,승용,남,66세,상해없음,승합,남,48세,경상
2022041800100165,2022년 4월 18일 10시,월요일,대전광역시 서구 가수원동,경상사고,0,0,1,0,차대사람 - 횡단중,신호위반,건조,맑음,교차로 - 교차로횡단보도내,승용,남,51세,상해없음,보행자,여,61세,경상
2022041800100194,2022년 4월 18일 11시,월요일,대전광역시 유성구 궁동,경상사고,0,0,1,0,차대차 - 기타,신호위반,건조,맑음,교차로 - 교차로안,승용,남,41세,상해없음,이륜,남,40세,경상
2022041800100225,2022년 4월 18일 12시,월요일,대전광역시 서구 괴정동,중상사고,0,1,0,0,차대차 - 측면충돌,안전운전불이행,건조,맑음,단일로 - 기타,승용,남,30세,상해없음,승용,남,60세,중상
2022041800100260,2022년 4월 18일 13시,월요일,대전광역시 중구 은행동,경상사고,0,0,1,0,차대차 - 기타,신호위반,건조,맑음,교차로 - 교차로안,화물,남,25세,상해없음,승용,여,49세,경상
2022041800100261,2022년 4월 18일 13시,월요일,대전광역시 유성구 장동,중상사고,0,2,3,0,차대차 - 측면충돌,중앙선침범,건조,맑음,단일로 - 기타,승용,남,21세,상해없음,승용,여,45세,경상
2022041800100304,2022년 4월 18일 14시,월요일,대전광역시 중구 선화동,경상사고,0,0,1,0,차대사람 - 기타,안전운전불이행,건조,맑음,교차로 - 교차로횡단보도내,승용,남,18세,상해없음,보행자,남,61세,경상
2022041800100305,2022년 4월 18일 14시,월요일,대전광역시 중구 석교동,중상사고,0,1,0,0,차대사람 - 기타,보행자보호의무위반,건조,맑음,교차로 - 교차로횡단보도내,승용,여,61세,상해없음,보행자,여,83세,중상
2022041800100306,2022년 4월 18일 14시,월요일,대전광역시 서구 내동,경상사고,0,0,1,0,차대차 - 측면충돌,교차로운행방법위반,건조,맑음,교차로 - 교차로안,승용,남,34세,기타불명,승용,여,37세,경상
2022041800100307,2022년 4월 18일 14시,월요일,대전광역시 서구 갈마동,경상사고,0,0,1,0,차대차 - 측면충돌,신호위반,건조,맑음,교차로 - 교차로안,승용,여,54세,상해없음,승합,남,57세,경상
2022041800100341,2022년 4월 18일 15시,월요일,대전광역시 유성구 원내동,경상사고,0,0,1,0,차대차 - 측면충돌,안전운전불이행,건조,맑음,교차로 - 교차로부근,승용,여,53세,상해없음,승용,남,50세,경상
2022041800100377,2022년 4월 18일 16시,월요일,대전광역시 동구 판암동,경상사고,0,0,1,0,차대차 - 측면충돌,신호위반,건조,맑음,교차로 - 교차로안,승용,남,41세,상해없음,승용,여,25세,경상
2022041800100378,2022년 4월 18일 16시,월요일,대전광역시 대덕구 신탄진동,부상신고사고,0,0,0,1,차대사람 - 기타,안전운전불이행,건조,맑음,기타 - 기타,승용,여,49세,상해없음,보행자,여,6세,부상신고
2022041800100416,2022년 4월 18일 17시,월요일,대전광역시 서구 도마동,경상사고,0,0,1,0,차대사람 - 보도통행중,안전운전불이행,건조,맑음,단일로 - 기타,승용,여,27세,상해없음,보행자,남,18세,경상
2022041800100457,2022년 4월 18일 18시,월요일,대전광역시 중구 대사동,경상사고,0,0,1,0,차대차 - 측면충돌,교차로운행방법위반,건조,맑음,교차로 - 교차로안,승용,여,44세,상해없음,승용,남,61세,경상
2022041800100458,2022년 4월 18일 18시,월요일,대전광역시 동구 인동,경상사고,0,0,1,0,차대차 - 기타,신호위반,건조,맑음,교차로 - 교차로안,승용,남,60세,상해없음,승용,남,35세,경상
2022041800100459,2022년 4월 18일 18시,월요일,대전광역시 유성구 노은동,경상사고,0,0,1,0,차대차 - 측면충돌,안전거리미확보,건조,맑음,교차로 - 교차로안,화물,남,60세,상해없음,승용,남,62세,경상
2022041800100485,2022년 4월 18일 19시,월요일,대전광역시 서구 내동,경상사고,0,0,1,0,차대사람 - 기타,안전운전불이행,건조,맑음,단일로 - 기타,승용,여,42세,상해없음,보행자,남,6세,경상
2022041800100529,2022년 4월 18일 21시,월요일,대전광역시 서구 둔산동,경상사고,0,0,1,0,차대차 - 후진중충돌,안전운전불이행,건조,맑음,단일로 - 기타,승용,남,61세,상해없음,이륜,남,28세,경상
2022041800100549,2022년 4월 18일 22시,월요일,대전광역시 유성구 관평동,경상사고,0,0,1,0,차대차 - 기타,안전운전불이행,건조,맑음,단일로 - 기타,승용,남,29세,상해없음,승용,남,36세,기타불명
2022041900100027,2022년 4월 19일 02시,화요일,대전광역시 유성구 장대동,경상사고,0,0,1,0,차대차 - 기타,안전운전불이행,건조,맑음,교차로 - 교차로안,승용,남,73세,기타불명,승용,남,41세,경상
2022041900100037,2022년 4월 19일 04시,화요일,대전광역시 대덕구 신탄진동,사망사고,1,0,0,0,차대차 - 측면충돌,안전운전불이행,건조,맑음,단일로 - 기타,이륜,남,52세,사망,화물,남,43세,상해없음
2022041900100130,2022년 4월 19일 08시,화요일,대전광역시 동구 가양동,경상사고,0,0,2,0,차대차 - 추돌,안전운전불이행,건조,맑음,단일로 - 기타,승용,남,50세,기타불명,화물,남,47세,경상
2022041900100131,2022년 4월 19일 08시,화요일,대전광역시 서구 복수동,경상사고,0,0,1,0,차대차 - 기타,안전운전불이행,건조,맑음,단일로 - 기타,승용,여,43세,상해없음,승용,여,55세,경상
2022041900100163,2022년 4월 19일 09시,화요일,대전광역시 유성구 노은동,중상사고,0,1,1,0,차대차 - 기타,안전거리미확보,건조,맑음,단일로 - 기타,승용,여,50세,중상,화물,남,57세,경상
2022041900100203,2022년 4월 19일 10시,화요일,대전광역시 유성구 봉명동,경상사고,0,0,1,0,차대차 - 기타,안전운전불이행,건조,맑음,기타 - 기타,승용,여,39세,기타불명,자전거,남,78세,경상
2022041900100232,2022년 4월 19일 11시,화요일,대전광역시 서구 둔산동,경상사고,0,0,1,0,차대차 - 기타,안전운전불이행,건조,맑음,교차로 - 교차로부근,승용,남,44세,상해없음,승합,남,44세,상해없음
2022041900100270,2022년 4월 19일 12시,화요일,대전광역시 동구 용전동,경상사고,0,0,1,0,차대차 - 기타,안전운전불이행,건조,맑음,교차로 - 교차로안,승용,여,58세,상해없음,승용,남,29세,경상
2022041900100271,2022년 4월 19일 12시,화요일,대전광역시 서구 둔산동,경상사고,0,0,1,0,차대차 - 측면충돌,안전운전불이행,건조,맑음,교차로 - 교차로부근,건설기계,남,54세,상해없음,승용,여,60세,경상
2022041900100273,2022년 4월 19일 12시,화요일,대전광역시 유성구 어은동,중상사고,0,1,0,0,차대사람 - 기타,기타,건조,맑음,단일로 - 기타,이륜,남,23세,상해없음,보행자,남,23세,중상
2022041900100310,2022년 4월 19일 13시,화요일,대전광역시 서구 탄방동,경상사고,0,0,1,0,차대사람 - 차도통행중,안전운전불이행,건조,맑음,단일로 - 기타,기타불명,기타불명,미분류,기타불명,보행자,여,30세,경상
2022041900100311,2022년 4월 19일 13시,화요일,대전광역시 서구 갈마동,경상사고,0,0,1,0,차량단독 - 기타,안전운전불이행,건조,맑음,단일로 - 기타,승용,남,60세,상해없음,,,,
2022041900100312,2022년 4월 19일 13시,화요일,대전광역시 유성구 외삼동,경상사고,0,0,1,0,차대차 - 측면충돌,안전운전불이행,건조,맑음,단일로 - 기타,승용,남,55세,상해없음,자전거,남,73세,경상
2022041900100419,2022년 4월 19일 16시,화요일,대전광역시 대덕구 읍내동,경상사고,0,0,1,0,차대차 - 기타,안전운전불이행,건조,맑음,단일로 - 기타,승용,남,18세,상해없음,승용,여,34세,경상
2022041900100465,2022년 4월 19일 17시,화요일,대전광역시 동구 홍도동,경상사고,0,0,1,0,차대차 - 측면충돌,안전운전불이행,건조,맑음,단일로 - 기타,승용,여,48세,상해없음,승용,남,31세,경상
2022041900100466,2022년 4월 19일 17시,화요일,대전광역시 유성구 관평동,중상사고,0,2,3,0,차대차 - 측면충돌,신호위반,건조,맑음,교차로 - 교차로안,화물,남,74세,상해없음,승용,남,41세,경상
2022041900100515,2022년 4월 19일 18시,화요일,대전광역시 서구 만년동,경상사고,0,0,1,0,차대차 - 기타,신호위반,건조,맑음,교차로 - 교차로안,승용,여,38세,상해없음,승용,남,38세,경상
2022041900100557,2022년 4월 19일 19시,화요일,대전광역시 동구 용전동,경상사고,0,0,1,0,차대차 - 기타,교차로운행방법위반,건조,맑음,교차로 - 교차로안,승용,남,65세,상해없음,승용,여,32세,경상
2022042000100021,2022년 4월 20일 01시,수요일,대전광역시 대덕구 오정동,경상사고,0,0,1,0,차대차 - 측면충돌,안전운전불이행,건조,맑음,교차로 - 교차로부근,승용,남,61세,상해없음,승용,남,47세,경상
2022042000100081,2022년 4월 20일 07시,수요일,대전광역시 대덕구 오정동,경상사고,0,0,1,0,차대차 - 측면충돌,안전운전불이행,건조,맑음,단일로 - 지하차도(도로)내,승용,남,74세,상해없음,승용,남,31세,경상
2022042000100082,2022년 4월 20일 07시,수요일,대전광역시 유성구 전민동,경상사고,0,0,1,0,차대차 - 추돌,안전운전불이행,건조,맑음,교차로 - 교차로부근,승용,남,22세,상해없음,이륜,남,34세,경상
2022042000100134,2022년 4월 20일 08시,수요일,대전광역시 대덕구 중리동,경상사고,0,0,1,0,차대차 - 측면충돌,신호위반,건조,맑음,교차로 - 교차로안,승용,남,26세,상해없음,승용,남,41세,경상
2022042000100135,2022년 4월 20일 08시,수요일,대전광역시 유성구 관평동,경상사고,0,0,1,0,차대차 - 기타,안전거리미확보,건조,맑음,교차로 - 교차로안,승용,여,33세,상해없음,승용,남,33세,경상
2022042000100180,2022년 4월 20일 09시,수요일,대전광역시 서구 갈마동,경상사고,0,0,1,0,차대차 - 기타,신호위반,건조,맑음,단일로 - 지하차도(도로)내,승용,여,39세,기타불명,승용,여,64세,경상
2022042000100181,2022년 4월 20일 09시,수요일,대전광역시 유성구 어은동,경상사고,0,0,1,0,차대차 - 기타,안전운전불이행,건조,맑음,기타 - 기타,자전거,남,62세,기타불명,개인형이동수단(PM),남,24세,경상
2022042000100240,2022년 4월 20일 11시,수요일,대전광역시 유성구 원내동,경상사고,0,0,1,0,차대차 - 추돌,안전운전불이행,건조,맑음,단일로 - 기타,승합,남,47세,기타불명,승용,여,39세,경상
2022042000100271,2022년 4월 20일 12시,수요일,대전광역시 대덕구 법동,중상사고,0,1,0,0,차량단독 - 기타,안전운전불이행,건조,맑음,교차로 - 교차로안,승합,남,50세,상해없음,,,,
2022042000100272,2022년 4월 20일 12시,수요일,대전광역시 서구 둔산동,중상사고,0,1,1,0,차대차 - 측면충돌,신호위반,건조,맑음,교차로 - 교차로안,승용,여,52세,상해없음,승용,남,70세,중상
2022042000100273,2022년 4월 20일 12시,수요일,대전광역시 유성구 반석동,경상사고,0,0,1,0,차대차 - 기타,안전거리미확보,건조,맑음,교차로 - 교차로부근,승용,남,34세,상해없음,승용,남,38세,경상
2022042000100307,2022년 4월 20일 13시,수요일,대전광역시 중구 대흥동,중상사고,0,1,0,0,차대사람 - 횡단중,보행자보호의무위반,건조,맑음,교차로 - 교차로횡단보도내,화물,남,74세,상해없음,보행자,여,66세,중상
2022042000100308,2022년 4월 20일 13시,수요일,대전광역시 유성구 학하동,중상사고,0,1,0,0,차대차 - 기타,안전운전불이행,건조,맑음,단일로 - 기타,화물,남,66세,상해없음,승용,여,36세,기타불명
2022042000100384,2022년 4월 20일 15시,수요일,대전광역시 대덕구 신탄진동,경상사고,0,0,1,0,차대차 - 추돌,안전운전불이행,건조,맑음,교차로 - 교차로부근,승용,남,70세,기타불명,자전거,남,15세,경상