사고번호,사고일시,요일,시군구,사고내용,사망자수,중상자수,경상자수,부상신고자수,사고유형,법규위반,노면상태,기상상태,도로형태,가해운전자 차종,가해운전자 성별,가해운전자 연령,가해운전자 상해정도,피해운전자 차종,피해운전자 성별,피해운전자 연령,피해운전자 상해정도
2022042000100412,2022년 4월 20일 16시,수요일,대전광역시 중구 중촌동,경상사고,0,0,1,0,차대차 - 측면충돌,직진우회전진행방해,건조,맑음,교차로 - 교차로부근,승용,여,50세,상해없음,승용,여,43세,경상
2022042000100444,2022년 4월 20일 17시,수요일,대전광역시 유성구 봉명동,경상사고,0,0,1,0,차대차 - 기타,안전운전불이행,건조,맑음,교차로 - 교차로부근,원동기,남,30세,상해없음,원동기,남,28세,경상
2022042000100493,2022년 4월 20일 18시,수요일,대전광역시 유성구 덕진동,경상사고,0,0,1,0,차대차 - 측면충돌,안전운전불이행,건조,맑음,교차로 - 교차로안,승용,여,67세,상해없음,승용,여,28세,경상
2022042000100562,2022년 4월 20일 20시,수요일,대전광역시 동구 용전동,경상사고,0,0,1,0,차대사람 - 길가장자리구역통행중,안전운전불이행,건조,맑음,단일로 - 기타,이륜,여,20세,상해없음,보행자,여,26세,경상
2022042100100013,2022년 4월 21일 01시,목요일,대전광역시 유성구 원신흥동,중상사고,0,1,0,0,차대차 - 기타,안전운전불이행,건조,맑음,단일로 - 기타,승용,남,32세,상해없음,승용,남,47세,중상
2022042100100097,2022년 4월 21일 08시,목요일,대전광역시 서구 관저동,경상사고,0,0,2,0,차대차 - 추돌,안전운전불이행,건조,맑음,교차로 - 교차로부근,승합,남,61세,상해없음,승합,여,53세,경상
2022042100100098,2022년 4월 21일 08시,목요일,대전광역시 서구 갈마동,경상사고,0,0,1,0,차대차 - 측면충돌,안전운전불이행,건조,맑음,단일로 - 기타,승용,남,33세,상해없음,승용,여,24세,경상
2022042100100192,2022년 4월 21일 11시,목요일,대전광역시 서구 둔산동,경상사고,0,0,1,0,차대차 - 기타,신호위반,건조,맑음,교차로 - 교차로안,승용,여,28세,상해없음,승용,여,61세,경상
2022042100100308,2022년 4월 21일 15시,목요일,대전광역시 서구 둔산동,경상사고,0,0,5,0,차대차 - 기타,안전운전불이행,건조,맑음,교차로 - 교차로안,승용,여,74세,상해없음,승합,남,33세,경상
2022042100100309,2022년 4월 21일 15시,목요일,대전광역시 유성구 봉산동,경상사고,0,0,3,0,차대차 - 측면충돌,안전운전불이행,건조,맑음,단일로 - 기타,승용,남,83세,상해없음,승용,남,46세,경상
2022042100100343,2022년 4월 21일 16시,목요일,대전광역시 서구 가장동,경상사고,0,0,4,0,차대사람 - 기타,안전운전불이행,건조,맑음,교차로 - 교차로부근,승합,남,32세,상해없음,보행자,여,47세,상해없음
2022042100100344,2022년 4월 21일 16시,목요일,대전광역시 유성구 장대동,경상사고,0,0,1,0,차대차 - 측면충돌,안전운전불이행,건조,맑음,단일로 - 기타,승용,남,38세,상해없음,승용,남,20세,경상
2022042100100381,2022년 4월 21일 17시,목요일,대전광역시 동구 가양동,경상사고,0,0,1,0,차대차 - 측면충돌,안전운전불이행,건조,맑음,교차로 - 교차로안,승용,여,59세,상해없음,이륜,남,28세,경상
2022042100100382,2022년 4월 21일 17시,목요일,대전광역시 유성구 자운동,경상사고,0,0,1,0,차대차 - 기타,안전운전불이행,건조,맑음,기타 - 기타,승용,남,47세,상해없음,개인형이동수단(PM),남,48세,경상
2022042100100452,2022년 4월 21일 19시,목요일,대전광역시 유성구 문지동,경상사고,0,0,1,0,차대차 - 추돌,안전운전불이행,건조,맑음,단일로 - 기타,승용,남,29세,상해없음,승용,남,29세,경상
2022042100100522,2022년 4월 21일 21시,목요일,대전광역시 동구 삼성동,경상사고,0,0,1,0,차대차 - 측면충돌,신호위반,건조,맑음,단일로 - 터널,승용,남,38세,상해없음,승용,남,67세,경상
2022042100100523,2022년 4월 21일 21시,목요일,대전광역시 유성구 화암동,경상사고,0,0,2,0,차대차 - 추돌,안전운전불이행,건조,맑음,교차로 - 교차로부근,승용,남,28세,상해없음,승용,남,62세,경상
2022042100100542,2022년 4월 21일 22시,목요일,대전광역시 유성구 탑립동,경상사고,0,0,2,0,차대차 - 기타,안전거리미확보,건조,맑음,단일로 - 기타,승용,남,77세,상해없음,승용,남,23세,경상
2022042100100548,2022년 4월 21일 22시,목요일,대전광역시 유성구 관평동,경상사고,0,0,1,0,차대차 - 측면충돌,교차로운행방법위반,건조,맑음,교차로 - 교차로안,승용,남,27세,상해없음,승용,남,26세,경상
2022042100100565,2022년 4월 21일 23시,목요일,대전광역시 서구 괴정동,경상사고,0,0,1,0,차대차 - 기타,안전운전불이행,건조,맑음,교차로 - 교차로부근,화물,남,52세,상해없음,승용,남,28세,경상
2022042100100566,2022년 4월 21일 23시,목요일,대전광역시 서구 용문동,경상사고,0,0,1,0,차대차 - 기타,안전운전불이행,건조,맑음,단일로 - 기타,개인형이동수단(PM),남,22세,상해없음,이륜,남,32세,경상
2022042100100567,2022년 4월 21일 23시,목요일,대전광역시 대덕구 법동,경상사고,0,0,1,0,차대차 - 추돌,안전운전불이행,건조,맑음,단일로 - 기타,승용,남,37세,상해없음,승용,여,34세,경상
2022042200100012,2022년 4월 22일 00시,금요일,대전광역시 대덕구 중리동,경상사고,0,0,2,0,차대차 - 추돌,안전운전불이행,건조,맑음,단일로 - 기타,승용,여,30세,상해없음,승용,남,62세,경상
2022042200100013,2022년 4월 22일 00시,금요일,대전광역시 서구 둔산동,중상사고,0,1,0,0,차대사람 - 기타,안전운전불이행,건조,맑음,단일로 - 기타,승용,남,62세,상해없음,보행자,여,26세,중상
2022042200100140,2022년 4월 22일 09시,금요일,대전광역시 서구 갈마동,경상사고,0,0,1,0,차대차 - 기타,안전운전불이행,건조,맑음,교차로 - 교차로안,승용,여,59세,상해없음,승용,남,37세,경상
2022042200100189,2022년 4월 22일 11시,금요일,대전광역시 중구 용두동,경상사고,0,0,1,0,차대차 - 기타,안전운전불이행,건조,맑음,단일로 - 기타,승용,남,26세,상해없음,화물,남,47세,경상
2022042200100190,2022년 4월 22일 11시,금요일,대전광역시 중구 오류동,경상사고,0,0,2,0,차대차 - 기타,안전운전불이행,건조,맑음,단일로 - 기타,승용,남,79세,기타불명,승용,여,46세,경상
2022042200100221,2022년 4월 22일 12시,금요일,대전광역시 대덕구 중리동,중상사고,0,1,0,0,차대차 - 측면충돌,안전운전불이행,건조,맑음,단일로 - 기타,승용,여,46세,상해없음,이륜,남,40세,중상
2022042200100222,2022년 4월 22일 12시,금요일,대전광역시 유성구 관평동,경상사고,0,0,2,0,차대차 - 기타,안전운전불이행,건조,맑음,교차로 - 교차로부근,승용,남,65세,경상,승용,여,66세,상해없음
2022042200100317,2022년 4월 22일 15시,금요일,대전광역시 동구 인동,경상사고,0,0,1,0,차대사람 - 기타,기타,건조,맑음,기타 - 기타,승용,남,53세,상해없음,보행자,여,59세,경상
2022042200100318,2022년 4월 22일 15시,금요일,대전광역시 서구 복수동,경상사고,0,0,1,0,차대차 - 기타,신호위반,건조,맑음,교차로 - 교차로안,승용,여,49세,상해없음,화물,남,66세,경상
2022042200100319,2022년 4월 22일 15시,금요일,대전광역시 유성구 상대동,경상사고,0,0,1,0,차대사람 - 횡단중,안전운전불이행,건조,맑음,교차로 - 교차로부근,승용,여,46세,상해없음,보행자,여,45세,경상
2022042200100356,2022년 4월 22일 16시,금요일,대전광역시 중구 대흥동,경상사고,0,0,3,0,차대차 - 측면충돌,안전운전불이행,건조,맑음,단일로 - 기타,화물,남,78세,기타불명,화물,남,41세,경상
2022042200100357,2022년 4월 22일 16시,금요일,대전광역시 유성구 교촌동,경상사고,0,0,1,0,차대차 - 측면충돌,안전운전불이행,건조,맑음,교차로 - 교차로안,승용,남,62세,상해없음,자전거,남,7세,경상
2022042200100358,2022년 4월 22일 16시,금요일,대전광역시 유성구 하기동,경상사고,0,0,1,0,차대차 - 측면충돌,안전거리미확보,건조,맑음,단일로 - 기타,승용,남,78세,상해없음,승용,여,39세,경상
2022042200100411,2022년 4월 22일 17시,금요일,대전광역시 대덕구 읍내동,경상사고,0,0,1,0,차대차 - 정면충돌,신호위반,건조,맑음,교차로 - 교차로안,승용,여,79세,상해없음,승용,남,68세,경상
2022042200100451,2022년 4월 22일 18시,금요일,대전광역시 서구 괴정동,경상사고,0,0,1,0,차대차 - 측면충돌,중앙선침범,건조,맑음,단일로 - 기타,승용,남,23세,상해없음,이륜,남,41세,경상
2022042200100452,2022년 4월 22일 18시,금요일,대전광역시 대덕구 목상동,경상사고,0,0,1,0,차대차 - 측면충돌,안전운전불이행,건조,맑음,단일로 - 기타,승용,남,74세,상해없음,승용,여,42세,경상
2022042200100453,2022년 4월 22일 18시,금요일,대전광역시 대덕구 신대동,경상사고,0,0,2,0,차대차 - 추돌,안전운전불이행,건조,흐림,단일로 - 기타,화물,남,59세,상해없음,승용,남,19세,경상
2022042200100587,2022년 4월 22일 23시,금요일,대전광역시 서구 도안동,경상사고,0,0,1,0,차대차 - 측면충돌,안전운전불이행,건조,맑음,교차로 - 교차로부근,승용,여,35세,상해없음,승용,여,33세,경상
2022042300100011,2022년 4월 23일 00시,토요일,대전광역시 서구 가수원동,경상사고,0,0,2,0,차대차 - 추돌,안전운전불이행,젖음/습기,비,교차로 - 교차로부근,승용,남,28세,상해없음,승용,남,45세,경상
2022042300100012,2022년 4월 23일 00시,토요일,대전광역시 서구 둔산동,경상사고,0,0,1,0,차대차 - 측면충돌,안전운전불이행,건조,맑음,단일로 - 기타,승용,남,29세,상해없음,이륜,남,38세,경상
2022042300100043,2022년 4월 23일 03시,토요일,대전광역시 서구 도마동,중상사고,0,1,0,0,차대차 - 측면충돌,안전운전불이행,건조,맑음,기타 - 기타,기타불명,기타불명,미분류,기타불명,승용,남,43세,중상
2022042300100114,2022년 4월 23일 09시,토요일,대전광역시 서구 도안동,중상사고,0,1,0,0,차대사람 - 기타,안전운전불이행,건조,맑음,교차로 - 교차로안,승용,남,46세,상해없음,보행자,남,54세,중상
2022042300100145,2022년 4월 23일 10시,토요일,대전광역시 동구 사성동,중상사고,0,1,0,0,차대차 - 정면충돌,중앙선침범,건조,맑음,단일로 - 기타,이륜,남,43세,중상,건설기계,남,58세,상해없음
2022042300100146,2022년 4월 23일 10시,토요일,대전광역시 대덕구 송촌동,중상사고,0,1,0,0,차대차 - 기타,안전운전불이행,건조,맑음,단일로 - 기타,승용,남,31세,기타불명,승용,남,40세,중상
2022042300100280,2022년 4월 23일 14시,토요일,대전광역시 유성구 봉명동,경상사고,0,0,1,0,차대사람 - 기타,안전운전불이행,건조,맑음,단일로 - 기타,승용,남,65세,상해없음,보행자,남,25세,경상
2022042300100281,2022년 4월 23일 14시,토요일,대전광역시 유성구 장대동,경상사고,0,0,1,0,차대차 - 추돌,안전운전불이행,건조,맑음,교차로 - 교차로부근,승용,여,50세,상해없음,승용,여,23세,경상
2022042300100314,2022년 4월 23일 15시,토요일,대전광역시 유성구 봉산동,경상사고,0,0,2,0,차대차 - 기타,안전운전불이행,건조,맑음,단일로 - 기타,승용,여,61세,상해없음,승용,여,56세,경상
2022042300100356,2022년 4월 23일 16시,토요일,대전광역시 대덕구 오정동,경상사고,0,0,2,0,차대차 - 측면충돌,신호위반,건조,맑음,교차로 - 교차로부근,화물,남,46세,상해없음,승용,남,67세,경상
2022042300100389,2022년 4월 23일 17시,토요일,대전광역시 서구 탄방동,경상사고,0,0,2,0,차대차 - 기타,안전운전불이행,건조,맑음,단일로 - 기타,승용,여,31세,기타불명,승용,여,24세,경상
2022042300100473,2022년 4월 23일 19시,토요일,대전광역시 유성구 봉명동,경상사고,0,0,1,0,차대사람 - 횡단중,기타,건조,맑음,단일로 - 기타,이륜,남,46세,상해없음,보행자,남,23세,경상
2022042300100541,2022년 4월 23일 22시,토요일,대전광역시 서구 용문동,경상사고,0,0,1,0,차대차 - 측면충돌,안전거리미확보,건조,맑음,단일로 - 기타,승용,남,28세,상해없음,승용,남,40세,경상
2022042400100074,2022년 4월 24일 07시,일요일,대전광역시 유성구 궁동,경상사고,0,0,1,1,차대차 - 정면충돌,안전운전불이행,건조,맑음,단일로 - 기타,승용,남,72세,상해없음,승용,남,44세,부상신고
2022042400100118,2022년 4월 24일 10시,일요일,대전광역시 유성구 어은동,중상사고,0,1,0,0,차대차 - 기타,안전운전불이행,건조,맑음,교차로 - 교차로안,화물,남,38세,상해없음,이륜,남,50세,중상
2022042400100218,2022년 4월 24일 14시,일요일,대전광역시 중구 대흥동,경상사고,0,0,1,0,차대차 - 기타,안전운전불이행,건조,맑음,교차로 - 교차로부근,승용,남,57세,상해없음,승용,남,55세,경상
2022042400100219,2022년 4월 24일 14시,일요일,대전광역시 동구 용전동,경상사고,0,0,1,0,차대차 - 측면충돌,신호위반,건조,맑음,교차로 - 교차로안,승용,남,51세,상해없음,승용,남,23세,경상
2022042400100220,2022년 4월 24일 14시,일요일,대전광역시 대덕구 오정동,경상사고,0,0,1,0,차대차 - 기타,안전거리미확보,건조,맑음,단일로 - 기타,승용,남,43세,상해없음,승용,남,54세,경상
2022042400100221,2022년 4월 24일 14시,일요일,대전광역시 서구 월평동,중상사고,0,1,0,0,차대차 - 측면충돌,기타,건조,맑음,단일로 - 기타,승용,남,52세,상해없음,개인형이동수단(PM),남,20세,중상
2022042400100222,2022년 4월 24일 14시,일요일,대전광역시 서구 만년동,중상사고,0,1,0,0,차량단독 - 기타,안전운전불이행,건조,맑음,단일로 - 기타,승합,남,57세,상해없음,,,,
2022042400100264,2022년 4월 24일 15시,일요일,대전광역시 서구 괴정동,중상사고,0,2,0,0,차대차 - 측면충돌,교차로운행방법위반,건조,맑음,교차로 - 교차로안,승용,여,45세,상해없음,승용,남,66세,중상
2022042400100327,2022년 4월 24일 17시,일요일,대전광역시 중구 유천동,경상사고,0,0,1,0,차대차 - 후진중충돌,안전운전불이행,건조,맑음,교차로 - 교차로부근,승용,남,32세,상해없음,이륜,남,38세,경상
2022042400100328,2022년 4월 24일 17시,일요일,대전광역시 중구 용두동,중상사고,0,1,0,0,차대사람 - 횡단중,보행자보호의무위반,건조,맑음,교차로 - 교차로횡단보도내,승용,여,65세,상해없음,보행자,남,61세,중상
2022042400100329,2022년 4월 24일 17시,일요일,대전광역시 유성구 장대동,경상사고,0,0,3,0,차대차 - 기타,안전거리미확보,건조,맑음,단일로 - 기타,승용,여,33세,상해없음,승용,남,26세,경상
2022042400100351,2022년 4월 24일 18시,일요일,대전광역시 중구 유천동,경상사고,0,0,1,0,차대사람 - 기타,기타,건조,맑음,기타 - 기타,사륜오토바이(ATV),남,39세,상해없음,보행자,남,29세,경상
2022042400100371,2022년 4월 24일 19시,일요일,대전광역시 서구 둔산동,경상사고,0,0,2,1,차대차 - 추돌,안전운전불이행,건조,맑음,교차로 - 교차로부근,승용,남,31세,상해없음,승용,남,59세,경상
2022042400100403,2022년 4월 24일 20시,일요일,대전광역시 동구 용전동,경상사고,0,0,2,0,차대차 - 후진중충돌,안전운전불이행,건조,맑음,단일로 - 기타,승용,남,31세,상해없음,승용,남,22세,경상
2022042500100006,2022년 4월 25일 00시,월요일,대전광역시 동구 홍도동,경상사고,0,0,1,0,차대차 - 추돌,안전운전불이행,건조,맑음,단일로 - 기타,승용,남,54세,상해없음,승용,남,56세,경상
2022042500100007,2022년 4월 25일 00시,월요일,대전광역시 서구 둔산동,경상사고,0,0,1,0,차대차 - 기타,중앙선침범,건조,맑음,교차로 - 교차로부근,승용,여,49세,상해없음,승용,남,29세,경상
2022042500100013,2022년 4월 25일 01시,월요일,대전광역시 서구 괴정동,경상사고,0,0,3,0,차대차 - 추돌,안전운전불이행,건조,맑음,교차로 - 교차로부근,승용,남,67세,상해없음,이륜,남,30세,경상
2022042500100050,2022년 4월 25일 06시,월요일,대전광역시 서구 월평동,경상사고,0,0,2,0,차대차 - 기타,안전운전불이행,건조,맑음,단일로 - 기타,승합,남,60세,경상,승용,여,64세,경상
2022042500100176,2022년 4월 25일 10시,월요일,대전광역시 중구 석교동,경상사고,0,0,1,0,차대차 - 기타,안전운전불이행,건조,맑음,단일로 - 기타,승용,남,59세,상해없음,승용,남,36세,경상
2022042500100207,2022년 4월 25일 11시,월요일,대전광역시 동구 대동,경상사고,0,0,1,0,차대사람 - 기타,안전운전불이행,건조,맑음,단일로 - 기타,화물,남,66세,상해없음,보행자,여,55세,경상
2022042500100236,2022년 4월 25일 12시,월요일,대전광역시 서구 도마동,경상사고,0,0,1,0,차대차 - 기타,안전거리미확보,건조,맑음,단일로 - 기타,승용,남,73세,상해없음,승용,남,35세,경상
2022042500100237,2022년 4월 25일 12시,월요일,대전광역시 대덕구 오정동,경상사고,0,0,1,0,차대차 - 측면충돌,신호위반,건조,맑음,교차로 - 교차로안,승용,남,20세,상해없음,승용,남,60세,경상
2022042500100238,2022년 4월 25일 12시,월요일,대전광역시 대덕구 상서동,경상사고,0,0,3,0,차대차 - 측면충돌,안전운전불이행,건조,맑음,단일로 - 기타,화물,남,52세,상해없음,승용,남,34세,경상
2022042500100274,2022년 4월 25일 13시,월요일,대전광역시 중구 선화동,중상사고,0,1,0,0,차대차 - 기타,안전운전불이행,건조,맑음,교차로 - 교차로부근,화물,남,66세,상해없음,이륜,남,46세,중상
2022042500100275,2022년 4월 25일 13시,월요일,대전광역시 서구 월평동,경상사고,0,0,2,0,차대차 - 기타,안전운전불이행,건조,맑음,교차로 - 교차로안,이륜,남,41세,기타불명,이륜,남,64세,경상
2022042500100360,2022년 4월 25일 15시,월요일,대전광역시 서구 도마동,중상사고,0,1,1,0,차량단독 - 기타,안전거리미확보,건조,맑음,단일로 - 기타,승합,남,59세,상해없음,,,,
2022042500100361,2022년 4월 25일 15시,월요일,대전광역시 서구 둔산동,경상사고,0,0,2,0,차대차 - 기타,신호위반,건조,맑음,단일로 - 교량,승용,남,79세,상해없음,승용,남,37세,경상
2022042500100448,2022년 4월 25일 17시,월요일,대전광역시 중구 문화동,경상사고,0,0,3,0,차대차 - 기타,안전운전불이행,건조,맑음,단일로 - 기타,승용,여,52세,상해없음,승합,남,59세,경상
2022042500100449,2022년 4월 25일 17시,월요일,대전광역시 중구 중촌동,중상사고,0,1,3,0,차대차 - 기타,신호위반,건조,맑음,단일로 - 터널,승용,여,48세,상해없음,승용,남,68세,경상
2022042500100486,2022년 4월 25일 18시,월요일,대전광역시 동구 용운동,경상사고,0,0,1,0,차대차 - 기타,안전운전불이행,건조,맑음,교차로 - 교차로안,승합,남,35세,상해없음,승합,남,64세,상해없음
2022042500100487,2022년 4월 25일 18시,월요일,대전광역시 대덕구 오정동,경상사고,0,0,1,0,차대차 - 기타,중앙선침범,건조,흐림,교차로 - 교차로부근,개인형이동수단(PM),여,18세,상해없음,승용,남,24세,경상
2022042500100488,2022년 4월 25일 18시,월요일,대전광역시 서구 둔산동,경상사고,0,0,1,0,차대사람 - 보도통행중,안전운전불이행,건조,맑음,기타 - 기타,자전거,기타불명,미분류,기타불명,보행자,여,32세,경상
2022042500100523,2022년 4월 25일 19시,월요일,대전광역시 서구 용문동,경상사고,0,0,1,0,차대차 - 측면충돌,신호위반,건조,맑음,교차로 - 교차로안,승용,남,56세,상해없음,승용,남,31세,경상
2022042500100553,2022년 4월 25일 20시,월요일,대전광역시 동구 원동,경상사고,0,0,2,0,차대차 - 측면충돌,안전운전불이행,건조,맑음,단일로 - 기타,승용,여,30세,경상,화물,남,30세,경상
2022042500100554,2022년 4월 25일 20시,월요일,대전광역시 유성구 구암동,경상사고,0,0,2,0,차대차 - 기타,안전운전불이행,건조,맑음,교차로 - 교차로안,승용,여,58세,경상,이륜,남,21세,경상
2022042500100600,2022년 4월 25일 22시,월요일,대전광역시 중구 대흥동,경상사고,0,0,1,0,차대차 - 기타,중앙선침범,젖음/습기,비,교차로 - 교차로부근,승용,남,44세,상해없음,승용,남,40세,경상
2022042500100617,2022년 4월 25일 23시,월요일,대전광역시 서구 관저동,중상사고,0,1,0,0,차대사람 - 횡단중,보행자보호의무위반,젖음/습기,비,교차로 - 교차로횡단보도내,승용,남,25세,상해없음,보행자,남,50세,중상
2022042500100618,2022년 4월 25일 23시,월요일,대전광역시 대덕구 오정동,경상사고,0,0,2,0,차대차 - 측면충돌,신호위반,젖음/습기,비,교차로 - 교차로부근,화물,남,44세,상해없음,승합,남,63세,경상
2022042500100619,2022년 4월 25일 23시,월요일,대전광역시 유성구 봉명동,경상사고,0,0,1,0,차대사람 - 차도통행중,안전운전불이행,젖음/습기,비,단일로 - 기타,승용,남,42세,상해없음,보행자,남,48세,경상
2022042600100018,2022년 4월 26일 00시,화요일,대전광역시 유성구 봉명동,경상사고,0,0,1,0,차대차 - 기타,안전거리미확보,젖음/습기,비,단일로 - 교량,승용,남,30세,상해없음,승용,남,61세,경상
2022042600100096,2022년 4월 26일 07시,화요일,대전광역시 유성구 방동,경상사고,0,0,1,0,차대차 - 추돌,안전운전불이행,젖음/습기,비,단일로 - 기타,화물,남,43세,상해없음,승용,여,44세,경상
2022042600100137,2022년 4월 26일 08시,화요일,대전광역시 대덕구 송촌동,경상사고,0,0,3,0,차대차 - 추돌,안전운전불이행,건조,맑음,단일로 - 기타,화물,남,30세,상해없음,승용,남,30세,경상
2022042600100138,2022년 4월 26일 08시,화요일,대전광역시 대덕구 대화동,중상사고,0,1,1,0,차대차 - 기타,교차로운행방법위반,건조,맑음,교차로 - 교차로안,승용,여,52세,중상,화물,남,29세,경상
2022042600100176,2022년 4월 26일 09시,화요일,대전광역시 서구 월평동,경상사고,0,0,2,0,차대차 - 추돌,안전운전불이행,젖음/습기,비,단일로 - 교량,화물,남,26세,상해없음,승용,남,56세,경상
2022042600100214,2022년 4월 26일 10시,화요일,대전광역시 대덕구 오정동,경상사고,0,0,1,0,차대차 - 기타,교차로운행방법위반,젖음/습기,흐림,단일로 - 기타,화물,남,53세,상해없음,승용,남,31세,경상
2022042600100215,2022년 4월 26일 10시,화요일,대전광역시 서구 갈마동,경상사고,0,0,2,0,차대차 - 추돌,안전운전불이행,건조,맑음,단일로 - 기타,승용,남,54세,상해없음,승용,남,43세,경상
2022042600100276,2022년 4월 26일 12시,화요일,대전광역시 중구 문화동,경상사고,0,0,1,0,차대차 - 기타,안전거리미확보,건조,맑음,교차로 - 교차로부근,승용,여,63세,상해없음,승용,남,47세,경상
2022042600100306,2022년 4월 26일 13시,화요일,대전광역시 서구 용문동,경상사고,0,0,1,0,차대차 - 기타,교차로운행방법위반,건조,맑음,교차로 - 교차로안,건설기계,남,57세,상해없음,승용,남,70세,경상
2022042600100307,2022년 4월 26일 13시,화요일,대전광역시 유성구 구암동,경상사고,0,0,1,0,차대사람 - 차도통행중,안전운전불이행,건조,맑음,단일로 - 기타,이륜,남,76세,상해없음,보행자,남,70세,경상
2022042600100332,2022년 4월 26일 14시,화요일,대전광역시 중구 대흥동,경상사고,0,0,1,0,차대차 - 추돌,중앙선침범,건조,맑음,단일로 - 기타,승용,남,61세,상해없음,승용,남,50세,경상
2022042600100333,2022년 4월 26일 14시,화요일,대전광역시 동구 가양동,경상사고,0,0,1,0,차대차 - 측면충돌,안전운전불이행,건조,맑음,단일로 - 기타,승합,남,60세,상해없음,승합,남,53세,경상
2022042600100355,2022년 4월 26일 15시,화요일,대전광역시 중구 선화동,경상사고,0,0,4,0,차대차 - 기타,신호위반,건조,맑음,단일로 - 기타,승용,남,25세,경상,승용,남,23세,경상
2022042600100387,2022년 4월 26일 16시,화요일,대전광역시 중구 유천동,경상사고,0,0,1,0,차대차 - 측면충돌,안전운전불이행,건조,맑음,교차로 - 교차로안,승합,남,54세,상해없음,이륜,남,48세,경상
2022042600100476,2022년 4월 26일 19시,화요일,대전광역시 서구 둔산동,경상사고,0,0,1,0,차대차 - 측면충돌,안전운전불이행,건조,맑음,단일로 - 기타,승용,여,27세,상해없음,개인형이동수단(PM),남,24세,경상
2022042600100497,2022년 4월 26일 20시,화요일,대전광역시 유성구 원촌동,경상사고,0,0,1,0,차대차 - 기타,불법유턴,건조,맑음,단일로 - 기타,승용,남,35세,상해없음,이륜,남,33세,경상
2022042600100498,2022년 4월 26일 20시,화요일,대전광역시 유성구 도룡동,경상사고,0,0,1,0,차대차 - 추돌,안전거리미확보,건조,맑음,단일로 - 기타,승용,남,32세,상해없음,승용,여,46세,경상
2022042600100521,2022년 4월 26일 21시,화요일,대전광역시 동구 가오동,중상사고,0,1,0,0,차대사람 - 횡단중,안전운전불이행,건조,맑음,교차로 - 교차로안,승용,남,80세,상해없음,보행자,남,51세,중상
2022042600100540,2022년 4월 26일 22시,화요일,대전광역시 서구 괴정동,경상사고,0,0,1,0,차대차 - 기타,안전운전불이행,건조,기타,단일로 - 기타,승용,남,38세,상해없음,승용,여,29세,경상
2022042700100085,2022년 4월 27일 07시,수요일,대전광역시 대덕구 신탄진동,경상사고,0,0,1,0,차대차 - 측면충돌,신호위반,건조,맑음,교차로 - 교차로안,화물,남,28세,상해없음,원동기,남,63세,경상
2022042700100086,2022년 4월 27일 07시,수요일,대전광역시 서구 월평동,중상사고,0,1,0,0,차대사람 - 기타,보행자보호의무위반,건조,맑음,기타 - 기타,승용,여,59세,상해없음,보행자,여,32세,중상
2022042700100126,2022년 4월 27일 08시,수요일,대전광역시 중구 문화동,중상사고,0,1,0,0,차대차 - 기타,안전운전불이행,건조,맑음,단일로 - 기타,승용,남,31세,상해없음,자전거,여,75세,중상
2022042700100127,2022년 4월 27일 08시,수요일,대전광역시 중구 태평동,중상사고,0,1,0,0,차대사람 - 기타,안전운전불이행,건조,맑음,단일로 - 기타,승용,남,26세,상해없음,보행자,남,13세,중상
2022042700100159,2022년 4월 27일 09시,수요일,대전광역시 대덕구 신대동,중상사고,0,3,3,0,차대차 - 기타,신호위반,건조,맑음,단일로 - 기타,승용,남,44세,중상,승용,남,47세,경상
2022042700100214,2022년 4월 27일 11시,수요일,대전광역시 유성구 노은동,중상사고,0,1,0,0,차대차 - 기타,안전운전불이행,건조,맑음,교차로 - 교차로부근,승용,남,43세,상해없음,이륜,남,28세,중상
2022042700100241,2022년 4월 27일 12시,수요일,대전광역시 유성구 송강동,경상사고,0,0,1,0,차대사람 - 기타,신호위반,건조,맑음,교차로 - 교차로부근,이륜,남,51세,상해없음,보행자,여,56세,경상
2022042700100263,2022년 4월 27일 13시,수요일,대전광역시 유성구 화암동,경상사고,0,0,1,0,차대차 - 측면충돌,안전거리미확보,건조,맑음,기타 - 기타,승용,여,50세,상해없음,승용,남,40세,경상
2022042700100287,2022년 4월 27일 13시,수요일,대전광역시 서구 탄방동,경상사고,0,0,2,0,차대차 - 기타,안전운전불이행,건조,맑음,단일로 - 기타,승용,여,43세,상해없음,승합,남,56세,경상
2022042700100320,2022년 4월 27일 14시,수요일,대전광역시 동구 용운동,경상사고,0,0,3,0,차대차 - 측면충돌,교차로운행방법위반,건조,맑음,교차로 - 교차로안,승용,남,21세,상해없음,승용,남,23세,경상
2022042700100353,2022년 4월 27일 15시,수요일,대전광역시 중구 대흥동,중상사고,0,1,0,0,차대사람 - 횡단중,안전운전불이행,건조,맑음,교차로 - 교차로안,승용,남,29세,상해없음,보행자,여,67세,중상
2022042700100438,2022년 4월 27일 17시,수요일,대전광역시 중구 대흥동,경상사고,0,0,1,0,차대사람 - 차도통행중,안전운전불이행,건조,맑음,단일로 - 기타,승용,남,75세,상해없음,보행자,여,25세,경상
2022042700100439,2022년 4월 27일 17시,수요일,대전광역시 서구 도안동,경상사고,0,0,1,0,차대차 - 기타,안전거리미확보,건조,맑음,기타 - 기타,승용,여,33세,기타불명,이륜,남,24세,경상
2022042700100440,2022년 4월 27일 17시,수요일,대전광역시 서구 변동,경상사고,0,0,1,0,차대사람 - 기타,안전운전불이행,건조,맑음,교차로 - 교차로부근,승용,남,61세,상해없음,보행자,남,53세,경상