사고번호,사고일시,요일,시군구,사고내용,사망자수,중상자수,경상자수,부상신고자수,사고유형,법규위반,노면상태,기상상태,도로형태,가해운전자 차종,가해운전자 성별,가해운전자 연령,가해운전자 상해정도,피해운전자 차종,피해운전자 성별,피해운전자 연령,피해운전자 상해정도
2022042700100471,2022년 4월 27일 18시,수요일,대전광역시 동구 삼정동,경상사고,0,0,1,0,차대차 - 추돌,안전운전불이행,건조,맑음,기타 - 기타,화물,남,51세,상해없음,화물,남,58세,경상
2022042700100486,2022년 4월 27일 18시,수요일,대전광역시 서구 용문동,경상사고,0,0,2,0,차대차 - 기타,신호위반,건조,맑음,교차로 - 교차로부근,이륜,남,33세,상해없음,승용,여,19세,경상
2022042700100544,2022년 4월 27일 20시,수요일,대전광역시 대덕구 신탄진동,경상사고,0,0,1,0,차대사람 - 길가장자리구역통행중,안전운전불이행,건조,맑음,기타 - 기타,승합,남,60세,기타불명,보행자,여,26세,경상
2022042800100013,2022년 4월 28일 00시,목요일,대전광역시 유성구 덕명동,경상사고,0,0,1,0,차대차 - 측면충돌,신호위반,건조,맑음,교차로 - 교차로안,승용,남,62세,상해없음,자전거,남,30세,경상
2022042800100029,2022년 4월 28일 04시,목요일,대전광역시 유성구 관평동,경상사고,0,0,1,0,차대차 - 추돌,안전운전불이행,건조,맑음,단일로 - 기타,승용,남,37세,상해없음,승용,남,31세,상해없음
2022042800100033,2022년 4월 28일 04시,목요일,대전광역시 서구 만년동,중상사고,0,1,2,0,차대차 - 정면충돌,신호위반,건조,맑음,교차로 - 교차로안,승용,여,62세,중상,승용,남,55세,경상
2022042800100050,2022년 4월 28일 06시,목요일,대전광역시 동구 가양동,중상사고,0,1,0,0,차대차 - 기타,안전운전불이행,건조,맑음,단일로 - 기타,승용,남,46세,상해없음,자전거,남,69세,중상
2022042800100069,2022년 4월 28일 07시,목요일,대전광역시 중구 용두동,경상사고,0,0,1,0,차대차 - 기타,안전운전불이행,건조,맑음,단일로 - 기타,승용,남,61세,상해없음,자전거,남,83세,경상
2022042800100070,2022년 4월 28일 07시,목요일,대전광역시 중구 산성동,중상사고,0,1,0,0,차대사람 - 횡단중,안전운전불이행,건조,맑음,교차로 - 교차로부근,승용,여,63세,상해없음,보행자,여,76세,중상
2022042800100071,2022년 4월 28일 07시,목요일,대전광역시 동구 자양동,경상사고,0,0,1,0,차대차 - 기타,중앙선침범,건조,맑음,단일로 - 기타,승용,남,41세,상해없음,승용,남,41세,경상
2022042800100118,2022년 4월 28일 08시,목요일,대전광역시 유성구 계산동,경상사고,0,0,1,0,차대차 - 측면충돌,직진우회전진행방해,건조,맑음,교차로 - 교차로안,승용,여,64세,상해없음,승용,여,64세,경상
2022042800100218,2022년 4월 28일 11시,목요일,대전광역시 중구 오류동,경상사고,0,0,4,0,차대차 - 기타,안전운전불이행,건조,맑음,교차로 - 교차로안,승용,여,32세,상해없음,승용,여,52세,경상
2022042800100220,2022년 4월 28일 11시,목요일,대전광역시 유성구 신성동,경상사고,0,0,1,0,차대차 - 기타,안전운전불이행,건조,맑음,단일로 - 기타,승용,여,57세,상해없음,승용,남,34세,경상
2022042800100283,2022년 4월 28일 13시,목요일,대전광역시 대덕구 비래동,경상사고,0,0,1,0,차대차 - 기타,직진우회전진행방해,건조,맑음,교차로 - 교차로안,승용,남,75세,상해없음,승용,남,58세,경상
2022042800100284,2022년 4월 28일 13시,목요일,대전광역시 유성구 원신흥동,경상사고,0,0,1,0,차대차 - 추돌,안전운전불이행,건조,맑음,교차로 - 교차로안,승용,여,47세,상해없음,승용,여,38세,경상
2022042800100434,2022년 4월 28일 17시,목요일,대전광역시 중구 문창동,경상사고,0,0,1,0,차대차 - 기타,직진우회전진행방해,건조,맑음,교차로 - 교차로안,승용,남,43세,상해없음,자전거,남,45세,경상
2022042800100435,2022년 4월 28일 17시,목요일,대전광역시 서구 둔산동,경상사고,0,0,4,0,차대차 - 측면충돌,안전거리미확보,건조,맑음,교차로 - 교차로부근,승용,남,36세,상해없음,승용,여,22세,경상
2022042800100436,2022년 4월 28일 17시,목요일,대전광역시 서구 둔산동,경상사고,0,0,1,0,차대차 - 측면충돌,안전운전불이행,건조,맑음,교차로 - 교차로안,승용,여,27세,상해없음,승용,남,30세,경상
2022042800100503,2022년 4월 28일 19시,목요일,대전광역시 서구 탄방동,경상사고,0,0,1,0,차대차 - 기타,안전운전불이행,건조,맑음,단일로 - 기타,승용,남,56세,상해없음,승용,남,26세,경상
2022042800100547,2022년 4월 28일 20시,목요일,대전광역시 중구 대흥동,경상사고,0,0,2,0,차대차 - 추돌,안전운전불이행,건조,맑음,교차로 - 교차로부근,화물,여,32세,상해없음,승용,남,74세,경상
2022042900100029,2022년 4월 29일 01시,금요일,대전광역시 서구 갈마동,경상사고,0,0,1,0,차대사람 - 기타,안전운전불이행,건조,맑음,기타 - 기타,승용,남,68세,상해없음,보행자,여,30세,경상
2022042900100047,2022년 4월 29일 03시,금요일,대전광역시 서구 가장동,경상사고,0,0,1,0,차대차 - 추돌,안전운전불이행,젖음/습기,비,교차로 - 교차로부근,승용,남,27세,상해없음,승용,남,58세,경상
2022042900100059,2022년 4월 29일 04시,금요일,대전광역시 중구 문화동,중상사고,0,1,0,0,차대사람 - 횡단중,안전운전불이행,젖음/습기,비,교차로 - 교차로안,승용,남,63세,상해없음,보행자,여,81세,중상
2022042900100076,2022년 4월 29일 05시,금요일,대전광역시 유성구 도룡동,경상사고,0,0,1,0,차대차 - 기타,신호위반,젖음/습기,비,교차로 - 교차로안,승용,남,67세,상해없음,승용,남,67세,경상
2022042900100163,2022년 4월 29일 08시,금요일,대전광역시 중구 대흥동,경상사고,0,0,1,0,차대차 - 기타,안전거리미확보,젖음/습기,흐림,단일로 - 기타,승용,여,50세,상해없음,승용,여,44세,경상
2022042900100164,2022년 4월 29일 08시,금요일,대전광역시 서구 변동,경상사고,0,0,1,0,차대차 - 측면충돌,신호위반,젖음/습기,비,교차로 - 교차로안,승용,여,62세,상해없음,승용,여,31세,경상
2022042900100165,2022년 4월 29일 08시,금요일,대전광역시 대덕구 송촌동,경상사고,0,0,1,0,차대차 - 측면충돌,교차로운행방법위반,젖음/습기,비,교차로 - 교차로안,승용,여,45세,상해없음,승용,남,44세,경상
2022042900100188,2022년 4월 29일 09시,금요일,대전광역시 동구 정동,경상사고,0,0,1,0,차대차 - 측면충돌,안전운전불이행,건조,맑음,단일로 - 기타,승용,남,44세,상해없음,승용,남,68세,경상
2022042900100189,2022년 4월 29일 09시,금요일,대전광역시 서구 둔산동,경상사고,0,0,1,0,차대차 - 기타,안전운전불이행,건조,맑음,교차로 - 교차로부근,승용,남,73세,상해없음,승합,남,50세,경상
2022042900100190,2022년 4월 29일 09시,금요일,대전광역시 유성구 용계동,경상사고,0,0,1,0,차대차 - 기타,신호위반,건조,맑음,교차로 - 교차로안,화물,남,42세,상해없음,화물,남,52세,경상
2022042900100223,2022년 4월 29일 10시,금요일,대전광역시 동구 자양동,경상사고,0,0,1,0,차대사람 - 차도통행중,안전운전불이행,건조,맑음,단일로 - 기타,승용,남,65세,상해없음,보행자,남,32세,경상
2022042900100253,2022년 4월 29일 11시,금요일,대전광역시 중구 대사동,경상사고,0,0,1,0,차대차 - 측면충돌,안전거리미확보,건조,맑음,단일로 - 기타,승용,남,43세,상해없음,승용,남,51세,경상
2022042900100281,2022년 4월 29일 12시,금요일,대전광역시 서구 월평동,경상사고,0,0,1,0,차량단독 - 기타,안전운전불이행,건조,맑음,단일로 - 기타,승합,남,54세,상해없음,,,,
2022042900100358,2022년 4월 29일 14시,금요일,대전광역시 서구 만년동,경상사고,0,0,1,0,차대차 - 추돌,안전운전불이행,건조,맑음,단일로 - 기타,승용,남,63세,상해없음,승용,여,38세,경상
2022042900100397,2022년 4월 29일 15시,금요일,대전광역시 대덕구 중리동,경상사고,0,0,1,0,차대차 - 기타,안전운전불이행,건조,맑음,교차로 - 교차로부근,승용,남,66세,상해없음,이륜,남,34세,경상
2022042900100427,2022년 4월 29일 16시,금요일,대전광역시 서구 도마동,경상사고,0,0,2,2,차대차 - 기타,안전운전불이행,건조,맑음,단일로 - 기타,승합,남,55세,상해없음,승용,여,33세,경상
2022042900100466,2022년 4월 29일 17시,금요일,대전광역시 중구 선화동,경상사고,0,0,1,0,차대차 - 측면충돌,안전운전불이행,건조,맑음,교차로 - 교차로안,승용,남,35세,상해없음,승용,남,40세,경상
2022042900100467,2022년 4월 29일 17시,금요일,대전광역시 대덕구 중리동,경상사고,0,0,1,0,차대차 - 기타,직진우회전진행방해,건조,맑음,교차로 - 교차로안,원동기,남,21세,상해없음,승용,여,55세,경상
2022042900100546,2022년 4월 29일 19시,금요일,대전광역시 동구 용전동,경상사고,0,0,1,0,차대차 - 기타,안전운전불이행,건조,맑음,단일로 - 기타,승용,여,48세,상해없음,이륜,남,29세,경상
2022042900100581,2022년 4월 29일 20시,금요일,대전광역시 서구 용문동,사망사고,1,0,0,0,차대사람 - 기타,기타,건조,맑음,단일로 - 기타,화물,남,52세,상해없음,보행자,여,85세,사망
2022042900100631,2022년 4월 29일 22시,금요일,대전광역시 서구 용문동,경상사고,0,0,2,0,차대차 - 기타,신호위반,건조,맑음,교차로 - 교차로안,승용,여,27세,상해없음,승용,남,47세,경상
2022042900100651,2022년 4월 29일 23시,금요일,대전광역시 중구 오류동,경상사고,0,0,2,0,차대차 - 기타,안전거리미확보,건조,맑음,교차로 - 교차로안,승용,여,54세,상해없음,승용,남,39세,경상
2022043000100027,2022년 4월 30일 01시,토요일,대전광역시 서구 용문동,경상사고,0,0,2,0,차대차 - 측면충돌,안전운전불이행,건조,맑음,교차로 - 교차로부근,승용,남,56세,상해없음,이륜,남,18세,경상
2022043000100073,2022년 4월 30일 07시,토요일,대전광역시 동구 중동,경상사고,0,0,1,0,차대차 - 후진중충돌,안전운전불이행,건조,맑음,교차로 - 교차로안,화물,남,65세,상해없음,승용,남,29세,경상
2022043000100074,2022년 4월 30일 07시,토요일,대전광역시 유성구 방동,경상사고,0,0,1,1,차대차 - 기타,안전거리미확보,건조,맑음,단일로 - 기타,승용,남,85세,기타불명,승합,남,61세,경상
2022043000100091,2022년 4월 30일 08시,토요일,대전광역시 대덕구 송촌동,경상사고,0,0,1,0,차대차 - 기타,신호위반,건조,맑음,단일로 - 기타,승용,여,33세,상해없음,원동기,남,46세,경상
2022043000100092,2022년 4월 30일 08시,토요일,대전광역시 유성구 장대동,경상사고,0,0,1,0,차대차 - 측면충돌,신호위반,건조,맑음,교차로 - 교차로부근,승용,남,72세,상해없음,승용,여,56세,경상
2022043000100205,2022년 4월 30일 12시,토요일,대전광역시 서구 둔산동,경상사고,0,0,1,0,차대차 - 기타,안전운전불이행,건조,맑음,단일로 - 기타,승용,남,46세,상해없음,승용,남,24세,경상
2022043000100206,2022년 4월 30일 12시,토요일,대전광역시 유성구 봉명동,경상사고,0,0,1,0,차대사람 - 기타,안전운전불이행,건조,맑음,기타 - 기타,승용,남,36세,상해없음,보행자,여,22세,경상
2022043000100207,2022년 4월 30일 12시,토요일,대전광역시 유성구 죽동,경상사고,0,0,1,0,차대차 - 후진중충돌,안전운전불이행,건조,맑음,단일로 - 기타,승용,남,56세,상해없음,이륜,남,53세,경상
2022043000100257,2022년 4월 30일 13시,토요일,대전광역시 중구 중촌동,경상사고,0,0,1,0,차대차 - 기타,안전운전불이행,건조,맑음,교차로 - 교차로부근,건설기계,남,63세,상해없음,승용,남,39세,경상
2022043000100292,2022년 4월 30일 14시,토요일,대전광역시 동구 인동,경상사고,0,0,1,0,차대사람 - 기타,신호위반,건조,맑음,교차로 - 교차로횡단보도내,승용,남,41세,상해없음,보행자,남,64세,경상
2022043000100387,2022년 4월 30일 17시,토요일,대전광역시 동구 구도동,경상사고,0,0,2,0,차대차 - 측면충돌,안전운전불이행,건조,맑음,기타 - 기타,화물,남,55세,상해없음,승용,남,34세,경상
2022043000100435,2022년 4월 30일 18시,토요일,대전광역시 서구 탄방동,경상사고,0,0,1,0,차대차 - 기타,신호위반,건조,맑음,단일로 - 기타,승용,남,51세,상해없음,이륜,남,49세,경상
2022043000100460,2022년 4월 30일 19시,토요일,대전광역시 동구 용운동,경상사고,0,0,1,0,차대사람 - 기타,안전운전불이행,건조,맑음,교차로 - 교차로부근,승용,남,32세,상해없음,보행자,여,34세,경상
2022043000100486,2022년 4월 30일 20시,토요일,대전광역시 서구 변동,경상사고,0,0,1,0,차대차 - 기타,안전운전불이행,건조,맑음,단일로 - 기타,개인형이동수단(PM),남,40세,상해없음,자전거,남,38세,경상
2022043000100508,2022년 4월 30일 21시,토요일,대전광역시 대덕구 중리동,경상사고,0,0,1,0,차대차 - 측면충돌,안전운전불이행,건조,맑음,단일로 - 기타,승용,여,51세,상해없음,이륜,남,19세,경상
2022050100100207,2022년 5월 1일 13시,일요일,대전광역시 동구 가양동,중상사고,0,1,0,0,차대사람 - 횡단중,보행자보호의무위반,건조,맑음,교차로 - 교차로횡단보도내,승용,여,47세,상해없음,보행자,여,86세,중상
2022050100100235,2022년 5월 1일 14시,일요일,대전광역시 중구 대흥동,경상사고,0,0,1,0,차대사람 - 기타,보행자보호의무위반,건조,맑음,교차로 - 교차로횡단보도내,승용,여,61세,상해없음,보행자,남,27세,경상
2022050100100272,2022년 5월 1일 15시,일요일,대전광역시 중구 선화동,경상사고,0,0,2,0,차대차 - 측면충돌,신호위반,건조,맑음,교차로 - 교차로안,승용,남,68세,상해없음,승용,남,40세,경상
2022050100100274,2022년 5월 1일 15시,일요일,대전광역시 유성구 장대동,경상사고,0,0,1,0,차대차 - 기타,신호위반,건조,맑음,교차로 - 교차로안,이륜,남,17세,상해없음,승용,남,63세,경상
2022050100100311,2022년 5월 1일 16시,일요일,대전광역시 서구 만년동,중상사고,0,1,0,0,차대사람 - 길가장자리구역통행중,안전운전불이행,건조,맑음,기타 - 기타,자전거,남,14세,상해없음,보행자,여,29세,중상
2022050100100331,2022년 5월 1일 17시,일요일,대전광역시 대덕구 덕암동,경상사고,0,0,2,0,차대차 - 기타,안전거리미확보,건조,맑음,단일로 - 기타,승용,남,45세,상해없음,승용,남,61세,경상
2022050100100343,2022년 5월 1일 17시,일요일,대전광역시 동구 구도동,경상사고,0,0,2,0,차대차 - 추돌,안전운전불이행,건조,맑음,교차로 - 교차로부근,승용,여,73세,상해없음,화물,남,61세,경상
2022050100100344,2022년 5월 1일 17시,일요일,대전광역시 유성구 원내동,경상사고,0,0,2,0,차대차 - 측면충돌,안전운전불이행,건조,맑음,교차로 - 교차로부근,승용,여,58세,상해없음,승용,남,27세,경상
2022050100100366,2022년 5월 1일 18시,일요일,대전광역시 유성구 봉명동,중상사고,0,1,0,0,차대차 - 측면충돌,안전운전불이행,건조,맑음,교차로 - 교차로부근,화물,남,62세,상해없음,승용,남,55세,중상
2022050100100390,2022년 5월 1일 19시,일요일,대전광역시 동구 삼성동,경상사고,0,0,1,0,차대차 - 정면충돌,중앙선침범,건조,맑음,단일로 - 기타,화물,남,56세,상해없음,화물,남,50세,경상
2022050100100391,2022년 5월 1일 19시,일요일,대전광역시 서구 복수동,경상사고,0,0,1,0,차대차 - 측면충돌,안전운전불이행,건조,맑음,단일로 - 기타,승합,남,31세,상해없음,승용,남,32세,경상
2022050100100416,2022년 5월 1일 20시,일요일,대전광역시 중구 대사동,경상사고,0,0,1,0,차대차 - 기타,안전운전불이행,건조,맑음,교차로 - 교차로안,이륜,남,26세,상해없음,자전거,남,68세,경상
2022050100100417,2022년 5월 1일 20시,일요일,대전광역시 서구 갈마동,경상사고,0,0,1,0,차대차 - 추돌,안전운전불이행,건조,맑음,교차로 - 교차로안,화물,남,64세,상해없음,이륜,남,24세,경상
2022050100100418,2022년 5월 1일 20시,일요일,대전광역시 유성구 노은동,중상사고,0,1,0,0,차대사람 - 횡단중,안전운전불이행,건조,맑음,교차로 - 교차로횡단보도내,승용,여,27세,상해없음,보행자,남,57세,중상
2022050100100433,2022년 5월 1일 21시,일요일,대전광역시 동구 대동,중상사고,0,1,0,0,차대차 - 측면충돌,안전거리미확보,건조,맑음,단일로 - 기타,승용,남,22세,상해없음,이륜,남,52세,중상
2022050100100434,2022년 5월 1일 21시,일요일,대전광역시 대덕구 오정동,경상사고,0,0,1,0,차대차 - 정면충돌,신호위반,건조,맑음,교차로 - 교차로안,승용,여,52세,상해없음,이륜,남,27세,경상
2022050100100435,2022년 5월 1일 21시,일요일,대전광역시 서구 갈마동,중상사고,0,1,0,0,차대차 - 기타,안전운전불이행,건조,맑음,교차로 - 교차로부근,승용,남,63세,상해없음,원동기,남,44세,중상
2022050200100010,2022년 5월 2일 00시,월요일,대전광역시 서구 둔산동,중상사고,0,2,0,0,차량단독 - 전도전복 - 전복,안전운전불이행,건조,맑음,단일로 - 기타,승용,여,17세,상해없음,,,,
2022050200100015,2022년 5월 2일 01시,월요일,대전광역시 동구 천동,경상사고,0,0,1,0,차대사람 - 차도통행중,안전운전불이행,건조,맑음,단일로 - 기타,승용,남,26세,상해없음,보행자,남,80세,경상
2022050200100115,2022년 5월 2일 08시,월요일,대전광역시 중구 부사동,경상사고,0,0,1,0,차대차 - 추돌,안전운전불이행,건조,맑음,단일로 - 기타,승용,여,67세,상해없음,승용,여,38세,경상
2022050200100116,2022년 5월 2일 08시,월요일,대전광역시 중구 문화동,중상사고,0,1,0,0,차대차 - 기타,안전거리미확보,건조,맑음,교차로 - 교차로부근,승용,여,48세,상해없음,승합,남,31세,상해없음
2022050200100151,2022년 5월 2일 09시,월요일,대전광역시 동구 용전동,경상사고,0,0,1,0,차대차 - 추돌,안전운전불이행,건조,맑음,교차로 - 교차로부근,승용,남,28세,상해없음,승용,남,38세,경상
2022050200100152,2022년 5월 2일 09시,월요일,대전광역시 동구 가오동,경상사고,0,0,1,0,차대차 - 측면충돌,신호위반,건조,맑음,교차로 - 교차로안,자전거,남,68세,경상,승용,남,66세,기타불명
2022050200100186,2022년 5월 2일 10시,월요일,대전광역시 서구 관저동,경상사고,0,0,2,0,차대차 - 기타,안전운전불이행,건조,맑음,단일로 - 기타,승용,여,59세,경상,승용,여,37세,경상
2022050200100187,2022년 5월 2일 10시,월요일,대전광역시 유성구 구성동,중상사고,0,1,1,0,차대차 - 기타,안전운전불이행,건조,맑음,단일로 - 기타,자전거,남,35세,경상,자전거,여,22세,중상
2022050200100221,2022년 5월 2일 11시,월요일,대전광역시 서구 도마동,경상사고,0,0,2,0,차대차 - 기타,안전운전불이행,건조,맑음,단일로 - 기타,승용,여,65세,상해없음,화물,남,27세,경상
2022050200100222,2022년 5월 2일 11시,월요일,대전광역시 대덕구 덕암동,경상사고,0,0,1,1,차대차 - 측면충돌,신호위반,건조,맑음,교차로 - 교차로안,승용,남,54세,상해없음,승용,남,34세,경상
2022050200100255,2022년 5월 2일 12시,월요일,대전광역시 동구 판암동,경상사고,0,0,1,0,차대차 - 측면충돌,안전운전불이행,건조,맑음,교차로 - 교차로안,승용,남,63세,상해없음,승용,여,39세,경상
2022050200100256,2022년 5월 2일 12시,월요일,대전광역시 유성구 노은동,중상사고,0,1,2,0,차대차 - 측면충돌,중앙선침범,건조,맑음,단일로 - 기타,승용,남,42세,상해없음,승용,남,42세,중상
2022050200100318,2022년 5월 2일 14시,월요일,대전광역시 동구 천동,사망사고,1,0,0,0,차대사람 - 횡단중,안전운전불이행,건조,맑음,단일로 - 기타,특수,남,59세,상해없음,보행자,여,85세,사망
2022050200100364,2022년 5월 2일 15시,월요일,대전광역시 동구 중동,경상사고,0,0,1,0,차대차 - 기타,안전운전불이행,건조,맑음,기타 - 기타,승합,남,41세,상해없음,승용,남,60세,경상
2022050200100365,2022년 5월 2일 15시,월요일,대전광역시 동구 자양동,경상사고,0,0,1,0,차대사람 - 기타,안전운전불이행,건조,맑음,단일로 - 기타,승용,남,23세,상해없음,보행자,남,46세,경상
2022050200100366,2022년 5월 2일 15시,월요일,대전광역시 동구 홍도동,중상사고,0,1,0,0,차대차 - 추돌,안전운전불이행,건조,맑음,교차로 - 교차로안,화물,남,46세,상해없음,화물,남,69세,중상
2022050200100367,2022년 5월 2일 15시,월요일,대전광역시 유성구 노은동,중상사고,0,1,1,0,차대차 - 측면충돌,안전거리미확보,건조,맑음,단일로 - 기타,승용,여,62세,기타불명,승용,남,21세,중상
2022050200100368,2022년 5월 2일 15시,월요일,대전광역시 유성구 구암동,중상사고,0,1,0,0,차대사람 - 기타,안전운전불이행,건조,맑음,단일로 - 기타,승용,여,62세,상해없음,보행자,남,29세,중상
2022050200100406,2022년 5월 2일 16시,월요일,대전광역시 대덕구 중리동,경상사고,0,0,4,0,차대차 - 추돌,안전운전불이행,건조,맑음,단일로 - 기타,승용,남,42세,상해없음,승용,남,48세,경상
2022050200100450,2022년 5월 2일 17시,월요일,대전광역시 동구 가양동,경상사고,0,0,1,0,차대차 - 후진중충돌,안전운전불이행,건조,맑음,교차로 - 교차로안,승용,여,61세,상해없음,승용,여,59세,경상
2022050200100451,2022년 5월 2일 17시,월요일,대전광역시 서구 도안동,경상사고,0,0,2,0,차대차 - 기타,안전운전불이행,건조,맑음,교차로 - 교차로부근,승용,여,59세,상해없음,승용,남,30세,경상
2022050200100452,2022년 5월 2일 17시,월요일,대전광역시 대덕구 중리동,경상사고,0,0,1,0,차대차 - 후진중충돌,안전운전불이행,건조,맑음,단일로 - 기타,승합,남,63세,상해없음,승용,남,46세,경상
2022050200100488,2022년 5월 2일 18시,월요일,대전광역시 유성구 궁동,경상사고,0,0,2,0,차대차 - 측면충돌,안전운전불이행,건조,맑음,교차로 - 교차로안,이륜,남,28세,상해없음,승용,남,24세,경상
2022050200100521,2022년 5월 2일 19시,월요일,대전광역시 중구 유천동,경상사고,0,0,1,0,차대차 - 기타,안전운전불이행,건조,맑음,교차로 - 교차로부근,승용,남,64세,상해없음,이륜,남,20세,경상
2022050200100579,2022년 5월 2일 21시,월요일,대전광역시 동구 용전동,경상사고,0,0,1,0,차대차 - 추돌,기타,건조,맑음,단일로 - 기타,승용,남,30세,상해없음,승용,남,28세,경상
2022050300100025,2022년 5월 3일 04시,화요일,대전광역시 대덕구 오정동,사망사고,1,0,0,0,차대사람 - 기타,기타,건조,맑음,교차로 - 교차로부근,화물,남,64세,상해없음,보행자,여,62세,사망
2022050300100070,2022년 5월 3일 07시,화요일,대전광역시 중구 문화동,중상사고,0,1,4,0,차대차 - 추돌,안전운전불이행,건조,맑음,단일로 - 기타,승용,남,24세,상해없음,승합,남,43세,경상
2022050300100110,2022년 5월 3일 08시,화요일,대전광역시 동구 삼성동,경상사고,0,0,1,0,차대차 - 측면충돌,신호위반,건조,맑음,교차로 - 교차로안,승용,남,65세,상해없음,승용,여,51세,경상
2022050300100153,2022년 5월 3일 09시,화요일,대전광역시 동구 삼성동,경상사고,0,0,1,0,차대차 - 기타,안전거리미확보,건조,맑음,단일로 - 기타,화물,남,57세,상해없음,승용,남,30세,경상
2022050300100182,2022년 5월 3일 10시,화요일,대전광역시 대덕구 오정동,중상사고,0,1,0,0,차대차 - 측면충돌,안전운전불이행,건조,맑음,단일로 - 교량,이륜,남,25세,상해없음,화물,남,29세,상해없음
2022050300100183,2022년 5월 3일 10시,화요일,대전광역시 유성구 전민동,경상사고,0,0,2,0,차대차 - 기타,안전거리미확보,건조,맑음,교차로 - 교차로부근,승용,여,66세,상해없음,건설기계,남,54세,경상
2022050300100227,2022년 5월 3일 11시,화요일,대전광역시 중구 대사동,경상사고,0,0,2,0,차대차 - 기타,안전운전불이행,건조,맑음,단일로 - 기타,승용,남,50세,상해없음,승용,남,49세,경상
2022050300100322,2022년 5월 3일 14시,화요일,대전광역시 대덕구 중리동,부상신고사고,0,0,0,1,차대차 - 후진중충돌,안전운전불이행,건조,맑음,교차로 - 교차로안,화물,남,40세,상해없음,이륜,남,19세,부상신고
2022050300100323,2022년 5월 3일 14시,화요일,대전광역시 대덕구 오정동,경상사고,0,0,1,0,차대차 - 기타,교차로운행방법위반,건조,맑음,단일로 - 기타,승용,남,65세,상해없음,승용,남,26세,경상
2022050300100324,2022년 5월 3일 14시,화요일,대전광역시 대덕구 신탄진동,경상사고,0,0,1,0,차대차 - 기타,교차로운행방법위반,건조,맑음,교차로 - 교차로부근,화물,남,69세,상해없음,승용,남,36세,경상
2022050300100400,2022년 5월 3일 16시,화요일,대전광역시 서구 괴정동,경상사고,0,0,2,0,차대차 - 기타,안전거리미확보,건조,맑음,단일로 - 기타,승용,여,49세,경상,승용,여,54세,경상
2022050300100453,2022년 5월 3일 17시,화요일,대전광역시 서구 괴정동,경상사고,0,0,1,0,차대차 - 기타,안전운전불이행,건조,맑음,교차로 - 교차로부근,승용,남,60세,기타불명,승용,남,26세,경상
2022050300100454,2022년 5월 3일 17시,화요일,대전광역시 대덕구 대화동,경상사고,0,0,1,0,차대사람 - 기타,안전운전불이행,건조,맑음,단일로 - 기타,승합,남,47세,상해없음,보행자,남,74세,경상
2022050300100455,2022년 5월 3일 17시,화요일,대전광역시 서구 갈마동,경상사고,0,0,2,0,차대차 - 측면충돌,신호위반,건조,맑음,교차로 - 교차로안,승용,남,62세,상해없음,승용,여,31세,경상
2022050300100536,2022년 5월 3일 19시,화요일,대전광역시 동구 가오동,경상사고,0,0,1,0,차대차 - 기타,기타,건조,맑음,단일로 - 기타,이륜,남,32세,상해없음,승용,남,41세,경상
2022050300100537,2022년 5월 3일 19시,화요일,대전광역시 서구 도마동,경상사고,0,0,1,0,차대사람 - 기타,안전운전불이행,건조,맑음,단일로 - 기타,승용,남,53세,상해없음,보행자,남,44세,경상
2022050300100538,2022년 5월 3일 19시,화요일,대전광역시 서구 갈마동,경상사고,0,0,1,0,차대차 - 후진중충돌,안전운전불이행,건조,맑음,단일로 - 기타,승용,남,38세,상해없음,이륜,남,35세,경상
2022050300100566,2022년 5월 3일 20시,화요일,대전광역시 중구 유천동,중상사고,0,1,0,0,차대차 - 측면충돌,기타,건조,맑음,교차로 - 교차로안,승용,남,70세,상해없음,자전거,남,61세,중상
2022050300100567,2022년 5월 3일 20시,화요일,대전광역시 유성구 장대동,경상사고,0,0,1,0,차대차 - 기타,안전운전불이행,건조,맑음,단일로 - 기타,승용,여,46세,상해없음,승용,남,22세,경상
2022050400100094,2022년 5월 4일 07시,수요일,대전광역시 동구 성남동,경상사고,0,0,1,0,차대차 - 측면충돌,안전운전불이행,건조,맑음,교차로 - 교차로안,승용,남,40세,상해없음,승용,남,62세,경상
2022050400100095,2022년 5월 4일 07시,수요일,대전광역시 서구 월평동,경상사고,0,0,1,0,차대차 - 측면충돌,안전거리미확보,건조,맑음,교차로 - 교차로부근,이륜,남,61세,상해없음,이륜,남,48세,경상
2022050400100152,2022년 5월 4일 08시,수요일,대전광역시 서구 복수동,중상사고,0,1,0,0,차대차 - 측면충돌,중앙선침범,건조,맑음,단일로 - 기타,승용,남,63세,상해없음,이륜,여,65세,중상
2022050400100154,2022년 5월 4일 08시,수요일,대전광역시 유성구 궁동,경상사고,0,0,1,0,차대사람 - 기타,안전운전불이행,건조,맑음,단일로 - 기타,개인형이동수단(PM),여,23세,상해없음,보행자,여,37세,경상
2022050400100200,2022년 5월 4일 09시,수요일,대전광역시 동구 용전동,경상사고,0,0,2,0,차대차 - 기타,안전운전불이행,건조,맑음,단일로 - 기타,화물,남,63세,상해없음,승용,남,58세,경상
2022050400100273,2022년 5월 4일 11시,수요일,대전광역시 동구 용운동,중상사고,0,1,0,0,차대사람 - 기타,안전운전불이행,건조,맑음,단일로 - 기타,화물,남,60세,상해없음,보행자,남,24세,중상
2022050400100274,2022년 5월 4일 11시,수요일,대전광역시 동구 용전동,경상사고,0,0,1,0,차대차 - 측면충돌,안전거리미확보,건조,맑음,단일로 - 기타,화물,남,54세,상해없음,승용,남,66세,경상