사고번호,사고일시,요일,시군구,사고내용,사망자수,중상자수,경상자수,부상신고자수,사고유형,법규위반,노면상태,기상상태,도로형태,가해운전자 차종,가해운전자 성별,가해운전자 연령,가해운전자 상해정도,피해운전자 차종,피해운전자 성별,피해운전자 연령,피해운전자 상해정도
2022050400100338,2022년 5월 4일 13시,수요일,대전광역시 동구 용전동,경상사고,0,0,1,0,차대사람 - 기타,안전운전불이행,건조,맑음,단일로 - 기타,화물,남,58세,상해없음,보행자,남,32세,경상
2022050400100374,2022년 5월 4일 14시,수요일,대전광역시 중구 중촌동,중상사고,0,1,0,0,차대차 - 기타,신호위반,건조,맑음,교차로 - 교차로안,건설기계,남,43세,상해없음,화물,남,22세,중상
2022050400100375,2022년 5월 4일 14시,수요일,대전광역시 서구 괴정동,경상사고,0,0,1,0,차량단독 - 기타,안전운전불이행,건조,맑음,단일로 - 기타,승합,남,54세,상해없음,,,,
2022050400100376,2022년 5월 4일 14시,수요일,대전광역시 유성구 죽동,경상사고,0,0,1,0,차대차 - 추돌,안전운전불이행,건조,맑음,단일로 - 기타,승용,남,51세,상해없음,승용,남,56세,경상
2022050400100411,2022년 5월 4일 15시,수요일,대전광역시 유성구 장대동,경상사고,0,0,1,0,차대차 - 측면충돌,차로위반,건조,맑음,단일로 - 기타,승용,남,63세,상해없음,승합,남,73세,경상
2022050400100443,2022년 5월 4일 16시,수요일,대전광역시 동구 자양동,경상사고,0,0,1,0,차대차 - 기타,교차로운행방법위반,건조,맑음,교차로 - 교차로안,승용,남,45세,상해없음,이륜,남,22세,경상
2022050400100444,2022년 5월 4일 16시,수요일,대전광역시 서구 정림동,중상사고,0,1,1,0,차대차 - 기타,교차로운행방법위반,건조,맑음,교차로 - 교차로부근,화물,남,32세,기타불명,승용,여,41세,중상
2022050400100445,2022년 5월 4일 16시,수요일,대전광역시 대덕구 읍내동,경상사고,0,0,1,2,차대차 - 기타,안전운전불이행,건조,맑음,기타 - 기타,승용,남,74세,상해없음,승용,여,52세,경상
2022050400100446,2022년 5월 4일 16시,수요일,대전광역시 유성구 도룡동,경상사고,0,0,1,0,차대사람 - 횡단중,보행자보호의무위반,건조,맑음,교차로 - 교차로안,승합,남,63세,상해없음,보행자,남,7세,경상
2022050400100513,2022년 5월 4일 17시,수요일,대전광역시 서구 관저동,경상사고,0,0,1,0,차대차 - 기타,안전운전불이행,건조,맑음,교차로 - 교차로부근,승용,여,57세,상해없음,승용,남,28세,경상
2022050400100575,2022년 5월 4일 18시,수요일,대전광역시 대덕구 오정동,경상사고,0,0,5,0,차대차 - 측면충돌,신호위반,건조,맑음,교차로 - 교차로안,이륜,남,30세,상해없음,승합,남,64세,상해없음
2022050400100660,2022년 5월 4일 20시,수요일,대전광역시 동구 소제동,경상사고,0,0,2,0,차대차 - 기타,중앙선침범,건조,맑음,교차로 - 교차로부근,승용,남,60세,상해없음,승용,남,60세,경상
2022050400100661,2022년 5월 4일 20시,수요일,대전광역시 서구 도안동,중상사고,0,1,1,0,차대차 - 측면충돌,안전운전불이행,건조,맑음,단일로 - 기타,승용,남,43세,상해없음,승용,여,50세,중상
2022050400100688,2022년 5월 4일 21시,수요일,대전광역시 서구 탄방동,경상사고,0,0,3,0,차대차 - 기타,중앙선침범,건조,맑음,기타 - 기타,이륜,남,45세,상해없음,승용,남,70세,경상
2022050400100689,2022년 5월 4일 21시,수요일,대전광역시 서구 갈마동,경상사고,0,0,1,0,차대사람 - 횡단중,보행자보호의무위반,건조,맑음,교차로 - 교차로횡단보도내,승용,남,30세,상해없음,보행자,남,39세,경상
2022050400100714,2022년 5월 4일 22시,수요일,대전광역시 대덕구 법동,경상사고,0,0,1,0,차대차 - 기타,안전운전불이행,건조,맑음,교차로 - 교차로부근,승합,남,64세,상해없음,자전거,남,66세,경상
2022050400100715,2022년 5월 4일 22시,수요일,대전광역시 유성구 봉명동,중상사고,0,1,0,0,차대사람 - 횡단중,보행자보호의무위반,건조,맑음,교차로 - 교차로횡단보도내,승용,여,39세,상해없음,보행자,여,26세,중상
2022050400100716,2022년 5월 4일 22시,수요일,대전광역시 유성구 장대동,경상사고,0,0,2,0,차대차 - 측면충돌,교차로운행방법위반,건조,맑음,교차로 - 교차로안,승용,남,40세,상해없음,승용,남,30세,경상
2022050400100729,2022년 5월 4일 23시,수요일,대전광역시 동구 자양동,중상사고,0,1,1,0,차대차 - 측면충돌,신호위반,건조,맑음,교차로 - 교차로안,승용,남,22세,상해없음,원동기,여,21세,중상
2022050500100015,2022년 5월 5일 00시,목요일,대전광역시 서구 갈마동,경상사고,0,0,1,0,차대차 - 기타,안전운전불이행,건조,맑음,교차로 - 교차로안,승용,남,30세,상해없음,이륜,남,36세,경상
2022050500100033,2022년 5월 5일 01시,목요일,대전광역시 서구 둔산동,경상사고,0,0,2,0,차대사람 - 기타,안전운전불이행,건조,맑음,단일로 - 기타,승용,남,28세,상해없음,보행자,남,27세,경상
2022050500100091,2022년 5월 5일 08시,목요일,대전광역시 중구 오류동,중상사고,0,1,0,0,차대사람 - 기타,안전운전불이행,건조,맑음,단일로 - 기타,승용,남,66세,상해없음,보행자,남,85세,중상
2022050500100132,2022년 5월 5일 10시,목요일,대전광역시 대덕구 읍내동,경상사고,0,0,1,0,차대차 - 추돌,안전운전불이행,건조,맑음,단일로 - 기타,승용,남,50세,상해없음,승용,남,53세,경상
2022050500100197,2022년 5월 5일 12시,목요일,대전광역시 서구 관저동,경상사고,0,0,3,0,차대차 - 기타,직진우회전진행방해,건조,맑음,교차로 - 교차로안,이륜,남,26세,상해없음,승용,남,31세,경상
2022050500100198,2022년 5월 5일 12시,목요일,대전광역시 서구 월평동,경상사고,0,0,1,0,차대차 - 기타,안전운전불이행,건조,맑음,교차로 - 교차로안,승용,남,60세,상해없음,이륜,남,49세,경상
2022050500100199,2022년 5월 5일 12시,목요일,대전광역시 서구 갈마동,경상사고,0,0,1,0,차대차 - 후진중충돌,안전운전불이행,건조,맑음,단일로 - 기타,승용,여,43세,상해없음,승용,여,29세,경상
2022050500100237,2022년 5월 5일 13시,목요일,대전광역시 서구 용문동,경상사고,0,0,1,0,차대차 - 기타,안전운전불이행,건조,맑음,교차로 - 교차로안,승용,여,61세,상해없음,이륜,남,22세,경상
2022050500100238,2022년 5월 5일 13시,목요일,대전광역시 서구 괴정동,경상사고,0,0,1,0,차대차 - 기타,직진우회전진행방해,건조,맑음,교차로 - 교차로안,승용,남,50세,상해없음,이륜,남,38세,경상
2022050500100239,2022년 5월 5일 13시,목요일,대전광역시 서구 갈마동,경상사고,0,0,1,0,차대차 - 측면충돌,안전운전불이행,건조,맑음,단일로 - 기타,승용,남,42세,상해없음,이륜,남,20세,경상
2022050500100240,2022년 5월 5일 13시,목요일,대전광역시 서구 둔산동,경상사고,0,0,2,0,차대차 - 추돌,안전운전불이행,건조,맑음,단일로 - 기타,건설기계,남,65세,상해없음,승용,여,31세,경상
2022050500100276,2022년 5월 5일 14시,목요일,대전광역시 중구 사정동,경상사고,0,0,1,0,차대차 - 추돌,안전거리미확보,건조,맑음,교차로 - 교차로안,승합,남,66세,상해없음,승용,남,32세,경상
2022050500100277,2022년 5월 5일 14시,목요일,대전광역시 서구 도안동,경상사고,0,0,1,0,차대차 - 기타,안전운전불이행,건조,맑음,단일로 - 기타,승용,남,58세,상해없음,승용,여,22세,경상
2022050500100354,2022년 5월 5일 16시,목요일,대전광역시 동구 신상동,경상사고,0,0,2,0,차대차 - 측면충돌,안전운전불이행,건조,맑음,교차로 - 교차로부근,승용,여,61세,경상,화물,남,67세,경상
2022050500100355,2022년 5월 5일 16시,목요일,대전광역시 유성구 죽동,중상사고,0,1,0,0,차대차 - 기타,안전운전불이행,건조,맑음,기타 - 기타,자전거,여,51세,중상,승용,여,27세,상해없음
2022050500100392,2022년 5월 5일 17시,목요일,대전광역시 대덕구 오정동,부상신고사고,0,0,0,1,차대차 - 기타,교차로운행방법위반,건조,맑음,교차로 - 교차로안,이륜,남,63세,부상신고,승용,여,50세,상해없음
2022050500100481,2022년 5월 5일 20시,목요일,대전광역시 중구 대흥동,경상사고,0,0,1,0,차대차 - 기타,안전운전불이행,건조,맑음,기타 - 기타,승용,여,47세,상해없음,이륜,남,38세,경상
2022050500100482,2022년 5월 5일 20시,목요일,대전광역시 서구 변동,경상사고,0,0,1,0,차대차 - 기타,중앙선침범,건조,맑음,단일로 - 기타,승용,남,39세,상해없음,이륜,남,40세,경상
2022050500100529,2022년 5월 5일 22시,목요일,대전광역시 유성구 장대동,경상사고,0,0,1,0,차대차 - 기타,교차로운행방법위반,건조,맑음,교차로 - 교차로안,승합,남,44세,상해없음,승용,남,47세,경상
2022050500100542,2022년 5월 5일 23시,목요일,대전광역시 서구 용문동,경상사고,0,0,1,0,차대차 - 측면충돌,중앙선침범,건조,맑음,교차로 - 교차로안,이륜,남,53세,상해없음,이륜,남,29세,경상
2022050600100015,2022년 5월 6일 01시,금요일,대전광역시 서구 용문동,경상사고,0,0,2,0,차대차 - 기타,신호위반,건조,맑음,교차로 - 교차로안,승용,여,43세,상해없음,승용,여,63세,경상
2022050600100067,2022년 5월 6일 07시,금요일,대전광역시 동구 가양동,사망사고,2,0,0,0,차대차 - 기타,안전운전불이행,건조,맑음,교차로 - 교차로부근,승용,남,80세,상해없음,이륜,남,74세,사망
2022050600100094,2022년 5월 6일 08시,금요일,대전광역시 중구 오류동,경상사고,0,0,1,0,차대사람 - 횡단중,보행자보호의무위반,건조,맑음,교차로 - 교차로횡단보도내,승용,여,41세,상해없음,보행자,여,29세,경상
2022050600100095,2022년 5월 6일 08시,금요일,대전광역시 유성구 하기동,경상사고,0,0,1,0,차대차 - 추돌,안전거리미확보,건조,맑음,단일로 - 기타,승용,남,61세,상해없음,승용,남,61세,경상
2022050600100210,2022년 5월 6일 11시,금요일,대전광역시 대덕구 덕암동,중상사고,0,1,0,0,차대사람 - 횡단중,보행자보호의무위반,건조,맑음,교차로 - 교차로횡단보도내,승용,남,77세,상해없음,보행자,여,73세,중상
2022050600100211,2022년 5월 6일 11시,금요일,대전광역시 대덕구 읍내동,중상사고,0,1,0,0,차대차 - 기타,신호위반,건조,맑음,단일로 - 기타,승용,여,50세,상해없음,승용,남,44세,중상
2022050600100212,2022년 5월 6일 11시,금요일,대전광역시 유성구 봉명동,경상사고,0,0,1,0,차대차 - 기타,안전운전불이행,건조,맑음,단일로 - 기타,승용,여,33세,상해없음,승용,여,29세,경상
2022050600100255,2022년 5월 6일 12시,금요일,대전광역시 유성구 신성동,경상사고,0,0,1,0,차대사람 - 기타,안전운전불이행,건조,맑음,단일로 - 기타,승용,여,67세,상해없음,보행자,여,78세,경상
2022050600100293,2022년 5월 6일 13시,금요일,대전광역시 중구 은행동,경상사고,0,0,1,0,차대사람 - 기타,안전운전불이행,건조,맑음,단일로 - 기타,승용,남,32세,상해없음,보행자,남,17세,경상
2022050600100381,2022년 5월 6일 15시,금요일,대전광역시 서구 둔산동,경상사고,0,0,1,0,차대사람 - 길가장자리구역통행중,안전운전불이행,건조,맑음,단일로 - 기타,승용,여,64세,상해없음,보행자,여,62세,경상
2022050600100432,2022년 5월 6일 16시,금요일,대전광역시 서구 둔산동,경상사고,0,0,1,0,차대차 - 측면충돌,안전운전불이행,건조,맑음,교차로 - 교차로안,승용,남,39세,경상,화물,남,51세,상해없음
2022050600100537,2022년 5월 6일 18시,금요일,대전광역시 중구 태평동,경상사고,0,0,4,0,차대차 - 추돌,안전운전불이행,건조,맑음,교차로 - 교차로부근,승용,남,61세,상해없음,승용,남,57세,경상
2022050600100538,2022년 5월 6일 18시,금요일,대전광역시 대덕구 덕암동,경상사고,0,0,1,0,차대차 - 후진중충돌,안전운전불이행,건조,맑음,단일로 - 기타,승용,여,28세,상해없음,승용,남,58세,경상
2022050600100539,2022년 5월 6일 18시,금요일,대전광역시 대덕구 송촌동,경상사고,0,0,1,0,차대차 - 후진중충돌,안전운전불이행,건조,맑음,단일로 - 기타,승용,남,31세,상해없음,승용,남,29세,경상
2022050600100575,2022년 5월 6일 19시,금요일,대전광역시 중구 대흥동,경상사고,0,0,1,0,차대사람 - 기타,신호위반,건조,맑음,단일로 - 지하차도(도로)내,승용,남,28세,상해없음,보행자,남,23세,경상
2022050600100576,2022년 5월 6일 19시,금요일,대전광역시 대덕구 오정동,부상신고사고,0,0,0,1,차대차 - 기타,안전운전불이행,건조,맑음,교차로 - 교차로횡단보도내,화물,남,41세,상해없음,자전거,남,31세,부상신고
2022050600100604,2022년 5월 6일 20시,금요일,대전광역시 서구 만년동,경상사고,0,0,1,0,차대차 - 측면충돌,안전운전불이행,건조,맑음,교차로 - 교차로횡단보도내,승용,남,51세,상해없음,자전거,여,33세,경상
2022050600100634,2022년 5월 6일 21시,금요일,대전광역시 중구 태평동,경상사고,0,0,1,0,차대차 - 기타,안전운전불이행,건조,맑음,교차로 - 교차로안,승용,남,64세,상해없음,자전거,남,24세,경상
2022050600100653,2022년 5월 6일 22시,금요일,대전광역시 서구 둔산동,경상사고,0,0,1,0,차대사람 - 기타,안전운전불이행,건조,맑음,단일로 - 기타,이륜,남,64세,기타불명,보행자,남,46세,경상
2022050600100670,2022년 5월 6일 23시,금요일,대전광역시 서구 괴정동,경상사고,0,0,1,0,차대차 - 기타,안전운전불이행,건조,맑음,교차로 - 교차로부근,승용,남,64세,경상,승용,남,45세,상해없음
2022050600100671,2022년 5월 6일 23시,금요일,대전광역시 서구 둔산동,중상사고,0,1,2,0,차대차 - 정면충돌,신호위반,건조,맑음,교차로 - 교차로안,이륜,남,35세,중상,승용,남,61세,경상
2022050700100013,2022년 5월 7일 00시,토요일,대전광역시 서구 갈마동,경상사고,0,0,2,0,차대차 - 정면충돌,신호위반,건조,맑음,교차로 - 교차로안,승용,남,51세,상해없음,승용,남,59세,경상
2022050700100023,2022년 5월 7일 02시,토요일,대전광역시 서구 만년동,경상사고,0,0,1,0,차대차 - 측면충돌,신호위반,건조,맑음,교차로 - 교차로안,승용,여,25세,상해없음,승용,남,53세,경상
2022050700100039,2022년 5월 7일 04시,토요일,대전광역시 서구 갈마동,부상신고사고,0,0,0,1,차대차 - 기타,안전운전불이행,건조,맑음,교차로 - 교차로횡단보도내,승용,남,44세,상해없음,개인형이동수단(PM),여,24세,부상신고
2022050700100121,2022년 5월 7일 10시,토요일,대전광역시 동구 삼성동,중상사고,0,1,1,0,차대차 - 기타,안전운전불이행,건조,맑음,단일로 - 기타,이륜,남,50세,중상,승용,남,61세,경상
2022050700100237,2022년 5월 7일 13시,토요일,대전광역시 중구 산성동,경상사고,0,0,1,0,차대사람 - 기타,안전운전불이행,건조,맑음,단일로 - 기타,승용,남,56세,상해없음,보행자,남,32세,경상
2022050700100284,2022년 5월 7일 14시,토요일,대전광역시 대덕구 신탄진동,경상사고,0,0,2,0,차대차 - 추돌,안전운전불이행,건조,맑음,교차로 - 교차로부근,승용,남,48세,상해없음,승용,남,42세,경상
2022050700100285,2022년 5월 7일 14시,토요일,대전광역시 대덕구 오정동,경상사고,0,0,1,0,차대차 - 측면충돌,안전운전불이행,건조,맑음,교차로 - 교차로부근,승용,여,44세,상해없음,승용,남,66세,경상
2022050700100318,2022년 5월 7일 15시,토요일,대전광역시 서구 만년동,경상사고,0,0,2,0,차대차 - 추돌,안전운전불이행,건조,맑음,교차로 - 교차로부근,승용,남,61세,기타불명,승용,남,72세,경상
2022050700100319,2022년 5월 7일 15시,토요일,대전광역시 유성구 구성동,경상사고,0,0,1,0,차대차 - 기타,안전운전불이행,건조,맑음,교차로 - 교차로안,승용,여,51세,상해없음,승용,남,56세,경상
2022050700100320,2022년 5월 7일 15시,토요일,대전광역시 유성구 교촌동,경상사고,0,0,1,0,차대차 - 기타,신호위반,건조,맑음,교차로 - 교차로안,승용,남,29세,상해없음,승용,여,47세,경상
2022050700100356,2022년 5월 7일 16시,토요일,대전광역시 중구 문창동,경상사고,0,0,3,0,차대차 - 기타,교차로운행방법위반,건조,맑음,교차로 - 교차로안,승용,남,30세,상해없음,승용,남,36세,경상
2022050700100357,2022년 5월 7일 16시,토요일,대전광역시 동구 신흥동,경상사고,0,0,1,0,차대차 - 기타,신호위반,건조,맑음,교차로 - 교차로부근,승용,남,35세,상해없음,승용,남,26세,경상
2022050700100358,2022년 5월 7일 16시,토요일,대전광역시 서구 도안동,경상사고,0,0,1,0,차대차 - 기타,안전운전불이행,건조,맑음,교차로 - 교차로횡단보도내,승용,여,74세,상해없음,개인형이동수단(PM),남,30세,경상
2022050700100396,2022년 5월 7일 17시,토요일,대전광역시 유성구 원내동,경상사고,0,0,1,0,차대사람 - 횡단중,신호위반,건조,맑음,교차로 - 교차로횡단보도내,승용,남,66세,상해없음,보행자,여,16세,경상
2022050700100430,2022년 5월 7일 18시,토요일,대전광역시 서구 관저동,경상사고,0,0,1,0,차대차 - 기타,안전운전불이행,건조,맑음,교차로 - 교차로안,이륜,남,27세,상해없음,자전거,남,20세,경상
2022050700100491,2022년 5월 7일 20시,토요일,대전광역시 중구 유천동,경상사고,0,0,2,0,차대차 - 후진중충돌,안전운전불이행,건조,맑음,교차로 - 교차로안,승용,여,38세,상해없음,승용,여,39세,경상
2022050700100492,2022년 5월 7일 20시,토요일,대전광역시 동구 가양동,경상사고,0,0,1,0,차대차 - 후진중충돌,안전운전불이행,건조,맑음,단일로 - 기타,승용,남,62세,상해없음,이륜,남,45세,경상
2022050700100493,2022년 5월 7일 20시,토요일,대전광역시 유성구 봉명동,경상사고,0,0,4,0,차대차 - 기타,안전운전불이행,건조,맑음,교차로 - 교차로안,승용,남,44세,상해없음,승용,남,30세,경상
2022050700100517,2022년 5월 7일 21시,토요일,대전광역시 유성구 봉명동,경상사고,0,0,1,0,차대차 - 기타,안전운전불이행,건조,맑음,교차로 - 교차로안,승용,남,59세,상해없음,개인형이동수단(PM),남,53세,경상
2022050700100530,2022년 5월 7일 22시,토요일,대전광역시 유성구 도룡동,중상사고,0,1,3,0,차대차 - 측면충돌,안전거리미확보,건조,맑음,단일로 - 기타,승용,여,19세,중상,승합,남,55세,경상
2022050700100547,2022년 5월 7일 23시,토요일,대전광역시 서구 용문동,경상사고,0,0,1,1,차대차 - 측면충돌,신호위반,건조,맑음,교차로 - 교차로안,승용,여,32세,상해없음,승용,남,48세,경상
2022050700100548,2022년 5월 7일 23시,토요일,대전광역시 서구 둔산동,경상사고,0,0,2,0,차대차 - 측면충돌,안전운전불이행,건조,맑음,교차로 - 교차로부근,승합,남,44세,상해없음,승용,남,64세,경상
2022050800100021,2022년 5월 8일 01시,일요일,대전광역시 서구 둔산동,경상사고,0,0,1,0,차대사람 - 길가장자리구역통행중,안전운전불이행,건조,맑음,단일로 - 기타,이륜,남,24세,상해없음,보행자,남,21세,경상
2022050800100037,2022년 5월 8일 03시,일요일,대전광역시 서구 월평동,경상사고,0,0,1,0,차대차 - 측면충돌,안전운전불이행,건조,맑음,단일로 - 기타,승용,남,48세,상해없음,이륜,남,25세,경상
2022050800100086,2022년 5월 8일 09시,일요일,대전광역시 중구 문화동,중상사고,0,1,0,0,차대차 - 기타,안전거리미확보,건조,맑음,단일로 - 기타,기타불명,기타불명,미분류,기타불명,승용,남,62세,상해없음
2022050800100125,2022년 5월 8일 11시,일요일,대전광역시 대덕구 신탄진동,경상사고,0,0,1,0,차대차 - 측면충돌,안전운전불이행,건조,맑음,교차로 - 교차로부근,자전거,남,49세,경상,승용,남,30세,상해없음
2022050800100126,2022년 5월 8일 11시,일요일,대전광역시 서구 월평동,경상사고,0,0,1,0,차대차 - 기타,신호위반,건조,맑음,교차로 - 교차로안,승용,남,35세,상해없음,승용,남,63세,경상
2022050800100165,2022년 5월 8일 12시,일요일,대전광역시 서구 용문동,경상사고,0,0,1,0,차대사람 - 보도통행중,안전운전불이행,건조,맑음,단일로 - 기타,승용,남,32세,상해없음,보행자,여,24세,경상
2022050800100166,2022년 5월 8일 12시,일요일,대전광역시 서구 괴정동,경상사고,0,0,1,0,차대차 - 측면충돌,안전운전불이행,건조,맑음,단일로 - 기타,승용,여,42세,상해없음,승용,여,26세,경상
2022050800100167,2022년 5월 8일 12시,일요일,대전광역시 서구 갈마동,경상사고,0,0,2,0,차대차 - 기타,안전운전불이행,건조,맑음,교차로 - 교차로부근,승합,남,59세,상해없음,승용,남,20세,경상
2022050800100207,2022년 5월 8일 13시,일요일,대전광역시 중구 산성동,경상사고,0,0,1,0,차대차 - 측면충돌,직진우회전진행방해,건조,맑음,교차로 - 교차로안,승용,여,54세,상해없음,화물,남,64세,경상
2022050800100208,2022년 5월 8일 13시,일요일,대전광역시 유성구 궁동,경상사고,0,0,1,0,차대차 - 추돌,안전운전불이행,건조,맑음,교차로 - 교차로부근,승용,남,28세,상해없음,이륜,남,45세,경상
2022050800100209,2022년 5월 8일 13시,일요일,대전광역시 유성구 문지동,경상사고,0,0,1,0,차대차 - 후진중충돌,직진우회전진행방해,건조,맑음,교차로 - 교차로안,승용,여,52세,상해없음,승용,남,35세,경상
2022050800100210,2022년 5월 8일 13시,일요일,대전광역시 유성구 상대동,경상사고,0,0,3,0,차대차 - 추돌,안전운전불이행,건조,맑음,기타 - 기타,승용,남,48세,상해없음,승용,남,48세,경상
2022050800100211,2022년 5월 8일 13시,일요일,대전광역시 유성구 덕명동,경상사고,0,0,3,0,차대차 - 후진중충돌,안전운전불이행,건조,맑음,교차로 - 교차로부근,승용,남,38세,상해없음,승용,여,47세,경상
2022050800100240,2022년 5월 8일 14시,일요일,대전광역시 대덕구 신탄진동,경상사고,0,0,1,0,차대차 - 측면충돌,안전운전불이행,건조,맑음,교차로 - 교차로안,승용,남,36세,상해없음,자전거,남,13세,경상
2022050800100268,2022년 5월 8일 15시,일요일,대전광역시 대덕구 오정동,경상사고,0,0,4,0,차대차 - 추돌,신호위반,건조,맑음,단일로 - 기타,승용,남,62세,상해없음,승합,남,61세,경상
2022050800100269,2022년 5월 8일 15시,일요일,대전광역시 서구 갈마동,경상사고,0,0,1,0,차대차 - 기타,안전거리미확보,건조,맑음,단일로 - 기타,승용,남,33세,상해없음,이륜,남,24세,경상
2022050800100270,2022년 5월 8일 15시,일요일,대전광역시 유성구 지족동,경상사고,0,0,2,0,차대차 - 추돌,안전운전불이행,건조,맑음,교차로 - 교차로안,승용,여,59세,상해없음,화물,남,60세,경상
2022050800100305,2022년 5월 8일 16시,일요일,대전광역시 동구 가양동,경상사고,0,0,1,0,차대차 - 기타,안전거리미확보,건조,맑음,교차로 - 교차로안,승용,여,41세,상해없음,이륜,남,26세,경상
2022050800100306,2022년 5월 8일 16시,일요일,대전광역시 서구 월평동,경상사고,0,0,1,0,차대차 - 기타,안전운전불이행,건조,맑음,기타 - 기타,승용,여,27세,상해없음,승용,남,35세,경상
2022050800100307,2022년 5월 8일 16시,일요일,대전광역시 유성구 관평동,경상사고,0,0,1,0,차대차 - 측면충돌,교차로운행방법위반,건조,맑음,교차로 - 교차로안,승용,여,37세,상해없음,승용,남,42세,경상
2022050800100332,2022년 5월 8일 17시,일요일,대전광역시 서구 탄방동,경상사고,0,0,1,0,차대차 - 기타,안전운전불이행,건조,맑음,교차로 - 교차로안,승용,여,66세,기타불명,승용,남,21세,경상
2022050800100333,2022년 5월 8일 17시,일요일,대전광역시 유성구 구암동,경상사고,0,0,1,0,차대차 - 추돌,안전운전불이행,건조,맑음,교차로 - 교차로부근,승용,남,63세,상해없음,승용,여,50세,경상
2022050800100361,2022년 5월 8일 18시,일요일,대전광역시 서구 도마동,경상사고,0,0,2,0,차대차 - 측면충돌,신호위반,건조,맑음,교차로 - 교차로안,이륜,남,29세,상해없음,승용,남,42세,경상
2022050800100459,2022년 5월 8일 21시,일요일,대전광역시 중구 문창동,경상사고,0,0,1,0,차량단독 - 기타,안전운전불이행,건조,맑음,교차로 - 교차로안,승용,남,72세,상해없음,,,,
2022050800100460,2022년 5월 8일 21시,일요일,대전광역시 서구 갈마동,경상사고,0,0,1,0,차대사람 - 기타,안전운전불이행,건조,맑음,기타 - 기타,승용,남,21세,상해없음,보행자,남,47세,경상
2022050800100477,2022년 5월 8일 22시,일요일,대전광역시 유성구 지족동,중상사고,0,1,0,0,차대차 - 기타,안전운전불이행,젖음/습기,비,교차로 - 교차로안,승용,남,66세,상해없음,자전거,여,32세,중상
2022050900100037,2022년 5월 9일 05시,월요일,대전광역시 서구 가수원동,중상사고,0,1,0,0,차대차 - 측면충돌,안전거리미확보,젖음/습기,흐림,단일로 - 기타,승용,남,52세,상해없음,이륜,남,24세,중상
2022050900100119,2022년 5월 9일 08시,월요일,대전광역시 서구 복수동,경상사고,0,0,2,0,차대사람 - 기타,신호위반,건조,맑음,교차로 - 교차로부근,승용,여,41세,상해없음,보행자,남,8세,경상
2022050900100180,2022년 5월 9일 10시,월요일,대전광역시 중구 용두동,중상사고,0,1,0,0,차대차 - 측면충돌,안전운전불이행,건조,맑음,단일로 - 기타,자전거,여,60세,중상,승용,남,53세,상해없음
2022050900100182,2022년 5월 9일 10시,월요일,대전광역시 유성구 문지동,중상사고,0,1,0,0,차대차 - 기타,기타,건조,맑음,교차로 - 교차로부근,승용,남,19세,상해없음,승용,여,49세,중상
2022050900100221,2022년 5월 9일 11시,월요일,대전광역시 서구 탄방동,경상사고,0,0,1,0,차대차 - 기타,안전거리미확보,건조,맑음,교차로 - 교차로부근,건설기계,남,64세,상해없음,승용,남,38세,경상
2022050900100295,2022년 5월 9일 13시,월요일,대전광역시 동구 중동,중상사고,0,1,0,0,차대차 - 측면충돌,안전운전불이행,건조,맑음,단일로 - 기타,승용,남,38세,기타불명,이륜,남,36세,중상
2022050900100296,2022년 5월 9일 13시,월요일,대전광역시 대덕구 신탄진동,경상사고,0,0,1,0,차대사람 - 기타,기타,건조,맑음,기타 - 기타,이륜,여,64세,기타불명,보행자,여,34세,경상
2022050900100297,2022년 5월 9일 13시,월요일,대전광역시 유성구 어은동,중상사고,0,1,0,0,차대사람 - 보도통행중,보행자보호의무위반,건조,맑음,단일로 - 기타,승용,남,75세,기타불명,보행자,남,45세,중상
2022050900100331,2022년 5월 9일 14시,월요일,대전광역시 대덕구 오정동,경상사고,0,0,1,0,차대차 - 기타,안전운전불이행,건조,맑음,단일로 - 기타,승용,여,63세,상해없음,화물,남,57세,경상
2022050900100361,2022년 5월 9일 15시,월요일,대전광역시 유성구 전민동,경상사고,0,0,1,0,차대차 - 기타,안전거리미확보,건조,맑음,단일로 - 기타,화물,남,48세,상해없음,승용,남,42세,경상
2022050900100413,2022년 5월 9일 16시,월요일,대전광역시 유성구 화암동,중상사고,0,1,0,0,차대차 - 추돌,안전운전불이행,건조,맑음,단일로 - 기타,승용,여,34세,상해없음,승용,남,30세,중상
2022050900100423,2022년 5월 9일 16시,월요일,대전광역시 유성구 반석동,경상사고,0,0,1,0,차대사람 - 횡단중,신호위반,건조,맑음,교차로 - 교차로횡단보도내,이륜,남,44세,상해없음,보행자,여,14세,경상
2022050900100469,2022년 5월 9일 17시,월요일,대전광역시 서구 내동,경상사고,0,0,1,0,차량단독 - 기타,기타,건조,맑음,기타 - 기타,승합,남,38세,기타불명,,,,
2022050900100470,2022년 5월 9일 17시,월요일,대전광역시 유성구 송강동,경상사고,0,0,1,0,차대차 - 측면충돌,안전운전불이행,건조,맑음,단일로 - 기타,화물,남,50세,상해없음,승용,여,35세,경상
2022050900100514,2022년 5월 9일 18시,월요일,대전광역시 유성구 신성동,경상사고,0,0,2,0,차대차 - 측면충돌,안전운전불이행,건조,맑음,단일로 - 기타,승용,여,45세,상해없음,승용,남,32세,경상
2022050900100544,2022년 5월 9일 19시,월요일,대전광역시 중구 산성동,경상사고,0,0,1,0,차대사람 - 횡단중,보행자보호의무위반,건조,맑음,교차로 - 교차로안,승용,남,49세,상해없음,보행자,남,42세,경상
2022050900100587,2022년 5월 9일 21시,월요일,대전광역시 서구 매노동,경상사고,0,0,1,0,차대차 - 기타,안전운전불이행,건조,맑음,단일로 - 기타,승용,여,63세,상해없음,자전거,남,35세,경상