사고번호,사고일시,요일,시군구,사고내용,사망자수,중상자수,경상자수,부상신고자수,사고유형,법규위반,노면상태,기상상태,도로형태,가해운전자 차종,가해운전자 성별,가해운전자 연령,가해운전자 상해정도,피해운전자 차종,피해운전자 성별,피해운전자 연령,피해운전자 상해정도
2022050900100600,2022년 5월 9일 22시,월요일,대전광역시 중구 용두동,중상사고,0,1,1,0,차대차 - 측면충돌,신호위반,건조,맑음,교차로 - 교차로안,승용,여,47세,상해없음,승용,남,57세,경상
2022050900100601,2022년 5월 9일 22시,월요일,대전광역시 서구 월평동,경상사고,0,0,1,0,차대차 - 기타,안전운전불이행,건조,맑음,교차로 - 교차로안,승용,남,28세,상해없음,승합,남,39세,경상
2022050900100620,2022년 5월 9일 23시,월요일,대전광역시 서구 갈마동,경상사고,0,0,2,0,차대차 - 기타,안전운전불이행,건조,맑음,단일로 - 기타,승용,남,37세,상해없음,승용,남,30세,경상
2022051000100010,2022년 5월 10일 00시,화요일,대전광역시 서구 관저동,경상사고,0,0,2,0,차대차 - 기타,신호위반,건조,맑음,단일로 - 기타,승용,남,64세,상해없음,개인형이동수단(PM),남,18세,경상
2022051000100011,2022년 5월 10일 00시,화요일,대전광역시 유성구 장대동,경상사고,0,0,1,0,차대차 - 측면충돌,안전운전불이행,건조,맑음,교차로 - 교차로안,승용,남,39세,상해없음,승용,남,40세,경상
2022051000100124,2022년 5월 10일 08시,화요일,대전광역시 서구 변동,경상사고,0,0,1,0,차대차 - 추돌,안전운전불이행,건조,맑음,단일로 - 기타,승용,남,25세,상해없음,승용,여,31세,경상
2022051000100199,2022년 5월 10일 10시,화요일,대전광역시 서구 복수동,중상사고,0,1,0,0,차대차 - 측면충돌,신호위반,건조,맑음,교차로 - 교차로안,승용,여,48세,상해없음,이륜,남,30세,중상
2022051000100200,2022년 5월 10일 10시,화요일,대전광역시 유성구 도룡동,중상사고,0,1,1,0,차대차 - 기타,신호위반,건조,맑음,교차로 - 교차로안,승용,여,51세,상해없음,승합,남,70세,중상
2022051000100311,2022년 5월 10일 13시,화요일,대전광역시 대덕구 평촌동,경상사고,0,0,1,0,차대차 - 기타,직진우회전진행방해,건조,맑음,교차로 - 교차로안,승용,여,58세,상해없음,승용,여,61세,경상
2022051000100312,2022년 5월 10일 13시,화요일,대전광역시 대덕구 중리동,경상사고,0,0,1,0,차대차 - 측면충돌,교차로운행방법위반,건조,맑음,교차로 - 교차로횡단보도내,승용,남,55세,상해없음,자전거,남,85세,경상
2022051000100428,2022년 5월 10일 16시,화요일,대전광역시 중구 선화동,부상신고사고,0,0,0,1,차대차 - 기타,안전운전불이행,건조,맑음,단일로 - 기타,자전거,남,66세,부상신고,승용,남,70세,상해없음
2022051000100468,2022년 5월 10일 17시,화요일,대전광역시 동구 원동,경상사고,0,0,2,0,차대차 - 측면충돌,기타,건조,맑음,단일로 - 기타,승용,여,25세,경상,승용,남,67세,경상
2022051000100507,2022년 5월 10일 18시,화요일,대전광역시 동구 홍도동,경상사고,0,0,2,0,차대차 - 추돌,안전운전불이행,건조,맑음,단일로 - 기타,승용,여,53세,상해없음,승용,남,66세,경상
2022051000100539,2022년 5월 10일 19시,화요일,대전광역시 서구 둔산동,중상사고,0,1,0,0,차대차 - 기타,안전거리미확보,건조,맑음,단일로 - 기타,승용,남,37세,상해없음,이륜,남,24세,중상
2022051000100565,2022년 5월 10일 20시,화요일,대전광역시 서구 둔산동,경상사고,0,0,1,0,차대차 - 기타,안전운전불이행,건조,맑음,단일로 - 기타,승용,여,21세,상해없음,이륜,남,40세,경상
2022051000100566,2022년 5월 10일 20시,화요일,대전광역시 유성구 구암동,경상사고,0,0,1,0,차대차 - 기타,안전운전불이행,건조,맑음,교차로 - 교차로부근,이륜,남,44세,기타불명,화물,남,40세,경상
2022051000100567,2022년 5월 10일 20시,화요일,대전광역시 유성구 봉명동,중상사고,0,1,0,0,차대차 - 측면충돌,안전거리미확보,건조,맑음,단일로 - 기타,이륜,남,41세,상해없음,이륜,남,50세,중상
2022051000100605,2022년 5월 10일 22시,화요일,대전광역시 대덕구 비래동,중상사고,0,1,0,0,차대사람 - 횡단중,안전운전불이행,기타,흐림,단일로 - 기타,승용,남,25세,상해없음,보행자,남,50세,중상
2022051000100618,2022년 5월 10일 23시,화요일,대전광역시 대덕구 오정동,경상사고,0,0,1,0,차대차 - 정면충돌,신호위반,건조,맑음,교차로 - 교차로안,이륜,남,29세,상해없음,승용,남,66세,경상
2022051100100047,2022년 5월 11일 06시,수요일,대전광역시 유성구 원신흥동,중상사고,0,1,2,0,차대차 - 측면충돌,신호위반,건조,맑음,교차로 - 교차로안,승용,남,37세,상해없음,승합,남,48세,경상
2022051100100067,2022년 5월 11일 07시,수요일,대전광역시 중구 선화동,경상사고,0,0,1,0,차대차 - 기타,안전운전불이행,건조,맑음,단일로 - 기타,건설기계,남,64세,상해없음,승용,남,52세,상해없음
2022051100100109,2022년 5월 11일 08시,수요일,대전광역시 서구 갈마동,경상사고,0,0,1,0,차대사람 - 기타,안전운전불이행,건조,맑음,단일로 - 기타,승용,여,29세,기타불명,보행자,남,72세,경상
2022051100100110,2022년 5월 11일 08시,수요일,대전광역시 유성구 장대동,경상사고,0,0,1,0,차대사람 - 횡단중,안전운전불이행,건조,맑음,기타 - 기타,승용,남,46세,상해없음,보행자,여,68세,경상
2022051100100143,2022년 5월 11일 09시,수요일,대전광역시 대덕구 평촌동,경상사고,0,0,1,0,차대차 - 측면충돌,안전운전불이행,건조,맑음,교차로 - 교차로안,이륜,여,62세,상해없음,승용,여,57세,경상
2022051100100171,2022년 5월 11일 10시,수요일,대전광역시 동구 가양동,경상사고,0,0,1,0,차대차 - 후진중충돌,안전운전불이행,건조,맑음,단일로 - 기타,화물,남,36세,상해없음,원동기,남,25세,경상
2022051100100222,2022년 5월 11일 12시,수요일,대전광역시 동구 대동,경상사고,0,0,1,0,차대차 - 기타,안전운전불이행,건조,맑음,단일로 - 기타,승용,남,66세,상해없음,이륜,남,34세,경상
2022051100100288,2022년 5월 11일 14시,수요일,대전광역시 중구 안영동,경상사고,0,0,1,0,차대차 - 측면충돌,안전거리미확보,건조,맑음,단일로 - 기타,승용,남,29세,상해없음,화물,남,47세,경상
2022051100100369,2022년 5월 11일 16시,수요일,대전광역시 대덕구 읍내동,경상사고,0,0,3,0,차대차 - 기타,안전운전불이행,건조,맑음,단일로 - 기타,승용,남,60세,상해없음,승용,남,28세,경상
2022051100100414,2022년 5월 11일 17시,수요일,대전광역시 중구 태평동,경상사고,0,0,1,0,차대사람 - 보도통행중,기타,건조,맑음,기타 - 기타,승용,남,65세,상해없음,보행자,남,80세,경상
2022051100100415,2022년 5월 11일 17시,수요일,대전광역시 동구 삼성동,경상사고,0,0,1,0,차대차 - 기타,신호위반,건조,맑음,교차로 - 교차로안,승용,남,69세,상해없음,자전거,남,82세,경상
2022051100100463,2022년 5월 11일 18시,수요일,대전광역시 대덕구 읍내동,경상사고,0,0,1,0,차대차 - 기타,안전운전불이행,건조,맑음,교차로 - 교차로안,승용,여,59세,상해없음,승용,남,49세,경상
2022051100100494,2022년 5월 11일 19시,수요일,대전광역시 중구 문화동,경상사고,0,0,1,0,차대사람 - 기타,안전운전불이행,건조,맑음,단일로 - 기타,승용,여,56세,상해없음,보행자,남,55세,경상
2022051100100563,2022년 5월 11일 22시,수요일,대전광역시 대덕구 송촌동,경상사고,0,0,1,0,차대사람 - 기타,안전운전불이행,건조,맑음,단일로 - 기타,승용,여,55세,상해없음,보행자,남,31세,경상
2022051100100564,2022년 5월 11일 22시,수요일,대전광역시 서구 둔산동,중상사고,0,1,0,0,차대사람 - 보도통행중,보행자보호의무위반,건조,맑음,단일로 - 기타,이륜,남,58세,상해없음,보행자,남,38세,중상
2022051200100015,2022년 5월 12일 00시,목요일,대전광역시 중구 선화동,중상사고,0,1,0,0,차대사람 - 횡단중,보행자보호의무위반,건조,맑음,단일로 - 기타,이륜,남,38세,기타불명,보행자,남,57세,중상
2022051200100024,2022년 5월 12일 01시,목요일,대전광역시 동구 삼성동,경상사고,0,0,2,0,차대차 - 정면충돌,중앙선침범,건조,맑음,단일로 - 기타,승용,남,31세,상해없음,승용,남,31세,경상
2022051200100033,2022년 5월 12일 02시,목요일,대전광역시 서구 괴정동,경상사고,0,0,1,0,차대차 - 기타,안전운전불이행,건조,맑음,교차로 - 교차로부근,승용,남,61세,상해없음,원동기,남,28세,경상
2022051200100213,2022년 5월 12일 11시,목요일,대전광역시 동구 구도동,경상사고,0,0,1,0,차대차 - 측면충돌,안전거리미확보,건조,맑음,단일로 - 기타,승용,남,30세,상해없음,이륜,남,54세,경상
2022051200100243,2022년 5월 12일 12시,목요일,대전광역시 서구 도마동,경상사고,0,0,2,0,차대차 - 기타,신호위반,건조,맑음,교차로 - 교차로안,승용,남,61세,상해없음,승용,남,35세,경상
2022051200100244,2022년 5월 12일 12시,목요일,대전광역시 유성구 장대동,경상사고,0,0,1,0,차대차 - 측면충돌,신호위반,건조,맑음,교차로 - 교차로안,화물,남,66세,상해없음,승용,남,71세,경상
2022051200100338,2022년 5월 12일 15시,목요일,대전광역시 중구 은행동,경상사고,0,0,1,0,차대차 - 측면충돌,안전운전불이행,건조,맑음,주차장 - 주차장,승용,여,21세,상해없음,승용,남,42세,경상
2022051200100339,2022년 5월 12일 15시,목요일,대전광역시 서구 탄방동,중상사고,0,1,0,0,차대차 - 측면충돌,안전운전불이행,건조,맑음,교차로 - 교차로안,승용,여,37세,상해없음,자전거,여,24세,중상
2022051200100340,2022년 5월 12일 15시,목요일,대전광역시 서구 둔산동,경상사고,0,0,1,0,차대차 - 측면충돌,안전운전불이행,건조,맑음,단일로 - 기타,승용,여,39세,상해없음,승용,남,64세,경상
2022051200100341,2022년 5월 12일 15시,목요일,대전광역시 유성구 장대동,경상사고,0,0,1,0,차대차 - 측면충돌,안전운전불이행,건조,맑음,교차로 - 교차로부근,승용,남,82세,상해없음,승용,남,38세,경상
2022051200100385,2022년 5월 12일 16시,목요일,대전광역시 중구 석교동,중상사고,0,1,0,0,차대차 - 측면충돌,교차로운행방법위반,건조,맑음,교차로 - 교차로안,원동기,남,70세,중상,화물,남,26세,상해없음
2022051200100386,2022년 5월 12일 16시,목요일,대전광역시 서구 관저동,경상사고,0,0,1,0,차대사람 - 기타,안전운전불이행,건조,맑음,교차로 - 교차로부근,기타불명,기타불명,미분류,기타불명,보행자,여,23세,경상
2022051200100435,2022년 5월 12일 17시,목요일,대전광역시 중구 문화동,경상사고,0,0,1,0,차대차 - 측면충돌,안전운전불이행,건조,맑음,주차장 - 주차장,승용,여,39세,상해없음,승용,여,40세,경상
2022051200100436,2022년 5월 12일 17시,목요일,대전광역시 서구 만년동,경상사고,0,0,3,0,차대차 - 기타,안전운전불이행,건조,맑음,단일로 - 기타,승용,남,68세,기타불명,승용,여,28세,경상
2022051200100480,2022년 5월 12일 18시,목요일,대전광역시 서구 갈마동,중상사고,0,1,0,0,차대차 - 기타,안전운전불이행,건조,맑음,기타 - 기타,승용,남,67세,기타불명,이륜,남,64세,중상
2022051200100481,2022년 5월 12일 18시,목요일,대전광역시 서구 둔산동,경상사고,0,0,1,0,차대차 - 추돌,안전운전불이행,건조,맑음,교차로 - 교차로안,승용,남,69세,상해없음,기타불명,기타불명,미분류,기타불명
2022051200100520,2022년 5월 12일 19시,목요일,대전광역시 중구 산성동,경상사고,0,0,1,0,차대차 - 측면충돌,직진우회전진행방해,건조,맑음,교차로 - 교차로안,화물,남,71세,상해없음,자전거,남,86세,경상
2022051200100567,2022년 5월 12일 21시,목요일,대전광역시 유성구 구암동,경상사고,0,0,2,0,차대차 - 기타,안전거리미확보,건조,맑음,교차로 - 교차로부근,승용,남,23세,상해없음,승용,남,57세,경상
2022051300100010,2022년 5월 13일 00시,금요일,대전광역시 서구 용문동,경상사고,0,0,3,0,차대차 - 측면충돌,안전운전불이행,건조,맑음,단일로 - 기타,승용,남,37세,상해없음,승용,남,40세,경상
2022051300100018,2022년 5월 13일 01시,금요일,대전광역시 서구 도마동,경상사고,0,0,1,0,차대차 - 기타,안전운전불이행,건조,맑음,교차로 - 교차로부근,승용,남,24세,기타불명,승용,남,29세,경상
2022051300100122,2022년 5월 13일 08시,금요일,대전광역시 서구 내동,중상사고,0,1,0,0,차량단독 - 기타,안전운전불이행,건조,맑음,교차로 - 교차로부근,승합,남,54세,상해없음,,,,
2022051300100123,2022년 5월 13일 08시,금요일,대전광역시 대덕구 법동,중상사고,0,1,0,0,차대차 - 측면충돌,안전거리미확보,건조,맑음,교차로 - 교차로부근,승용,남,62세,기타불명,승용,남,50세,중상
2022051300100156,2022년 5월 13일 09시,금요일,대전광역시 대덕구 신일동,경상사고,0,0,1,0,차대차 - 측면충돌,안전거리미확보,건조,맑음,단일로 - 기타,승용,여,38세,상해없음,승합,여,54세,경상
2022051300100157,2022년 5월 13일 09시,금요일,대전광역시 유성구 구암동,중상사고,0,1,0,0,차대차 - 기타,안전운전불이행,건조,맑음,단일로 - 기타,자전거,여,73세,중상,승용,남,40세,상해없음
2022051300100189,2022년 5월 13일 10시,금요일,대전광역시 동구 성남동,경상사고,0,0,2,0,차대차 - 측면충돌,안전운전불이행,건조,맑음,단일로 - 기타,화물,남,35세,경상,화물,남,32세,경상
2022051300100270,2022년 5월 13일 12시,금요일,대전광역시 중구 태평동,경상사고,0,0,1,0,차대차 - 기타,안전운전불이행,건조,맑음,교차로 - 교차로부근,승용,남,43세,상해없음,승용,남,60세,경상
2022051300100271,2022년 5월 13일 12시,금요일,대전광역시 서구 갈마동,경상사고,0,0,1,0,차대차 - 기타,안전거리미확보,건조,맑음,기타 - 기타,승용,여,61세,기타불명,승용,남,49세,경상
2022051300100339,2022년 5월 13일 14시,금요일,대전광역시 서구 용문동,경상사고,0,0,1,0,차대차 - 측면충돌,안전거리미확보,건조,맑음,교차로 - 교차로부근,화물,남,63세,상해없음,승용,남,22세,경상
2022051300100340,2022년 5월 13일 14시,금요일,대전광역시 서구 탄방동,경상사고,0,0,1,0,차대차 - 측면충돌,안전거리미확보,건조,맑음,교차로 - 교차로안,승용,남,70세,상해없음,승용,여,23세,경상
2022051300100376,2022년 5월 13일 15시,금요일,대전광역시 동구 중동,경상사고,0,0,1,0,차량단독 - 기타,기타,건조,맑음,단일로 - 기타,승합,남,49세,상해없음,,,,
2022051300100402,2022년 5월 13일 16시,금요일,대전광역시 서구 둔산동,중상사고,0,1,0,0,차대사람 - 횡단중,보행자보호의무위반,건조,맑음,교차로 - 교차로횡단보도내,승용,남,47세,상해없음,보행자,여,68세,중상
2022051300100452,2022년 5월 13일 17시,금요일,대전광역시 대덕구 목상동,경상사고,0,0,2,0,차대차 - 측면충돌,안전거리미확보,건조,맑음,단일로 - 기타,승용,남,37세,상해없음,승용,남,59세,경상
2022051300100453,2022년 5월 13일 17시,금요일,대전광역시 서구 둔산동,경상사고,0,0,1,0,차대차 - 측면충돌,안전거리미확보,건조,맑음,기타 - 기타,승용,남,52세,기타불명,승용,남,44세,경상
2022051300100517,2022년 5월 13일 18시,금요일,대전광역시 중구 선화동,경상사고,0,0,1,0,차대사람 - 횡단중,안전운전불이행,건조,맑음,단일로 - 기타,이륜,남,43세,기타불명,보행자,여,17세,경상
2022051300100566,2022년 5월 13일 19시,금요일,대전광역시 대덕구 신탄진동,경상사고,0,0,1,0,차대차 - 측면충돌,안전운전불이행,건조,맑음,교차로 - 교차로부근,승합,남,65세,상해없음,승용,남,48세,경상
2022051300100567,2022년 5월 13일 19시,금요일,대전광역시 대덕구 송촌동,경상사고,0,0,1,0,차대차 - 측면충돌,안전운전불이행,건조,흐림,교차로 - 교차로횡단보도내,승용,남,24세,상해없음,자전거,남,69세,경상
2022051300100568,2022년 5월 13일 19시,금요일,대전광역시 서구 갈마동,경상사고,0,0,1,0,차대차 - 기타,신호위반,건조,맑음,교차로 - 교차로안,이륜,남,25세,기타불명,이륜,남,29세,경상
2022051300100603,2022년 5월 13일 20시,금요일,대전광역시 서구 탄방동,경상사고,0,0,1,0,차대사람 - 기타,안전운전불이행,건조,맑음,단일로 - 기타,승용,남,34세,상해없음,보행자,여,74세,경상
2022051300100657,2022년 5월 13일 22시,금요일,대전광역시 유성구 도룡동,경상사고,0,0,1,0,차대차 - 추돌,안전운전불이행,건조,맑음,교차로 - 교차로부근,승용,남,46세,상해없음,승용,남,24세,경상
2022051300100680,2022년 5월 13일 23시,금요일,대전광역시 유성구 송정동,경상사고,0,0,1,0,차량단독 - 공작물충돌,안전운전불이행,건조,맑음,단일로 - 기타,승용,남,18세,상해없음,,,,
2022051400100012,2022년 5월 14일 00시,토요일,대전광역시 중구 유천동,경상사고,0,0,2,0,차대차 - 측면충돌,기타,건조,맑음,교차로 - 교차로부근,승용,여,60세,상해없음,승용,남,59세,경상
2022051400100013,2022년 5월 14일 00시,토요일,대전광역시 서구 괴정동,중상사고,0,1,2,0,차대차 - 기타,중앙선침범,건조,기타,교차로 - 교차로횡단보도내,승용,남,57세,상해없음,이륜,남,37세,경상
2022051400100038,2022년 5월 14일 02시,토요일,대전광역시 서구 괴정동,경상사고,0,0,5,0,차대차 - 기타,교차로운행방법위반,건조,맑음,교차로 - 교차로안,이륜,남,22세,상해없음,승용,남,75세,경상
2022051400100141,2022년 5월 14일 09시,토요일,대전광역시 중구 오류동,경상사고,0,0,2,0,차대차 - 측면충돌,신호위반,건조,맑음,교차로 - 교차로안,승용,여,30세,상해없음,이륜,남,41세,경상
2022051400100170,2022년 5월 14일 10시,토요일,대전광역시 유성구 화암동,경상사고,0,0,1,0,차대차 - 기타,안전거리미확보,건조,맑음,단일로 - 기타,승용,여,56세,상해없음,승용,남,49세,상해없음
2022051400100171,2022년 5월 14일 10시,토요일,대전광역시 유성구 전민동,경상사고,0,0,2,0,차대차 - 기타,안전운전불이행,건조,맑음,단일로 - 기타,승용,여,66세,상해없음,승용,여,32세,경상
2022051400100210,2022년 5월 14일 11시,토요일,대전광역시 동구 인동,경상사고,0,0,1,0,차량단독 - 기타,안전운전불이행,건조,맑음,단일로 - 기타,승합,남,52세,상해없음,,,,
2022051400100211,2022년 5월 14일 11시,토요일,대전광역시 유성구 구암동,경상사고,0,0,1,0,차량단독 - 기타,안전운전불이행,건조,맑음,기타 - 기타,승합,남,56세,상해없음,,,,
2022051400100248,2022년 5월 14일 12시,토요일,대전광역시 유성구 궁동,경상사고,0,0,3,0,차대차 - 측면충돌,안전거리미확보,건조,맑음,단일로 - 기타,승용,남,74세,경상,승용,여,41세,경상
2022051400100290,2022년 5월 14일 13시,토요일,대전광역시 중구 용두동,경상사고,0,0,1,0,차대차 - 후진중충돌,안전운전불이행,건조,맑음,단일로 - 기타,승용,남,73세,상해없음,이륜,남,39세,경상
2022051400100291,2022년 5월 14일 13시,토요일,대전광역시 중구 문화동,경상사고,0,0,1,0,차대차 - 측면충돌,안전운전불이행,건조,맑음,교차로 - 교차로안,승용,여,61세,기타불명,자전거,남,77세,경상
2022051400100292,2022년 5월 14일 13시,토요일,대전광역시 동구 삼괴동,경상사고,0,0,1,0,차대차 - 추돌,안전운전불이행,건조,맑음,단일로 - 기타,건설기계,남,58세,상해없음,승용,남,65세,경상
2022051400100293,2022년 5월 14일 13시,토요일,대전광역시 동구 원동,경상사고,0,0,4,0,차대차 - 후진중충돌,안전운전불이행,건조,맑음,교차로 - 교차로안,승용,남,70세,상해없음,승용,여,42세,경상
2022051400100294,2022년 5월 14일 13시,토요일,대전광역시 서구 둔산동,경상사고,0,0,2,1,차대차 - 측면충돌,안전거리미확보,건조,맑음,단일로 - 기타,승용,여,27세,부상신고,승용,여,49세,경상
2022051400100295,2022년 5월 14일 13시,토요일,대전광역시 유성구 봉명동,경상사고,0,0,1,0,차대차 - 측면충돌,안전운전불이행,건조,맑음,단일로 - 기타,화물,남,41세,상해없음,이륜,남,41세,경상
2022051400100335,2022년 5월 14일 14시,토요일,대전광역시 동구 효동,경상사고,0,0,1,0,차대차 - 측면충돌,안전운전불이행,건조,맑음,교차로 - 교차로안,승용,남,31세,상해없음,승용,남,38세,경상
2022051400100336,2022년 5월 14일 14시,토요일,대전광역시 유성구 봉명동,부상신고사고,0,0,0,1,차대사람 - 기타,안전운전불이행,건조,맑음,기타 - 기타,자전거,남,49세,상해없음,보행자,여,55세,부상신고
2022051400100337,2022년 5월 14일 14시,토요일,대전광역시 유성구 노은동,중상사고,0,1,0,0,차대차 - 측면충돌,안전거리미확보,건조,맑음,단일로 - 기타,승용,여,45세,상해없음,승합,남,51세,상해없음
2022051400100476,2022년 5월 14일 17시,토요일,대전광역시 동구 용전동,경상사고,0,0,1,0,차대차 - 후진중충돌,안전운전불이행,건조,맑음,교차로 - 교차로안,승용,남,44세,상해없음,승용,남,29세,경상
2022051400100514,2022년 5월 14일 18시,토요일,대전광역시 대덕구 덕암동,경상사고,0,0,1,0,차대사람 - 횡단중,안전운전불이행,건조,맑음,교차로 - 교차로안,승용,남,47세,상해없음,보행자,남,39세,경상
2022051400100579,2022년 5월 14일 20시,토요일,대전광역시 중구 대사동,경상사고,0,0,2,0,차대차 - 기타,안전거리미확보,건조,맑음,단일로 - 기타,승용,남,74세,상해없음,승용,여,24세,경상
2022051400100580,2022년 5월 14일 20시,토요일,대전광역시 서구 괴정동,경상사고,0,0,1,0,차대사람 - 보도통행중,신호위반,건조,맑음,단일로 - 기타,이륜,남,34세,상해없음,보행자,남,12세,경상
2022051400100608,2022년 5월 14일 21시,토요일,대전광역시 유성구 도룡동,경상사고,0,0,1,0,차대차 - 기타,안전운전불이행,건조,맑음,단일로 - 기타,승용,여,45세,상해없음,자전거,남,12세,경상
2022051400100609,2022년 5월 14일 21시,토요일,대전광역시 유성구 원신흥동,경상사고,0,0,1,0,차대차 - 기타,안전운전불이행,건조,맑음,교차로 - 교차로안,승용,남,38세,상해없음,이륜,남,44세,경상
2022051400100631,2022년 5월 14일 22시,토요일,대전광역시 서구 둔산동,경상사고,0,0,1,0,차대차 - 측면충돌,안전운전불이행,건조,맑음,교차로 - 교차로안,승용,여,56세,상해없음,이륜,남,35세,경상
2022051500100020,2022년 5월 15일 00시,일요일,대전광역시 동구 가양동,중상사고,0,1,1,0,차대차 - 측면충돌,신호위반,건조,맑음,교차로 - 교차로안,승용,남,60세,상해없음,승용,남,27세,경상
2022051500100021,2022년 5월 15일 00시,일요일,대전광역시 서구 둔산동,경상사고,0,0,3,0,차대차 - 측면충돌,안전운전불이행,건조,맑음,교차로 - 교차로안,이륜,남,23세,상해없음,승용,남,37세,경상
2022051500100085,2022년 5월 15일 06시,일요일,대전광역시 유성구 원내동,중상사고,0,1,0,0,차대차 - 기타,신호위반,건조,맑음,교차로 - 교차로안,화물,남,60세,상해없음,승용,남,61세,중상
2022051500100094,2022년 5월 15일 07시,일요일,대전광역시 유성구 원신흥동,중상사고,0,1,0,0,차대차 - 정면충돌,중앙선침범,건조,맑음,교차로 - 교차로부근,승용,남,23세,상해없음,승용,남,44세,중상
2022051500100210,2022년 5월 15일 12시,일요일,대전광역시 중구 목동,중상사고,0,1,1,0,차대차 - 측면충돌,안전운전불이행,건조,맑음,교차로 - 교차로안,이륜,남,43세,경상,승용,남,53세,중상
2022051500100211,2022년 5월 15일 12시,일요일,대전광역시 서구 도마동,경상사고,0,0,3,0,차대차 - 기타,안전거리미확보,건조,맑음,교차로 - 교차로안,화물,남,71세,기타불명,승합,남,52세,경상
2022051500100212,2022년 5월 15일 12시,일요일,대전광역시 유성구 관평동,경상사고,0,0,1,0,차대차 - 기타,신호위반,건조,맑음,교차로 - 교차로부근,승용,여,44세,상해없음,이륜,남,30세,경상
2022051500100270,2022년 5월 15일 14시,일요일,대전광역시 중구 오류동,경상사고,0,0,1,0,차대차 - 추돌,안전운전불이행,건조,맑음,단일로 - 기타,승용,여,58세,기타불명,승용,남,36세,경상
2022051500100305,2022년 5월 15일 15시,일요일,대전광역시 서구 월평동,경상사고,0,0,2,0,차대차 - 측면충돌,안전운전불이행,건조,맑음,교차로 - 교차로안,승용,남,39세,상해없음,승용,남,32세,경상
2022051500100339,2022년 5월 15일 16시,일요일,대전광역시 중구 오류동,경상사고,0,0,2,0,차대차 - 추돌,안전운전불이행,건조,맑음,단일로 - 기타,승용,남,42세,상해없음,승용,남,48세,경상
2022051500100340,2022년 5월 15일 16시,일요일,대전광역시 중구 사정동,경상사고,0,0,1,0,차대차 - 측면충돌,안전거리미확보,건조,맑음,단일로 - 기타,건설기계,남,70세,상해없음,승용,남,59세,경상
2022051500100341,2022년 5월 15일 16시,일요일,대전광역시 서구 탄방동,중상사고,0,1,0,0,차대차 - 기타,안전운전불이행,건조,맑음,교차로 - 교차로부근,승용,남,49세,상해없음,자전거,남,83세,중상
2022051500100414,2022년 5월 15일 18시,일요일,대전광역시 서구 둔산동,경상사고,0,0,2,0,차대차 - 추돌,안전운전불이행,건조,맑음,단일로 - 기타,승용,남,22세,기타불명,승용,남,71세,경상
2022051500100453,2022년 5월 15일 20시,일요일,대전광역시 서구 괴정동,경상사고,0,0,2,0,차대차 - 추돌,안전운전불이행,건조,맑음,단일로 - 기타,승용,여,65세,기타불명,승용,남,65세,경상
2022051500100454,2022년 5월 15일 20시,일요일,대전광역시 유성구 봉명동,경상사고,0,0,1,0,차대사람 - 횡단중,신호위반,건조,맑음,교차로 - 교차로횡단보도내,승용,여,28세,상해없음,보행자,남,53세,경상
2022051500100475,2022년 5월 15일 21시,일요일,대전광역시 동구 용전동,중상사고,0,1,0,0,차대차 - 측면충돌,안전거리미확보,건조,맑음,단일로 - 기타,승용,남,56세,상해없음,원동기,남,39세,중상
2022051500100505,2022년 5월 15일 23시,일요일,대전광역시 서구 도마동,경상사고,0,0,1,0,차대차 - 기타,안전운전불이행,건조,맑음,단일로 - 기타,승용,여,55세,상해없음,자전거,남,19세,경상
2022051600100031,2022년 5월 16일 05시,월요일,대전광역시 유성구 계산동,중상사고,0,1,0,0,차대사람 - 횡단중,보행자보호의무위반,건조,맑음,교차로 - 교차로부근,승용,여,53세,기타불명,보행자,남,82세,중상
2022051600100049,2022년 5월 16일 06시,월요일,대전광역시 대덕구 목상동,경상사고,0,0,1,0,차대차 - 추돌,안전운전불이행,건조,맑음,단일로 - 기타,승용,여,30세,상해없음,승용,여,49세,경상
2022051600100073,2022년 5월 16일 07시,월요일,대전광역시 동구 용운동,경상사고,0,0,3,0,차대차 - 추돌,안전운전불이행,건조,맑음,단일로 - 터널,승용,여,52세,경상,승용,남,67세,기타불명
2022051600100120,2022년 5월 16일 08시,월요일,대전광역시 서구 내동,경상사고,0,0,2,0,차대차 - 추돌,안전거리미확보,건조,맑음,단일로 - 터널,승용,남,39세,상해없음,승용,남,37세,경상
2022051600100169,2022년 5월 16일 09시,월요일,대전광역시 동구 삼성동,중상사고,0,1,3,0,차대차 - 기타,신호위반,건조,맑음,기타 - 기타,승용,남,63세,상해없음,승합,남,63세,경상
2022051600100170,2022년 5월 16일 09시,월요일,대전광역시 대덕구 대화동,경상사고,0,0,1,0,차대차 - 추돌,안전운전불이행,건조,맑음,교차로 - 교차로부근,화물,남,62세,상해없음,승용,남,29세,경상
2022051600100171,2022년 5월 16일 09시,월요일,대전광역시 유성구 도룡동,경상사고,0,0,1,0,차대차 - 기타,안전거리미확보,건조,맑음,단일로 - 기타,화물,남,59세,상해없음,승용,남,46세,경상
2022051600100172,2022년 5월 16일 09시,월요일,대전광역시 유성구 구성동,경상사고,0,0,1,0,차대차 - 기타,안전거리미확보,건조,맑음,단일로 - 기타,승용,남,62세,상해없음,승용,남,39세,경상
2022051600100198,2022년 5월 16일 10시,월요일,대전광역시 동구 자양동,경상사고,0,0,1,0,차대차 - 기타,안전운전불이행,건조,맑음,단일로 - 기타,승용,남,52세,기타불명,이륜,남,24세,경상