사고번호,사고일시,요일,시군구,사고내용,사망자수,중상자수,경상자수,부상신고자수,사고유형,법규위반,노면상태,기상상태,도로형태,가해운전자 차종,가해운전자 성별,가해운전자 연령,가해운전자 상해정도,피해운전자 차종,피해운전자 성별,피해운전자 연령,피해운전자 상해정도
2022051600100260,2022년 5월 16일 12시,월요일,대전광역시 서구 둔산동,경상사고,0,0,1,0,차대차 - 후진중충돌,안전운전불이행,건조,맑음,교차로 - 교차로부근,승용,남,66세,상해없음,화물,남,38세,경상
2022051600100295,2022년 5월 16일 13시,월요일,대전광역시 서구 가장동,경상사고,0,0,1,0,차량단독 - 기타,안전운전불이행,건조,맑음,단일로 - 기타,승합,남,42세,상해없음,,,,
2022051600100331,2022년 5월 16일 14시,월요일,대전광역시 서구 도마동,경상사고,0,0,1,0,차대사람 - 기타,안전운전불이행,건조,맑음,단일로 - 기타,승용,여,52세,상해없음,보행자,여,15세,경상
2022051600100371,2022년 5월 16일 15시,월요일,대전광역시 동구 용전동,경상사고,0,0,1,0,차대차 - 기타,안전운전불이행,건조,맑음,교차로 - 교차로안,승용,남,46세,상해없음,승합,남,35세,경상
2022051600100409,2022년 5월 16일 16시,월요일,대전광역시 동구 원동,중상사고,0,1,0,0,차대사람 - 기타,안전운전불이행,건조,맑음,교차로 - 교차로안,승용,남,74세,상해없음,보행자,여,58세,중상
2022051600100457,2022년 5월 16일 17시,월요일,대전광역시 동구 인동,경상사고,0,0,1,0,차대차 - 측면충돌,안전거리미확보,건조,맑음,교차로 - 교차로부근,승용,남,32세,상해없음,승용,남,86세,경상
2022051600100458,2022년 5월 16일 17시,월요일,대전광역시 서구 괴정동,경상사고,0,0,2,0,차대차 - 측면충돌,차로위반,건조,맑음,교차로 - 교차로안,승합,남,50세,상해없음,승용,남,45세,경상
2022051600100499,2022년 5월 16일 18시,월요일,대전광역시 중구 문화동,경상사고,0,0,1,0,차량단독 - 기타,안전운전불이행,건조,맑음,단일로 - 기타,승합,남,53세,상해없음,,,,
2022051600100500,2022년 5월 16일 18시,월요일,대전광역시 서구 도마동,경상사고,0,0,1,0,차대차 - 추돌,안전운전불이행,건조,맑음,교차로 - 교차로부근,승용,남,41세,기타불명,승용,여,30세,경상
2022051600100501,2022년 5월 16일 18시,월요일,대전광역시 서구 둔산동,부상신고사고,0,0,0,1,차대사람 - 기타,안전운전불이행,건조,맑음,기타 - 기타,승용,남,58세,상해없음,보행자,남,38세,부상신고
2022051600100562,2022년 5월 16일 20시,월요일,대전광역시 유성구 봉명동,경상사고,0,0,1,0,차대차 - 측면충돌,교차로운행방법위반,건조,맑음,교차로 - 교차로안,승용,남,33세,상해없음,승용,남,37세,경상
2022051600100580,2022년 5월 16일 21시,월요일,대전광역시 동구 대동,경상사고,0,0,3,0,차대차 - 측면충돌,안전거리미확보,건조,맑음,단일로 - 기타,승용,여,52세,상해없음,승합,남,29세,경상
2022051600100602,2022년 5월 16일 22시,월요일,대전광역시 대덕구 비래동,중상사고,0,1,0,0,차량단독 - 공작물충돌,안전운전불이행,건조,맑음,단일로 - 기타,승용,여,51세,중상,,,,
2022051600100621,2022년 5월 16일 23시,월요일,대전광역시 서구 용문동,경상사고,0,0,1,0,차대차 - 정면충돌,기타,건조,맑음,교차로 - 교차로부근,승용,남,61세,상해없음,승합,남,50세,경상
2022051600100622,2022년 5월 16일 23시,월요일,대전광역시 서구 월평동,경상사고,0,0,1,0,차대차 - 측면충돌,안전거리미확보,건조,맑음,단일로 - 기타,승용,남,66세,상해없음,승용,남,28세,경상
2022051600100623,2022년 5월 16일 23시,월요일,대전광역시 유성구 봉명동,경상사고,0,0,1,0,차대차 - 측면충돌,안전운전불이행,건조,맑음,단일로 - 기타,승용,남,27세,상해없음,승용,남,59세,경상
2022051700100070,2022년 5월 17일 07시,화요일,대전광역시 유성구 탑립동,중상사고,0,2,2,0,차대차 - 기타,신호위반,건조,맑음,교차로 - 교차로안,승용,여,38세,상해없음,승용,남,72세,경상
2022051700100143,2022년 5월 17일 09시,화요일,대전광역시 서구 월평동,경상사고,0,0,1,0,차대차 - 측면충돌,안전운전불이행,건조,맑음,단일로 - 교량,승용,여,73세,상해없음,승용,남,36세,경상
2022051700100180,2022년 5월 17일 10시,화요일,대전광역시 동구 인동,경상사고,0,0,1,0,차대차 - 측면충돌,안전운전불이행,건조,맑음,단일로 - 기타,개인형이동수단(PM),남,24세,경상,승용,남,70세,상해없음
2022051700100214,2022년 5월 17일 11시,화요일,대전광역시 서구 도마동,경상사고,0,0,1,0,차대사람 - 기타,불법유턴,건조,맑음,단일로 - 기타,화물,남,62세,상해없음,보행자,여,82세,경상
2022051700100215,2022년 5월 17일 11시,화요일,대전광역시 유성구 지족동,경상사고,0,0,1,0,차대차 - 기타,안전운전불이행,건조,맑음,단일로 - 기타,승용,남,29세,상해없음,승용,남,25세,경상
2022051700100246,2022년 5월 17일 12시,화요일,대전광역시 서구 월평동,경상사고,0,0,1,0,차대차 - 측면충돌,안전운전불이행,건조,맑음,교차로 - 교차로안,건설기계,남,31세,상해없음,승용,여,60세,경상
2022051700100318,2022년 5월 17일 14시,화요일,대전광역시 동구 정동,경상사고,0,0,1,0,차대차 - 측면충돌,불법유턴,건조,맑음,단일로 - 기타,자전거,남,74세,경상,승용,남,63세,상해없음
2022051700100319,2022년 5월 17일 14시,화요일,대전광역시 서구 변동,경상사고,0,0,1,0,차대차 - 기타,중앙선침범,건조,맑음,단일로 - 기타,승용,여,63세,상해없음,이륜,남,25세,경상
2022051700100351,2022년 5월 17일 15시,화요일,대전광역시 유성구 지족동,경상사고,0,0,1,0,차대차 - 기타,안전운전불이행,건조,맑음,단일로 - 기타,승용,남,54세,상해없음,자전거,여,26세,경상
2022051700100447,2022년 5월 17일 17시,화요일,대전광역시 서구 용문동,경상사고,0,0,1,0,차대차 - 측면충돌,교차로운행방법위반,건조,맑음,교차로 - 교차로안,건설기계,남,49세,상해없음,승용,여,53세,경상
2022051700100448,2022년 5월 17일 17시,화요일,대전광역시 유성구 궁동,경상사고,0,0,1,0,차대차 - 기타,안전운전불이행,건조,맑음,기타 - 기타,승합,남,62세,상해없음,이륜,남,51세,경상
2022051700100523,2022년 5월 17일 19시,화요일,대전광역시 서구 도마동,경상사고,0,0,1,0,차대차 - 기타,신호위반,건조,맑음,교차로 - 교차로안,이륜,남,38세,상해없음,승용,남,23세,경상
2022051700100550,2022년 5월 17일 20시,화요일,대전광역시 서구 갈마동,중상사고,0,1,0,0,차대사람 - 기타,신호위반,건조,맑음,교차로 - 교차로부근,이륜,남,26세,상해없음,보행자,여,60세,중상
2022051700100574,2022년 5월 17일 21시,화요일,대전광역시 유성구 관평동,경상사고,0,0,2,0,차대차 - 추돌,안전운전불이행,건조,맑음,단일로 - 기타,승합,남,58세,상해없음,승용,남,29세,경상
2022051700100617,2022년 5월 17일 23시,화요일,대전광역시 중구 유천동,중상사고,0,1,0,0,차대사람 - 횡단중,안전운전불이행,건조,맑음,교차로 - 교차로부근,승합,남,49세,상해없음,보행자,남,53세,중상
2022051800100017,2022년 5월 18일 01시,수요일,대전광역시 유성구 관평동,경상사고,0,0,1,0,차대차 - 측면충돌,안전운전불이행,건조,맑음,단일로 - 기타,승용,남,39세,상해없음,승용,남,60세,경상
2022051800100029,2022년 5월 18일 03시,수요일,대전광역시 유성구 봉명동,경상사고,0,0,3,0,차대차 - 측면충돌,중앙선침범,건조,맑음,단일로 - 기타,승용,남,36세,상해없음,승용,남,30세,경상
2022051800100125,2022년 5월 18일 08시,수요일,대전광역시 동구 판암동,경상사고,0,0,1,0,차대차 - 기타,안전거리미확보,건조,맑음,교차로 - 교차로안,승용,여,57세,상해없음,승용,남,37세,경상
2022051800100126,2022년 5월 18일 08시,수요일,대전광역시 서구 둔산동,경상사고,0,0,1,0,차대차 - 기타,안전거리미확보,건조,맑음,단일로 - 기타,승용,남,58세,상해없음,승용,남,28세,경상
2022051800100127,2022년 5월 18일 08시,수요일,대전광역시 유성구 장대동,경상사고,0,0,1,0,차대차 - 기타,안전운전불이행,건조,맑음,교차로 - 교차로부근,승용,여,52세,상해없음,화물,남,42세,경상
2022051800100165,2022년 5월 18일 09시,수요일,대전광역시 서구 월평동,중상사고,0,1,0,0,차대차 - 측면충돌,차로위반,건조,맑음,교차로 - 교차로부근,승용,남,72세,상해없음,승용,여,66세,중상
2022051800100191,2022년 5월 18일 10시,수요일,대전광역시 서구 만년동,경상사고,0,0,1,0,차대차 - 측면충돌,중앙선침범,건조,맑음,단일로 - 기타,화물,남,41세,상해없음,승용,남,36세,경상
2022051800100234,2022년 5월 18일 12시,수요일,대전광역시 대덕구 덕암동,경상사고,0,0,2,0,차대차 - 측면충돌,차로위반,건조,맑음,단일로 - 기타,화물,남,64세,상해없음,승용,여,23세,경상
2022051800100264,2022년 5월 18일 13시,수요일,대전광역시 서구 둔산동,경상사고,0,0,1,0,차대차 - 측면충돌,안전거리미확보,건조,맑음,단일로 - 기타,승합,남,36세,상해없음,이륜,남,26세,경상
2022051800100307,2022년 5월 18일 14시,수요일,대전광역시 중구 오류동,중상사고,0,1,0,0,차대차 - 측면충돌,직진우회전진행방해,건조,맑음,교차로 - 교차로안,승용,남,48세,상해없음,이륜,남,46세,중상
2022051800100309,2022년 5월 18일 14시,수요일,대전광역시 유성구 어은동,중상사고,0,1,0,0,차대차 - 측면충돌,안전운전불이행,건조,맑음,기타 - 기타,승용,여,52세,상해없음,개인형이동수단(PM),여,21세,중상
2022051800100399,2022년 5월 18일 16시,수요일,대전광역시 중구 용두동,경상사고,0,0,1,0,차대차 - 측면충돌,안전거리미확보,건조,맑음,단일로 - 기타,승용,남,64세,상해없음,승용,남,31세,경상
2022051800100447,2022년 5월 18일 17시,수요일,대전광역시 동구 대성동,경상사고,0,0,3,0,차대차 - 측면충돌,안전운전불이행,건조,맑음,교차로 - 교차로부근,화물,남,54세,기타불명,승용,남,60세,경상
2022051800100448,2022년 5월 18일 17시,수요일,대전광역시 동구 정동,경상사고,0,0,2,0,차대차 - 측면충돌,신호위반,건조,맑음,단일로 - 기타,승용,남,39세,상해없음,승용,남,25세,경상
2022051800100450,2022년 5월 18일 17시,수요일,대전광역시 유성구 구암동,중상사고,0,1,0,0,차대사람 - 기타,안전운전불이행,건조,맑음,단일로 - 기타,승용,여,66세,상해없음,보행자,여,55세,중상
2022051800100451,2022년 5월 18일 17시,수요일,대전광역시 유성구 노은동,경상사고,0,0,2,0,차대차 - 기타,안전운전불이행,건조,맑음,교차로 - 교차로안,승합,남,54세,경상,승용,여,58세,경상
2022051800100500,2022년 5월 18일 18시,수요일,대전광역시 동구 판암동,경상사고,0,0,2,0,차대차 - 추돌,안전운전불이행,건조,맑음,교차로 - 교차로안,승용,남,66세,상해없음,승용,남,62세,경상
2022051800100556,2022년 5월 18일 20시,수요일,대전광역시 동구 홍도동,중상사고,0,1,0,0,차대차 - 측면충돌,중앙선침범,건조,맑음,단일로 - 기타,승용,남,26세,상해없음,이륜,남,37세,중상
2022051800100557,2022년 5월 18일 20시,수요일,대전광역시 서구 둔산동,중상사고,0,1,0,0,차대차 - 기타,안전운전불이행,건조,맑음,교차로 - 교차로안,승용,남,54세,상해없음,이륜,남,42세,중상
2022051800100558,2022년 5월 18일 20시,수요일,대전광역시 유성구 봉산동,경상사고,0,0,1,0,차대사람 - 기타,안전운전불이행,건조,맑음,단일로 - 기타,승용,여,39세,상해없음,보행자,남,57세,경상
2022051800100599,2022년 5월 18일 22시,수요일,대전광역시 서구 둔산동,경상사고,0,0,2,0,차대차 - 측면충돌,안전운전불이행,건조,맑음,단일로 - 기타,승용,여,56세,상해없음,승용,여,57세,경상
2022051800100612,2022년 5월 18일 23시,수요일,대전광역시 대덕구 덕암동,경상사고,0,0,1,0,차대차 - 기타,안전운전불이행,건조,맑음,교차로 - 교차로안,화물,남,69세,상해없음,승용,남,59세,경상
2022051900100009,2022년 5월 19일 00시,목요일,대전광역시 서구 탄방동,중상사고,0,2,0,0,차대사람 - 기타,안전운전불이행,건조,맑음,단일로 - 기타,이륜,남,28세,중상,보행자,남,22세,중상
2022051900100090,2022년 5월 19일 07시,목요일,대전광역시 서구 둔산동,경상사고,0,0,1,0,차대차 - 기타,안전운전불이행,건조,맑음,교차로 - 교차로부근,승용,남,29세,상해없음,이륜,남,29세,경상
2022051900100120,2022년 5월 19일 08시,목요일,대전광역시 유성구 안산동,중상사고,0,9,14,0,차량단독 - 전도전복 - 전도,기타,건조,맑음,기타 - 기타,승합,남,69세,상해없음,,,,
2022051900100136,2022년 5월 19일 08시,목요일,대전광역시 서구 둔산동,경상사고,0,0,1,0,차대차 - 추돌,안전거리미확보,건조,맑음,교차로 - 교차로횡단보도내,승용,여,30세,상해없음,승용,여,38세,경상
2022051900100137,2022년 5월 19일 08시,목요일,대전광역시 유성구 봉명동,경상사고,0,0,1,0,차대차 - 측면충돌,신호위반,건조,맑음,교차로 - 교차로횡단보도내,승합,남,54세,상해없음,자전거,남,28세,경상
2022051900100164,2022년 5월 19일 09시,목요일,대전광역시 서구 용문동,경상사고,0,0,1,0,차대사람 - 차도통행중,안전운전불이행,건조,맑음,단일로 - 기타,화물,남,75세,상해없음,보행자,남,57세,경상
2022051900100165,2022년 5월 19일 09시,목요일,대전광역시 서구 우명동,중상사고,0,2,0,0,차대차 - 측면충돌,안전운전불이행,건조,맑음,기타 - 기타,승용,남,51세,중상,건설기계,남,57세,중상
2022051900100166,2022년 5월 19일 09시,목요일,대전광역시 유성구 지족동,경상사고,0,0,1,0,차대사람 - 횡단중,안전운전불이행,건조,맑음,교차로 - 교차로안,승용,여,46세,상해없음,보행자,여,74세,경상
2022051900100191,2022년 5월 19일 10시,목요일,대전광역시 서구 둔산동,경상사고,0,0,1,0,차대사람 - 기타,안전운전불이행,건조,맑음,단일로 - 기타,승용,남,25세,상해없음,보행자,남,70세,경상
2022051900100284,2022년 5월 19일 13시,목요일,대전광역시 대덕구 신탄진동,경상사고,0,0,1,0,차대사람 - 차도통행중,안전운전불이행,건조,맑음,교차로 - 교차로안,승용,남,77세,상해없음,보행자,남,84세,경상
2022051900100361,2022년 5월 19일 16시,목요일,대전광역시 중구 유천동,경상사고,0,0,1,0,차대사람 - 기타,안전운전불이행,건조,맑음,단일로 - 기타,승용,남,72세,상해없음,보행자,남,6세,경상
2022051900100362,2022년 5월 19일 16시,목요일,대전광역시 서구 괴정동,경상사고,0,0,2,0,차대차 - 추돌,안전운전불이행,건조,맑음,기타 - 기타,승용,남,67세,상해없음,화물,남,63세,경상
2022051900100363,2022년 5월 19일 16시,목요일,대전광역시 유성구 계산동,경상사고,0,0,4,0,차대차 - 정면충돌,신호위반,건조,맑음,기타 - 기타,승용,여,62세,상해없음,승용,여,66세,경상
2022051900100364,2022년 5월 19일 16시,목요일,대전광역시 유성구 원촌동,경상사고,0,0,2,0,차대차 - 측면충돌,신호위반,건조,맑음,교차로 - 교차로안,화물,남,74세,상해없음,승용,남,65세,경상
2022051900100490,2022년 5월 19일 19시,목요일,대전광역시 대덕구 중리동,경상사고,0,0,1,0,차대사람 - 기타,안전운전불이행,건조,맑음,교차로 - 교차로안,승합,남,29세,상해없음,보행자,여,56세,경상
2022051900100513,2022년 5월 19일 20시,목요일,대전광역시 중구 중촌동,중상사고,0,1,0,0,차대차 - 측면충돌,교차로운행방법위반,건조,맑음,교차로 - 교차로안,승용,남,61세,상해없음,자전거,남,62세,중상
2022051900100541,2022년 5월 19일 21시,목요일,대전광역시 동구 신흥동,경상사고,0,0,1,0,차대차 - 측면충돌,안전운전불이행,건조,맑음,교차로 - 교차로안,승용,여,58세,상해없음,승용,여,49세,경상
2022051900100542,2022년 5월 19일 21시,목요일,대전광역시 유성구 구암동,경상사고,0,0,1,0,차대차 - 측면충돌,안전운전불이행,건조,맑음,교차로 - 교차로안,화물,남,57세,상해없음,승용,남,28세,경상
2022052000100028,2022년 5월 20일 01시,금요일,대전광역시 서구 도마동,경상사고,0,0,1,0,차대차 - 정면충돌,신호위반,건조,맑음,교차로 - 교차로안,승용,남,23세,상해없음,승용,남,69세,경상
2022052000100061,2022년 5월 20일 06시,금요일,대전광역시 중구 중촌동,경상사고,0,0,1,0,차대차 - 후진중충돌,안전운전불이행,건조,맑음,기타 - 기타,승용,남,41세,상해없음,승용,여,63세,경상
2022052000100062,2022년 5월 20일 06시,금요일,대전광역시 대덕구 중리동,중상사고,0,1,0,0,차대차 - 측면충돌,안전거리미확보,건조,맑음,단일로 - 기타,승용,남,29세,상해없음,이륜,남,65세,중상
2022052000100087,2022년 5월 20일 07시,금요일,대전광역시 유성구 지족동,경상사고,0,0,1,0,차대차 - 추돌,안전운전불이행,건조,맑음,교차로 - 교차로부근,승용,남,45세,상해없음,승용,남,49세,경상
2022052000100134,2022년 5월 20일 08시,금요일,대전광역시 중구 대사동,경상사고,0,0,1,0,차대차 - 기타,신호위반,건조,맑음,교차로 - 교차로안,승용,남,28세,기타불명,승용,여,24세,경상
2022052000100135,2022년 5월 20일 08시,금요일,대전광역시 유성구 봉명동,경상사고,0,0,1,0,차대차 - 측면충돌,안전운전불이행,건조,맑음,교차로 - 교차로안,승용,남,42세,상해없음,승용,남,28세,경상
2022052000100167,2022년 5월 20일 09시,금요일,대전광역시 유성구 봉명동,경상사고,0,0,1,0,차대차 - 측면충돌,신호위반,건조,맑음,교차로 - 교차로안,승용,남,31세,상해없음,자전거,남,26세,경상
2022052000100192,2022년 5월 20일 10시,금요일,대전광역시 동구 인동,경상사고,0,0,1,0,차대차 - 측면충돌,안전거리미확보,건조,맑음,교차로 - 교차로부근,승용,남,61세,상해없음,승용,남,56세,경상
2022052000100222,2022년 5월 20일 11시,금요일,대전광역시 유성구 지족동,중상사고,0,1,0,0,차대차 - 측면충돌,안전운전불이행,건조,맑음,교차로 - 교차로안,승용,여,40세,상해없음,이륜,남,29세,중상
2022052000100252,2022년 5월 20일 12시,금요일,대전광역시 유성구 지족동,경상사고,0,0,1,0,차대차 - 기타,안전운전불이행,건조,맑음,교차로 - 교차로안,승용,여,42세,상해없음,승용,여,46세,경상
2022052000100288,2022년 5월 20일 13시,금요일,대전광역시 유성구 궁동,부상신고사고,0,0,0,4,차대차 - 측면충돌,차로위반,건조,맑음,단일로 - 기타,승용,남,39세,상해없음,승용,남,21세,부상신고
2022052000100415,2022년 5월 20일 16시,금요일,대전광역시 중구 선화동,경상사고,0,0,1,0,차량단독 - 기타,안전운전불이행,건조,맑음,단일로 - 기타,승용,남,61세,상해없음,,,,
2022052000100416,2022년 5월 20일 16시,금요일,대전광역시 서구 내동,경상사고,0,0,1,0,차대차 - 기타,안전운전불이행,건조,맑음,단일로 - 기타,승용,여,45세,상해없음,이륜,남,23세,경상
2022052000100531,2022년 5월 20일 18시,금요일,대전광역시 대덕구 중리동,경상사고,0,0,1,0,차대사람 - 기타,안전운전불이행,건조,맑음,교차로 - 교차로안,승합,남,52세,상해없음,보행자,여,25세,경상
2022052000100679,2022년 5월 20일 23시,금요일,대전광역시 서구 월평동,경상사고,0,0,2,0,차대차 - 기타,안전운전불이행,건조,맑음,단일로 - 기타,승용,남,49세,기타불명,승용,남,40세,경상
2022052100100033,2022년 5월 21일 01시,토요일,대전광역시 동구 용전동,경상사고,0,0,2,0,차대차 - 기타,안전거리미확보,건조,맑음,단일로 - 기타,화물,남,41세,상해없음,승용,남,60세,경상
2022052100100034,2022년 5월 21일 01시,토요일,대전광역시 대덕구 비래동,중상사고,0,1,0,0,차대차 - 측면충돌,신호위반,건조,맑음,교차로 - 교차로안,승용,남,33세,상해없음,화물,남,40세,중상
2022052100100046,2022년 5월 21일 02시,토요일,대전광역시 중구 유천동,경상사고,0,0,2,0,차대차 - 기타,안전운전불이행,건조,맑음,단일로 - 기타,승용,남,26세,상해없음,승용,기타불명,미분류,기타불명
2022052100100055,2022년 5월 21일 03시,토요일,대전광역시 서구 둔산동,경상사고,0,0,2,0,차대차 - 기타,안전운전불이행,건조,맑음,기타 - 기타,승용,남,22세,상해없음,승용,여,30세,경상
2022052100100056,2022년 5월 21일 03시,토요일,대전광역시 서구 둔산동,경상사고,0,0,2,0,차대사람 - 기타,안전운전불이행,건조,맑음,단일로 - 기타,승용,여,25세,상해없음,보행자,여,28세,경상
2022052100100057,2022년 5월 21일 03시,토요일,대전광역시 유성구 노은동,중상사고,0,1,0,0,차대차 - 추돌,안전운전불이행,건조,맑음,교차로 - 교차로부근,승용,여,40세,상해없음,승용,남,64세,상해없음
2022052100100104,2022년 5월 21일 08시,토요일,대전광역시 대덕구 석봉동,경상사고,0,0,1,0,차대차 - 기타,안전운전불이행,건조,맑음,교차로 - 교차로부근,승용,여,55세,상해없음,승용,남,58세,경상
2022052100100134,2022년 5월 21일 09시,토요일,대전광역시 서구 정림동,경상사고,0,0,3,0,차대차 - 측면충돌,직진우회전진행방해,건조,맑음,교차로 - 교차로안,승용,남,52세,경상,화물,남,71세,경상
2022052100100212,2022년 5월 21일 11시,토요일,대전광역시 동구 성남동,경상사고,0,0,1,0,차대차 - 측면충돌,안전운전불이행,건조,맑음,단일로 - 기타,승용,남,28세,상해없음,승용,남,35세,경상
2022052100100213,2022년 5월 21일 11시,토요일,대전광역시 동구 판암동,경상사고,0,0,1,0,차대사람 - 횡단중,보행자보호의무위반,건조,맑음,교차로 - 교차로부근,승용,여,21세,상해없음,보행자,남,61세,경상
2022052100100261,2022년 5월 21일 12시,토요일,대전광역시 동구 판암동,부상신고사고,0,0,0,1,차대차 - 추돌,안전운전불이행,건조,맑음,교차로 - 교차로부근,이륜,남,29세,부상신고,승용,여,42세,상해없음
2022052100100262,2022년 5월 21일 12시,토요일,대전광역시 유성구 봉명동,경상사고,0,0,2,0,차대차 - 추돌,안전운전불이행,건조,맑음,교차로 - 교차로부근,승용,남,32세,상해없음,승용,남,79세,경상
2022052100100301,2022년 5월 21일 13시,토요일,대전광역시 중구 오류동,경상사고,0,0,1,0,차대사람 - 횡단중,보행자보호의무위반,건조,맑음,교차로 - 교차로횡단보도내,승용,여,77세,상해없음,보행자,여,71세,경상
2022052100100302,2022년 5월 21일 13시,토요일,대전광역시 대덕구 송촌동,경상사고,0,0,3,1,차대차 - 측면충돌,안전거리미확보,건조,맑음,단일로 - 기타,승용,남,41세,상해없음,승용,남,26세,경상
2022052100100303,2022년 5월 21일 13시,토요일,대전광역시 유성구 노은동,경상사고,0,0,2,0,차대차 - 기타,안전거리미확보,건조,맑음,기타 - 기타,승용,남,51세,상해없음,승용,남,30세,경상
2022052100100347,2022년 5월 21일 14시,토요일,대전광역시 대덕구 신대동,중상사고,0,1,1,0,차대차 - 추돌,안전운전불이행,건조,맑음,단일로 - 기타,화물,남,72세,상해없음,승용,남,62세,경상
2022052100100348,2022년 5월 21일 14시,토요일,대전광역시 유성구 봉명동,경상사고,0,0,1,0,차대차 - 기타,안전거리미확보,건조,맑음,단일로 - 기타,승용,여,28세,상해없음,이륜,남,24세,경상
2022052100100455,2022년 5월 21일 17시,토요일,대전광역시 중구 문화동,경상사고,0,0,1,0,차대차 - 기타,안전거리미확보,건조,맑음,단일로 - 기타,승용,여,60세,상해없음,화물,남,25세,경상
2022052100100456,2022년 5월 21일 17시,토요일,대전광역시 동구 소제동,경상사고,0,0,1,0,차대차 - 측면충돌,신호위반,건조,맑음,교차로 - 교차로안,승용,남,26세,상해없음,승용,남,48세,경상
2022052100100457,2022년 5월 21일 17시,토요일,대전광역시 서구 도마동,경상사고,0,0,3,0,차대차 - 기타,안전운전불이행,건조,맑음,교차로 - 교차로부근,승용,남,31세,상해없음,승용,남,42세,상해없음
2022052100100513,2022년 5월 21일 19시,토요일,대전광역시 서구 둔산동,경상사고,0,0,1,0,차대사람 - 기타,안전운전불이행,건조,맑음,교차로 - 교차로부근,승용,여,53세,상해없음,보행자,남,62세,경상
2022052100100549,2022년 5월 21일 20시,토요일,대전광역시 서구 만년동,경상사고,0,0,1,0,차대차 - 측면충돌,안전운전불이행,건조,맑음,단일로 - 기타,승용,여,49세,상해없음,승용,남,36세,경상
2022052100100550,2022년 5월 21일 20시,토요일,대전광역시 유성구 죽동,경상사고,0,0,1,0,차대차 - 측면충돌,안전운전불이행,건조,맑음,교차로 - 교차로횡단보도내,이륜,남,32세,상해없음,개인형이동수단(PM),여,23세,경상
2022052100100570,2022년 5월 21일 21시,토요일,대전광역시 동구 가오동,경상사고,0,0,2,0,차대차 - 추돌,안전운전불이행,건조,맑음,교차로 - 교차로부근,승용,남,35세,상해없음,승용,남,54세,경상
2022052200100030,2022년 5월 22일 02시,일요일,대전광역시 중구 문화동,경상사고,0,0,2,0,차대차 - 기타,안전운전불이행,건조,맑음,교차로 - 교차로부근,승용,남,65세,상해없음,승용,남,22세,경상
2022052200100040,2022년 5월 22일 03시,일요일,대전광역시 유성구 봉명동,경상사고,0,0,2,0,차대차 - 기타,안전운전불이행,건조,맑음,단일로 - 기타,승용,남,30세,상해없음,승용,남,68세,경상
2022052200100068,2022년 5월 22일 07시,일요일,대전광역시 유성구 구암동,경상사고,0,0,5,2,차대차 - 측면충돌,교차로운행방법위반,건조,맑음,교차로 - 교차로횡단보도내,승합,남,59세,상해없음,승합,남,63세,경상
2022052200100081,2022년 5월 22일 08시,일요일,대전광역시 대덕구 오정동,경상사고,0,0,1,0,차대차 - 기타,교차로운행방법위반,건조,맑음,교차로 - 교차로안,승용,남,62세,상해없음,승용,남,47세,경상
2022052200100110,2022년 5월 22일 10시,일요일,대전광역시 중구 태평동,경상사고,0,0,2,0,차대차 - 측면충돌,안전거리미확보,건조,맑음,교차로 - 교차로안,승용,남,60세,경상,화물,남,35세,경상
2022052200100111,2022년 5월 22일 10시,일요일,대전광역시 유성구 봉명동,경상사고,0,0,1,0,차대사람 - 기타,안전운전불이행,건조,맑음,단일로 - 기타,승용,여,42세,상해없음,보행자,여,65세,경상
2022052200100214,2022년 5월 22일 13시,일요일,대전광역시 중구 중촌동,경상사고,0,0,1,0,차대차 - 기타,신호위반,건조,맑음,교차로 - 교차로안,승용,여,30세,상해없음,원동기,남,20세,경상
2022052200100276,2022년 5월 22일 15시,일요일,대전광역시 동구 신흥동,경상사고,0,0,2,0,차대차 - 측면충돌,안전거리미확보,건조,맑음,단일로 - 기타,승용,여,22세,경상,승용,남,42세,경상
2022052200100277,2022년 5월 22일 15시,일요일,대전광역시 대덕구 삼정동,경상사고,0,0,4,0,차대차 - 기타,안전운전불이행,건조,맑음,교차로 - 교차로안,승용,남,53세,상해없음,승용,남,37세,경상
2022052200100320,2022년 5월 22일 16시,일요일,대전광역시 중구 문화동,경상사고,0,0,4,0,차대차 - 측면충돌,중앙선침범,건조,맑음,단일로 - 기타,승용,여,77세,상해없음,승용,남,48세,경상
2022052200100362,2022년 5월 22일 17시,일요일,대전광역시 동구 자양동,중상사고,0,1,2,0,차대차 - 측면충돌,직진우회전진행방해,건조,맑음,교차로 - 교차로안,승용,여,52세,경상,이륜,남,28세,중상
2022052200100363,2022년 5월 22일 17시,일요일,대전광역시 유성구 봉명동,경상사고,0,0,2,0,차대차 - 기타,안전거리미확보,건조,맑음,단일로 - 기타,승용,여,43세,상해없음,승용,남,30세,경상
2022052200100392,2022년 5월 22일 18시,일요일,대전광역시 중구 용두동,경상사고,0,0,1,0,차대차 - 기타,신호위반,건조,맑음,교차로 - 교차로부근,승용,남,65세,상해없음,승용,여,30세,상해없음
2022052200100393,2022년 5월 22일 18시,일요일,대전광역시 동구 삼성동,경상사고,0,0,1,0,차대차 - 측면충돌,안전운전불이행,건조,맑음,교차로 - 교차로부근,이륜,남,19세,기타불명,승용,남,31세,경상
2022052200100413,2022년 5월 22일 19시,일요일,대전광역시 서구 도마동,경상사고,0,0,1,0,차량단독 - 공작물충돌,안전운전불이행,건조,기타,단일로 - 기타,승용,남,18세,상해없음,,,,