사고번호,사고일시,요일,시군구,사고내용,사망자수,중상자수,경상자수,부상신고자수,사고유형,법규위반,노면상태,기상상태,도로형태,가해운전자 차종,가해운전자 성별,가해운전자 연령,가해운전자 상해정도,피해운전자 차종,피해운전자 성별,피해운전자 연령,피해운전자 상해정도
2022062000100016,2022년 6월 20일 01시,월요일,대전광역시 동구 가오동,중상사고,0,1,1,0,차대차 - 추돌,안전운전불이행,건조,맑음,교차로 - 교차로부근,화물,남,61세,중상,화물,남,61세,경상
2022062000100083,2022년 6월 20일 07시,월요일,대전광역시 서구 탄방동,중상사고,0,1,0,0,차대사람 - 횡단중,보행자보호의무위반,건조,맑음,교차로 - 교차로횡단보도내,승용,남,46세,상해없음,보행자,남,14세,중상
2022062000100084,2022년 6월 20일 07시,월요일,대전광역시 서구 탄방동,경상사고,0,0,2,0,차대차 - 추돌,안전운전불이행,건조,맑음,단일로 - 기타,화물,남,41세,경상,승용,여,31세,상해없음
2022062000100128,2022년 6월 20일 08시,월요일,대전광역시 중구 문화동,경상사고,0,0,1,0,차대차 - 측면충돌,차로위반,건조,맑음,단일로 - 기타,화물,남,76세,상해없음,승용,남,56세,경상
2022062000100177,2022년 6월 20일 09시,월요일,대전광역시 중구 오류동,경상사고,0,0,2,0,차대차 - 추돌,안전거리미확보,건조,맑음,단일로 - 기타,승용,남,18세,상해없음,화물,남,63세,경상
2022062000100178,2022년 6월 20일 09시,월요일,대전광역시 중구 목동,경상사고,0,0,4,0,차대차 - 측면충돌,교차로운행방법위반,건조,맑음,교차로 - 교차로안,승합,남,66세,상해없음,승용,남,70세,경상
2022062000100179,2022년 6월 20일 09시,월요일,대전광역시 서구 월평동,경상사고,0,0,1,0,차대차 - 측면충돌,안전운전불이행,건조,맑음,교차로 - 교차로안,승용,여,54세,기타불명,개인형이동수단(PM),남,31세,경상
2022062000100237,2022년 6월 20일 11시,월요일,대전광역시 서구 용문동,경상사고,0,0,2,0,차대차 - 측면충돌,안전운전불이행,건조,맑음,교차로 - 교차로부근,이륜,남,48세,경상,화물,남,53세,경상
2022062000100352,2022년 6월 20일 14시,월요일,대전광역시 동구 신흥동,경상사고,0,0,1,0,차대차 - 측면충돌,안전운전불이행,건조,맑음,단일로 - 기타,화물,여,55세,상해없음,승용,남,24세,경상
2022062000100353,2022년 6월 20일 14시,월요일,대전광역시 서구 도안동,경상사고,0,0,1,0,차대차 - 측면충돌,안전거리미확보,건조,맑음,단일로 - 기타,건설기계,남,68세,상해없음,승용,남,69세,경상
2022062000100392,2022년 6월 20일 15시,월요일,대전광역시 동구 판암동,경상사고,0,0,1,0,차대사람 - 횡단중,보행자보호의무위반,건조,맑음,교차로 - 교차로안,승용,남,65세,상해없음,보행자,여,14세,경상
2022062000100393,2022년 6월 20일 15시,월요일,대전광역시 서구 괴정동,경상사고,0,0,2,0,차대차 - 측면충돌,불법유턴,건조,맑음,단일로 - 기타,승용,남,59세,상해없음,승용,남,36세,경상
2022062000100394,2022년 6월 20일 15시,월요일,대전광역시 유성구 구암동,중상사고,0,1,0,0,차대차 - 기타,안전운전불이행,건조,맑음,단일로 - 기타,승용,남,37세,상해없음,자전거,남,25세,중상
2022062000100440,2022년 6월 20일 16시,월요일,대전광역시 대덕구 중리동,경상사고,0,0,1,0,차대차 - 측면충돌,안전운전불이행,건조,맑음,단일로 - 기타,승용,여,59세,상해없음,이륜,남,46세,경상
2022062000100468,2022년 6월 20일 17시,월요일,대전광역시 서구 괴정동,경상사고,0,0,1,0,차대차 - 기타,안전운전불이행,건조,맑음,기타 - 기타,승용,남,21세,상해없음,승용,남,24세,경상
2022062000100503,2022년 6월 20일 18시,월요일,대전광역시 중구 태평동,경상사고,0,0,2,0,차대차 - 측면충돌,안전거리미확보,건조,맑음,단일로 - 기타,승용,남,29세,경상,승용,여,39세,경상
2022062000100504,2022년 6월 20일 18시,월요일,대전광역시 대덕구 법동,경상사고,0,0,1,0,차대차 - 기타,교차로운행방법위반,건조,맑음,교차로 - 교차로안,승용,여,23세,상해없음,이륜,남,53세,경상
2022062000100505,2022년 6월 20일 18시,월요일,대전광역시 대덕구 신일동,경상사고,0,0,1,0,차량단독 - 기타,안전운전불이행,건조,맑음,단일로 - 기타,승합,남,45세,상해없음,,,,
2022062000100506,2022년 6월 20일 18시,월요일,대전광역시 유성구 신성동,경상사고,0,0,1,0,차대차 - 측면충돌,교차로운행방법위반,건조,맑음,교차로 - 교차로안,화물,남,21세,상해없음,승용,여,51세,경상
2022062000100532,2022년 6월 20일 19시,월요일,대전광역시 서구 탄방동,경상사고,0,0,2,0,차대차 - 기타,기타,건조,맑음,교차로 - 교차로안,승용,남,69세,경상,승용,여,70세,경상
2022062000100533,2022년 6월 20일 19시,월요일,대전광역시 유성구 원내동,중상사고,0,1,0,0,차대차 - 측면충돌,신호위반,건조,맑음,교차로 - 교차로부근,승용,남,55세,상해없음,이륜,남,32세,중상
2022062000100558,2022년 6월 20일 20시,월요일,대전광역시 중구 문화동,경상사고,0,0,2,0,차대차 - 추돌,안전운전불이행,건조,맑음,단일로 - 기타,승용,남,63세,상해없음,승용,남,60세,경상
2022062000100559,2022년 6월 20일 20시,월요일,대전광역시 중구 대사동,경상사고,0,0,1,0,차대차 - 기타,안전거리미확보,건조,맑음,단일로 - 기타,승용,남,34세,상해없음,승용,남,40세,경상
2022062000100586,2022년 6월 20일 21시,월요일,대전광역시 동구 용전동,경상사고,0,0,2,0,차대차 - 측면충돌,직진우회전진행방해,건조,맑음,교차로 - 교차로안,승용,남,66세,상해없음,원동기,남,39세,경상
2022062000100603,2022년 6월 20일 22시,월요일,대전광역시 유성구 상대동,경상사고,0,0,2,0,차대차 - 추돌,안전운전불이행,건조,맑음,교차로 - 교차로횡단보도내,이륜,남,33세,경상,승용,남,61세,경상
2022062000100616,2022년 6월 20일 23시,월요일,대전광역시 중구 부사동,중상사고,0,1,0,0,차대사람 - 차도통행중,안전운전불이행,건조,맑음,교차로 - 교차로안,승용,여,55세,상해없음,보행자,여,50세,중상
2022062100100014,2022년 6월 21일 02시,화요일,대전광역시 중구 오류동,경상사고,0,0,4,0,차대차 - 추돌,안전운전불이행,건조,맑음,교차로 - 교차로부근,승용,여,27세,상해없음,승용,남,57세,경상
2022062100100062,2022년 6월 21일 07시,화요일,대전광역시 서구 정림동,경상사고,0,0,1,0,차대차 - 정면충돌,중앙선침범,건조,맑음,단일로 - 기타,승용,여,59세,기타불명,화물,남,39세,경상
2022062100100064,2022년 6월 21일 07시,화요일,대전광역시 서구 둔산동,경상사고,0,0,1,0,차대차 - 추돌,안전운전불이행,건조,맑음,단일로 - 기타,승용,남,21세,상해없음,승합,남,38세,경상
2022062100100103,2022년 6월 21일 08시,화요일,대전광역시 서구 괴곡동,경상사고,0,0,1,0,차대차 - 측면충돌,안전운전불이행,건조,맑음,교차로 - 교차로부근,승용,남,56세,기타불명,승용,여,39세,경상
2022062100100104,2022년 6월 21일 08시,화요일,대전광역시 대덕구 읍내동,경상사고,0,0,5,0,차대차 - 추돌,안전운전불이행,건조,맑음,단일로 - 기타,승용,남,59세,경상,승용,남,61세,경상
2022062100100105,2022년 6월 21일 08시,화요일,대전광역시 유성구 노은동,경상사고,0,0,1,0,차대차 - 측면충돌,안전운전불이행,건조,맑음,교차로 - 교차로안,화물,남,68세,상해없음,승용,여,45세,경상
2022062100100145,2022년 6월 21일 09시,화요일,대전광역시 서구 둔산동,경상사고,0,0,1,0,차대차 - 기타,안전운전불이행,건조,맑음,교차로 - 교차로안,승용,남,69세,상해없음,승용,남,28세,경상
2022062100100146,2022년 6월 21일 09시,화요일,대전광역시 서구 둔산동,경상사고,0,0,1,0,차대사람 - 기타,안전운전불이행,건조,맑음,단일로 - 기타,승용,남,51세,상해없음,보행자,남,28세,경상
2022062100100172,2022년 6월 21일 10시,화요일,대전광역시 유성구 탑립동,경상사고,0,0,1,0,차대차 - 추돌,안전운전불이행,건조,맑음,교차로 - 교차로안,승합,남,50세,상해없음,승용,남,52세,경상
2022062100100226,2022년 6월 21일 12시,화요일,대전광역시 동구 삼성동,경상사고,0,0,1,0,차대차 - 기타,안전운전불이행,건조,맑음,교차로 - 교차로안,이륜,남,39세,상해없음,승용,여,54세,경상
2022062100100265,2022년 6월 21일 13시,화요일,대전광역시 서구 정림동,경상사고,0,0,1,0,차대차 - 기타,안전운전불이행,건조,맑음,단일로 - 기타,승용,남,28세,기타불명,승용,남,65세,상해없음
2022062100100266,2022년 6월 21일 13시,화요일,대전광역시 서구 가장동,경상사고,0,0,2,0,차대차 - 추돌,안전거리미확보,건조,맑음,단일로 - 기타,승용,남,48세,상해없음,승용,남,36세,경상
2022062100100267,2022년 6월 21일 13시,화요일,대전광역시 서구 용문동,경상사고,0,0,1,0,차대차 - 측면충돌,안전거리미확보,건조,맑음,교차로 - 교차로횡단보도내,승용,여,42세,상해없음,승용,여,67세,경상
2022062100100307,2022년 6월 21일 14시,화요일,대전광역시 유성구 지족동,경상사고,0,0,2,0,차대차 - 추돌,안전운전불이행,건조,맑음,단일로 - 기타,승용,남,20세,상해없음,승용,여,41세,경상
2022062100100352,2022년 6월 21일 15시,화요일,대전광역시 서구 정림동,경상사고,0,0,2,0,차대차 - 기타,안전거리미확보,건조,맑음,단일로 - 기타,승용,여,51세,상해없음,승용,남,32세,경상
2022062100100383,2022년 6월 21일 16시,화요일,대전광역시 서구 탄방동,경상사고,0,0,1,0,차대차 - 기타,안전운전불이행,건조,맑음,기타 - 기타,승용,남,71세,상해없음,승용,남,48세,경상
2022062100100442,2022년 6월 21일 17시,화요일,대전광역시 중구 석교동,중상사고,0,1,0,0,차대차 - 기타,신호위반,건조,맑음,교차로 - 교차로부근,승용,남,48세,기타불명,승합,남,56세,중상
2022062100100443,2022년 6월 21일 17시,화요일,대전광역시 서구 정림동,경상사고,0,0,1,0,차대사람 - 기타,교차로운행방법위반,건조,맑음,단일로 - 기타,승용,남,44세,기타불명,보행자,남,63세,경상
2022062100100444,2022년 6월 21일 17시,화요일,대전광역시 대덕구 법동,중상사고,0,1,0,0,차대차 - 정면충돌,교차로운행방법위반,건조,맑음,교차로 - 교차로횡단보도내,승용,여,58세,기타불명,자전거,남,14세,중상
2022062100100445,2022년 6월 21일 17시,화요일,대전광역시 유성구 봉명동,경상사고,0,0,1,0,차대차 - 기타,안전운전불이행,건조,맑음,교차로 - 교차로횡단보도내,승용,여,58세,상해없음,개인형이동수단(PM),남,26세,경상
2022062100100487,2022년 6월 21일 18시,화요일,대전광역시 서구 괴정동,경상사고,0,0,1,0,차대사람 - 차도통행중,안전운전불이행,건조,맑음,기타 - 기타,승용,남,36세,상해없음,보행자,남,63세,경상
2022062100100488,2022년 6월 21일 18시,화요일,대전광역시 대덕구 신탄진동,경상사고,0,0,1,0,차대차 - 측면충돌,교차로운행방법위반,건조,맑음,교차로 - 교차로안,승용,남,34세,상해없음,자전거,남,27세,경상
2022062100100540,2022년 6월 21일 20시,화요일,대전광역시 서구 갈마동,경상사고,0,0,2,0,차대차 - 측면충돌,안전운전불이행,건조,맑음,교차로 - 교차로안,승용,여,51세,상해없음,승용,남,25세,경상
2022062100100607,2022년 6월 21일 23시,화요일,대전광역시 유성구 봉명동,경상사고,0,0,1,0,차대사람 - 보도통행중,안전운전불이행,건조,맑음,교차로 - 교차로안,승용,남,31세,상해없음,보행자,남,32세,경상
2022062200100017,2022년 6월 22일 01시,수요일,대전광역시 서구 가장동,경상사고,0,0,1,0,차대사람 - 횡단중,보행자보호의무위반,건조,맑음,기타 - 기타,승용,남,50세,상해없음,보행자,남,39세,경상
2022062200100040,2022년 6월 22일 05시,수요일,대전광역시 중구 대사동,중상사고,0,1,0,0,차량단독 - 기타,안전운전불이행,건조,맑음,단일로 - 기타,원동기,남,40세,중상,,,,
2022062200100078,2022년 6월 22일 07시,수요일,대전광역시 유성구 지족동,경상사고,0,0,1,0,차대차 - 기타,안전운전불이행,건조,맑음,교차로 - 교차로안,승용,여,47세,상해없음,승용,여,43세,경상
2022062200100135,2022년 6월 22일 08시,수요일,대전광역시 대덕구 법동,경상사고,0,0,1,0,차량단독 - 기타,안전운전불이행,건조,맑음,단일로 - 기타,승용,남,56세,상해없음,,,,
2022062200100223,2022년 6월 22일 11시,수요일,대전광역시 서구 갈마동,중상사고,0,1,0,0,차대차 - 측면충돌,교차로운행방법위반,건조,맑음,교차로 - 교차로안,건설기계,남,55세,상해없음,승용,여,37세,중상
2022062200100252,2022년 6월 22일 12시,수요일,대전광역시 서구 탄방동,경상사고,0,0,1,0,차대차 - 측면충돌,안전운전불이행,건조,맑음,교차로 - 교차로안,화물,남,40세,상해없음,승용,남,66세,경상
2022062200100325,2022년 6월 22일 14시,수요일,대전광역시 서구 탄방동,경상사고,0,0,1,0,차대차 - 기타,교차로운행방법위반,건조,맑음,단일로 - 기타,건설기계,남,44세,상해없음,이륜,남,37세,경상
2022062200100515,2022년 6월 22일 18시,수요일,대전광역시 중구 태평동,중상사고,0,1,0,0,차대차 - 기타,안전운전불이행,건조,맑음,교차로 - 교차로부근,승용,여,60세,상해없음,이륜,남,69세,중상
2022062200100516,2022년 6월 22일 18시,수요일,대전광역시 동구 정동,경상사고,0,0,1,0,차대사람 - 기타,안전운전불이행,건조,맑음,단일로 - 기타,승합,남,48세,상해없음,보행자,남,54세,경상
2022062200100517,2022년 6월 22일 18시,수요일,대전광역시 동구 용전동,경상사고,0,0,1,0,차대차 - 측면충돌,안전거리미확보,건조,맑음,단일로 - 기타,승용,여,66세,상해없음,승용,남,28세,경상
2022062200100518,2022년 6월 22일 18시,수요일,대전광역시 서구 만년동,경상사고,0,0,1,0,차대차 - 측면충돌,신호위반,건조,맑음,단일로 - 교량,승용,여,26세,상해없음,승용,남,30세,경상
2022062200100540,2022년 6월 22일 19시,수요일,대전광역시 중구 옥계동,경상사고,0,0,1,0,차대사람 - 기타,보행자보호의무위반,건조,맑음,교차로 - 교차로횡단보도내,승용,남,23세,상해없음,보행자,남,24세,경상
2022062200100541,2022년 6월 22일 19시,수요일,대전광역시 동구 홍도동,경상사고,0,0,1,0,차대차 - 측면충돌,안전거리미확보,건조,맑음,교차로 - 교차로안,이륜,남,59세,기타불명,이륜,남,32세,경상
2022062200100542,2022년 6월 22일 19시,수요일,대전광역시 서구 괴정동,중상사고,0,1,1,0,차대차 - 측면충돌,중앙선침범,건조,맑음,단일로 - 기타,승용,남,62세,경상,이륜,남,22세,중상
2022062200100620,2022년 6월 22일 22시,수요일,대전광역시 유성구 구암동,경상사고,0,0,1,0,차대차 - 기타,안전거리미확보,건조,흐림,단일로 - 기타,승용,남,51세,상해없음,승용,남,28세,경상
2022062300100047,2022년 6월 23일 04시,목요일,대전광역시 서구 용문동,경상사고,0,0,1,0,차대차 - 기타,안전거리미확보,건조,맑음,단일로 - 기타,화물,남,55세,상해없음,승용,남,65세,경상
2022062300100062,2022년 6월 23일 06시,목요일,대전광역시 대덕구 오정동,경상사고,0,0,1,0,차대사람 - 기타,안전운전불이행,건조,맑음,교차로 - 교차로안,화물,남,66세,상해없음,보행자,남,63세,경상
2022062300100084,2022년 6월 23일 07시,목요일,대전광역시 유성구 봉산동,경상사고,0,0,1,1,차대차 - 측면충돌,안전운전불이행,건조,맑음,교차로 - 교차로부근,승용,남,41세,부상신고,화물,남,61세,경상
2022062300100136,2022년 6월 23일 08시,목요일,대전광역시 중구 선화동,경상사고,0,0,1,0,차대사람 - 기타,기타,건조,흐림,단일로 - 기타,승용,남,65세,상해없음,보행자,여,50세,경상
2022062300100137,2022년 6월 23일 08시,목요일,대전광역시 중구 유천동,중상사고,0,1,0,0,차대사람 - 보도통행중,보행자보호의무위반,건조,맑음,교차로 - 교차로횡단보도내,승용,여,42세,상해없음,보행자,여,22세,중상
2022062300100167,2022년 6월 23일 09시,목요일,대전광역시 대덕구 읍내동,경상사고,0,0,1,0,차대사람 - 횡단중,안전운전불이행,건조,맑음,교차로 - 교차로부근,승용,남,84세,상해없음,보행자,여,22세,경상
2022062300100190,2022년 6월 23일 10시,목요일,대전광역시 서구 도마동,경상사고,0,0,1,0,차대차 - 기타,직진우회전진행방해,건조,맑음,교차로 - 교차로안,승용,여,49세,상해없음,승용,여,43세,경상
2022062300100245,2022년 6월 23일 12시,목요일,대전광역시 유성구 하기동,중상사고,0,1,1,0,차대차 - 기타,기타,젖음/습기,비,기타 - 기타,승용,남,22세,상해없음,승용,남,40세,상해없음
2022062300100285,2022년 6월 23일 13시,목요일,대전광역시 중구 문화동,경상사고,0,0,1,0,차대차 - 기타,안전거리미확보,건조,맑음,단일로 - 기타,승용,남,64세,상해없음,승용,여,32세,경상
2022062300100286,2022년 6월 23일 13시,목요일,대전광역시 서구 둔산동,중상사고,0,1,0,0,차량단독 - 기타,안전운전불이행,젖음/습기,비,단일로 - 기타,승합,남,59세,상해없음,,,,
2022062300100342,2022년 6월 23일 15시,목요일,대전광역시 대덕구 오정동,중상사고,0,1,0,0,차대차 - 기타,교차로운행방법위반,건조,맑음,단일로 - 기타,승용,여,62세,상해없음,자전거,여,58세,중상
2022062300100375,2022년 6월 23일 16시,목요일,대전광역시 중구 선화동,경상사고,0,0,2,0,차대차 - 추돌,안전운전불이행,건조,흐림,교차로 - 교차로부근,승용,여,26세,상해없음,화물,남,51세,경상
2022062300100376,2022년 6월 23일 16시,목요일,대전광역시 대덕구 송촌동,경상사고,0,0,1,0,차대차 - 추돌,안전운전불이행,젖음/습기,비,단일로 - 기타,승합,남,49세,상해없음,승용,남,50세,상해없음
2022062300100377,2022년 6월 23일 16시,목요일,대전광역시 유성구 지족동,경상사고,0,0,1,0,차대차 - 기타,안전운전불이행,젖음/습기,비,단일로 - 기타,승용,남,64세,상해없음,자전거,남,16세,경상
2022062300100418,2022년 6월 23일 17시,목요일,대전광역시 유성구 용계동,경상사고,0,0,1,1,차대차 - 기타,안전운전불이행,젖음/습기,비,교차로 - 교차로안,승용,남,51세,경상,승합,남,43세,상해없음
2022062300100471,2022년 6월 23일 18시,목요일,대전광역시 중구 목동,경상사고,0,0,2,0,차대차 - 기타,안전거리미확보,건조,맑음,단일로 - 기타,승용,여,52세,상해없음,승합,남,52세,기타불명
2022062300100512,2022년 6월 23일 19시,목요일,대전광역시 동구 자양동,경상사고,0,0,1,0,차대사람 - 차도통행중,안전운전불이행,건조,맑음,단일로 - 기타,승용,남,59세,상해없음,보행자,남,52세,경상
2022062300100513,2022년 6월 23일 19시,목요일,대전광역시 동구 용전동,경상사고,0,0,2,0,차대차 - 측면충돌,안전운전불이행,건조,흐림,교차로 - 교차로안,승용,남,62세,상해없음,승용,남,69세,경상
2022062300100514,2022년 6월 23일 19시,목요일,대전광역시 서구 둔산동,경상사고,0,0,1,0,차대차 - 측면충돌,안전운전불이행,건조,맑음,교차로 - 교차로부근,자전거,남,29세,경상,승용,여,30세,상해없음
2022062300100557,2022년 6월 23일 20시,목요일,대전광역시 유성구 봉명동,중상사고,0,1,0,0,차대사람 - 기타,안전운전불이행,젖음/습기,비,교차로 - 교차로부근,이륜,남,43세,상해없음,보행자,여,83세,중상
2022062300100632,2022년 6월 23일 22시,목요일,대전광역시 동구 신흥동,중상사고,0,1,3,0,차대차 - 측면충돌,안전운전불이행,젖음/습기,비,교차로 - 교차로안,승용,남,23세,경상,승합,남,56세,중상
2022062300100660,2022년 6월 23일 23시,목요일,대전광역시 대덕구 중리동,경상사고,0,0,1,0,차대사람 - 기타,안전운전불이행,젖음/습기,비,교차로 - 교차로부근,승용,남,22세,상해없음,보행자,여,32세,경상
2022062300100661,2022년 6월 23일 23시,목요일,대전광역시 유성구 봉명동,경상사고,0,0,1,0,차대사람 - 기타,기타,젖음/습기,비,기타 - 기타,승용,남,49세,상해없음,보행자,여,21세,경상
2022062400100019,2022년 6월 24일 00시,금요일,대전광역시 서구 둔산동,중상사고,0,1,0,0,차대사람 - 기타,안전운전불이행,젖음/습기,비,교차로 - 교차로안,원동기,남,22세,상해없음,보행자,남,26세,중상
2022062400100060,2022년 6월 24일 04시,금요일,대전광역시 중구 용두동,경상사고,0,0,1,0,차대차 - 측면충돌,신호위반,젖음/습기,비,교차로 - 교차로안,화물,남,62세,상해없음,승용,남,51세,경상
2022062400100135,2022년 6월 24일 08시,금요일,대전광역시 서구 월평동,경상사고,0,0,1,0,차대차 - 기타,안전거리미확보,건조,맑음,단일로 - 교량,건설기계,남,51세,상해없음,승용,여,39세,경상
2022062400100136,2022년 6월 24일 08시,금요일,대전광역시 서구 월평동,중상사고,0,1,0,0,차대사람 - 횡단중,보행자보호의무위반,건조,맑음,교차로 - 교차로부근,승용,남,33세,상해없음,보행자,남,80세,중상
2022062400100167,2022년 6월 24일 09시,금요일,대전광역시 서구 가장동,중상사고,0,1,0,0,차대사람 - 기타,기타,건조,맑음,교차로 - 교차로부근,승용,남,70세,상해없음,보행자,여,26세,중상
2022062400100285,2022년 6월 24일 13시,금요일,대전광역시 동구 홍도동,경상사고,0,0,2,0,차대차 - 측면충돌,안전운전불이행,건조,맑음,단일로 - 기타,이륜,남,18세,상해없음,승용,여,68세,경상
2022062400100286,2022년 6월 24일 13시,금요일,대전광역시 동구 가양동,경상사고,0,0,1,0,차대차 - 기타,교차로운행방법위반,건조,맑음,교차로 - 교차로안,승용,여,59세,상해없음,이륜,남,23세,경상
2022062400100287,2022년 6월 24일 13시,금요일,대전광역시 대덕구 신탄진동,경상사고,0,0,3,0,차대차 - 측면충돌,신호위반,건조,맑음,교차로 - 교차로부근,승용,남,63세,상해없음,화물,남,50세,경상
2022062400100288,2022년 6월 24일 13시,금요일,대전광역시 서구 갈마동,경상사고,0,0,1,0,차대차 - 기타,신호위반,건조,맑음,교차로 - 교차로부근,원동기,남,29세,상해없음,원동기,남,57세,경상
2022062400100289,2022년 6월 24일 13시,금요일,대전광역시 유성구 봉명동,경상사고,0,0,2,0,차대차 - 기타,신호위반,건조,맑음,교차로 - 교차로안,승용,남,65세,상해없음,승용,남,52세,상해없음
2022062400100344,2022년 6월 24일 15시,금요일,대전광역시 중구 안영동,경상사고,0,0,5,0,차대차 - 기타,안전운전불이행,건조,맑음,단일로 - 기타,승용,여,76세,경상,승용,남,55세,경상
2022062400100393,2022년 6월 24일 16시,금요일,대전광역시 서구 둔산동,경상사고,0,0,2,0,차대차 - 추돌,안전거리미확보,건조,맑음,단일로 - 기타,승용,남,57세,기타불명,승용,남,54세,경상
2022062400100450,2022년 6월 24일 17시,금요일,대전광역시 중구 태평동,경상사고,0,0,1,0,차대차 - 기타,안전운전불이행,건조,맑음,단일로 - 기타,승용,여,61세,상해없음,자전거,여,6세,경상
2022062400100451,2022년 6월 24일 17시,금요일,대전광역시 중구 호동,경상사고,0,0,1,0,차량단독 - 기타,안전운전불이행,건조,맑음,단일로 - 기타,승합,남,41세,상해없음,,,,
2022062400100452,2022년 6월 24일 17시,금요일,대전광역시 서구 관저동,중상사고,0,1,0,0,차대사람 - 기타,기타,건조,맑음,기타 - 기타,화물,남,48세,상해없음,보행자,여,46세,중상
2022062400100453,2022년 6월 24일 17시,금요일,대전광역시 서구 둔산동,부상신고사고,0,0,0,1,차대차 - 기타,안전운전불이행,건조,맑음,기타 - 기타,승용,남,32세,상해없음,자전거,남,85세,부상신고
2022062400100454,2022년 6월 24일 17시,금요일,대전광역시 유성구 지족동,중상사고,0,1,0,0,차대사람 - 횡단중,보행자보호의무위반,건조,맑음,교차로 - 교차로횡단보도내,화물,남,59세,상해없음,보행자,여,23세,중상
2022062400100455,2022년 6월 24일 17시,금요일,대전광역시 유성구 덕진동,경상사고,0,0,3,0,차대차 - 기타,안전운전불이행,건조,맑음,기타 - 기타,승합,남,48세,경상,승용,남,52세,상해없음
2022062400100502,2022년 6월 24일 18시,금요일,대전광역시 중구 안영동,경상사고,0,0,3,0,차대차 - 기타,직진우회전진행방해,건조,흐림,교차로 - 교차로부근,화물,남,41세,경상,화물,남,68세,경상
2022062400100503,2022년 6월 24일 18시,금요일,대전광역시 동구 대동,경상사고,0,0,2,0,차대사람 - 횡단중,안전운전불이행,건조,맑음,교차로 - 교차로안,이륜,남,28세,경상,보행자,여,61세,경상
2022062400100504,2022년 6월 24일 18시,금요일,대전광역시 대덕구 송촌동,중상사고,0,1,0,0,차대차 - 측면충돌,안전운전불이행,건조,맑음,교차로 - 교차로안,승용,여,52세,상해없음,이륜,남,40세,중상
2022062400100532,2022년 6월 24일 19시,금요일,대전광역시 서구 관저동,경상사고,0,0,1,0,차대차 - 기타,교차로운행방법위반,건조,맑음,교차로 - 교차로횡단보도내,승용,여,63세,기타불명,승용,여,22세,경상
2022062400100533,2022년 6월 24일 19시,금요일,대전광역시 서구 월평동,경상사고,0,0,1,0,차대차 - 정면충돌,신호위반,건조,맑음,교차로 - 교차로안,승용,여,49세,상해없음,원동기,남,34세,경상
2022062400100534,2022년 6월 24일 19시,금요일,대전광역시 서구 갈마동,경상사고,0,0,1,0,차대차 - 측면충돌,안전거리미확보,건조,맑음,단일로 - 기타,승용,여,33세,기타불명,승용,남,30세,경상
2022062400100566,2022년 6월 24일 20시,금요일,대전광역시 동구 삼성동,경상사고,0,0,4,0,차대차 - 기타,신호위반,건조,맑음,교차로 - 교차로안,승용,남,62세,상해없음,승합,남,59세,경상
2022062400100594,2022년 6월 24일 21시,금요일,대전광역시 서구 관저동,경상사고,0,0,1,0,차대차 - 기타,안전운전불이행,건조,맑음,단일로 - 기타,승용,여,49세,상해없음,이륜,남,81세,경상
2022062400100618,2022년 6월 24일 22시,금요일,대전광역시 서구 도마동,경상사고,0,0,3,0,차대차 - 추돌,안전운전불이행,건조,맑음,교차로 - 교차로부근,승용,남,20세,상해없음,승용,여,44세,경상
2022062400100634,2022년 6월 24일 23시,금요일,대전광역시 중구 오류동,중상사고,0,1,0,0,차대차 - 기타,신호위반,건조,맑음,단일로 - 기타,승용,여,31세,상해없음,이륜,남,39세,중상
2022062500100013,2022년 6월 25일 00시,토요일,대전광역시 대덕구 중리동,경상사고,0,0,3,0,차대차 - 기타,안전운전불이행,건조,맑음,단일로 - 기타,승용,남,28세,상해없음,승용,남,50세,상해없음
2022062500100022,2022년 6월 25일 01시,토요일,대전광역시 서구 도마동,경상사고,0,0,2,0,차대차 - 측면충돌,안전운전불이행,건조,맑음,교차로 - 교차로안,이륜,남,20세,기타불명,승용,남,28세,경상
2022062500100043,2022년 6월 25일 03시,토요일,대전광역시 서구 둔산동,경상사고,0,0,1,0,차대사람 - 길가장자리구역통행중,안전운전불이행,건조,맑음,교차로 - 교차로부근,승용,남,19세,상해없음,보행자,여,22세,경상
2022062500100059,2022년 6월 25일 05시,토요일,대전광역시 대덕구 신탄진동,중상사고,0,1,0,0,차대사람 - 기타,안전운전불이행,건조,맑음,기타 - 기타,자전거,남,57세,상해없음,보행자,여,63세,중상
2022062500100078,2022년 6월 25일 07시,토요일,대전광역시 유성구 문지동,경상사고,0,0,1,0,차대차 - 기타,안전운전불이행,건조,맑음,단일로 - 기타,승용,남,23세,상해없음,승용,남,47세,경상
2022062500100085,2022년 6월 25일 07시,토요일,대전광역시 동구 원동,경상사고,0,0,1,0,차대차 - 기타,안전운전불이행,건조,맑음,단일로 - 기타,기타불명,남,54세,상해없음,승용,남,50세,경상
2022062500100137,2022년 6월 25일 09시,토요일,대전광역시 동구 판암동,경상사고,0,0,1,0,차대차 - 기타,기타,건조,맑음,단일로 - 기타,승용,남,68세,상해없음,승합,남,44세,상해없음
2022062500100138,2022년 6월 25일 09시,토요일,대전광역시 유성구 자운동,경상사고,0,0,2,0,차대차 - 측면충돌,교차로운행방법위반,건조,맑음,교차로 - 교차로안,승용,남,53세,상해없음,승용,남,35세,경상