사고번호,사고일시,요일,시군구,사고내용,사망자수,중상자수,경상자수,부상신고자수,사고유형,법규위반,노면상태,기상상태,도로형태,가해운전자 차종,가해운전자 성별,가해운전자 연령,가해운전자 상해정도,피해운전자 차종,피해운전자 성별,피해운전자 연령,피해운전자 상해정도
2022062500100174,2022년 6월 25일 10시,토요일,대전광역시 유성구 지족동,경상사고,0,0,1,0,차대차 - 후진중충돌,안전운전불이행,건조,맑음,단일로 - 기타,승용,남,23세,상해없음,승용,남,35세,경상
2022062500100221,2022년 6월 25일 11시,토요일,대전광역시 유성구 봉명동,경상사고,0,0,2,0,차대차 - 측면충돌,교차로운행방법위반,건조,맑음,교차로 - 교차로안,승용,남,28세,상해없음,승용,남,64세,경상
2022062500100311,2022년 6월 25일 13시,토요일,대전광역시 동구 신상동,경상사고,0,0,1,0,차대차 - 기타,교차로운행방법위반,건조,맑음,교차로 - 교차로안,승용,여,41세,상해없음,승용,남,31세,경상
2022062500100312,2022년 6월 25일 13시,토요일,대전광역시 서구 도마동,중상사고,0,1,1,0,차대차 - 기타,신호위반,건조,맑음,교차로 - 교차로안,이륜,남,41세,중상,승용,남,18세,경상
2022062500100313,2022년 6월 25일 13시,토요일,대전광역시 대덕구 중리동,경상사고,0,0,1,0,차대차 - 추돌,안전운전불이행,건조,맑음,단일로 - 기타,이륜,남,48세,기타불명,승용,여,45세,경상
2022062500100314,2022년 6월 25일 13시,토요일,대전광역시 서구 둔산동,경상사고,0,0,1,0,차대차 - 측면충돌,안전거리미확보,건조,맑음,교차로 - 교차로부근,승용,남,35세,상해없음,승용,남,44세,경상
2022062500100359,2022년 6월 25일 14시,토요일,대전광역시 대덕구 송촌동,경상사고,0,0,2,0,차대차 - 측면충돌,안전운전불이행,건조,맑음,단일로 - 기타,승용,여,62세,상해없음,승합,남,61세,경상
2022062500100360,2022년 6월 25일 14시,토요일,대전광역시 대덕구 덕암동,경상사고,0,0,1,0,차대차 - 측면충돌,안전거리미확보,건조,맑음,교차로 - 교차로안,승용,여,52세,상해없음,자전거,남,24세,경상
2022062500100361,2022년 6월 25일 14시,토요일,대전광역시 대덕구 송촌동,경상사고,0,0,2,0,차대차 - 기타,교차로운행방법위반,건조,맑음,교차로 - 교차로안,승용,남,65세,상해없음,승용,여,51세,경상
2022062500100362,2022년 6월 25일 14시,토요일,대전광역시 서구 둔산동,중상사고,0,1,0,0,차대사람 - 기타,보행자보호의무위반,건조,흐림,교차로 - 교차로횡단보도내,승용,여,77세,상해없음,보행자,여,27세,중상
2022062500100363,2022년 6월 25일 14시,토요일,대전광역시 유성구 원내동,경상사고,0,0,2,0,차대차 - 측면충돌,신호위반,건조,흐림,교차로 - 교차로안,승용,남,28세,경상,승용,여,72세,경상
2022062500100400,2022년 6월 25일 15시,토요일,대전광역시 유성구 구암동,경상사고,0,0,1,0,차대사람 - 기타,안전운전불이행,건조,맑음,단일로 - 기타,승용,여,50세,상해없음,보행자,남,63세,경상
2022062500100434,2022년 6월 25일 16시,토요일,대전광역시 서구 관저동,경상사고,0,0,1,0,차대차 - 기타,신호위반,건조,맑음,교차로 - 교차로안,승용,남,56세,기타불명,승용,남,58세,경상
2022062500100435,2022년 6월 25일 16시,토요일,대전광역시 유성구 지족동,경상사고,0,0,3,0,차대차 - 측면충돌,신호위반,건조,맑음,교차로 - 교차로부근,승용,남,40세,기타불명,승용,남,70세,상해없음
2022062500100436,2022년 6월 25일 16시,토요일,대전광역시 유성구 관평동,경상사고,0,0,1,0,차대차 - 측면충돌,안전운전불이행,건조,맑음,단일로 - 기타,이륜,남,37세,상해없음,승용,여,31세,경상
2022062500100473,2022년 6월 25일 17시,토요일,대전광역시 대덕구 오정동,중상사고,0,2,1,0,차대차 - 기타,안전운전불이행,건조,맑음,단일로 - 기타,승용,남,30세,상해없음,승용,남,65세,경상
2022062500100474,2022년 6월 25일 17시,토요일,대전광역시 서구 만년동,경상사고,0,0,1,0,차량단독 - 기타,안전운전불이행,건조,맑음,단일로 - 기타,승합,남,45세,상해없음,,,,
2022062500100577,2022년 6월 25일 20시,토요일,대전광역시 중구 유천동,경상사고,0,0,3,0,차대차 - 정면충돌,중앙선침범,건조,맑음,교차로 - 교차로부근,화물,남,73세,상해없음,승용,남,51세,경상
2022062500100578,2022년 6월 25일 20시,토요일,대전광역시 서구 갈마동,경상사고,0,0,2,0,차대차 - 기타,안전운전불이행,건조,맑음,교차로 - 교차로안,승용,남,62세,기타불명,승용,남,50세,경상
2022062500100605,2022년 6월 25일 21시,토요일,대전광역시 대덕구 신일동,경상사고,0,0,1,0,차대차 - 측면충돌,안전운전불이행,건조,맑음,단일로 - 기타,승용,여,60세,상해없음,승용,남,27세,경상
2022062500100626,2022년 6월 25일 22시,토요일,대전광역시 유성구 지족동,사망사고,1,0,1,0,차대차 - 정면충돌,중앙선침범,건조,맑음,기타 - 기타,이륜,남,60세,사망,승용,남,31세,경상
2022062500100654,2022년 6월 25일 23시,토요일,대전광역시 서구 탄방동,경상사고,0,0,1,0,차대차 - 기타,안전운전불이행,건조,맑음,단일로 - 기타,화물,남,46세,상해없음,승용,남,40세,경상
2022062500100655,2022년 6월 25일 23시,토요일,대전광역시 서구 둔산동,경상사고,0,0,1,0,차대사람 - 기타,안전운전불이행,건조,맑음,단일로 - 지하차도(도로)내,승용,남,18세,상해없음,보행자,남,31세,경상
2022062600100016,2022년 6월 26일 00시,일요일,대전광역시 서구 갈마동,경상사고,0,0,1,0,차대사람 - 기타,안전운전불이행,건조,맑음,단일로 - 기타,승용,남,54세,상해없음,보행자,남,25세,경상
2022062600100085,2022년 6월 26일 09시,일요일,대전광역시 서구 내동,경상사고,0,0,1,0,차대차 - 측면충돌,안전운전불이행,건조,맑음,단일로 - 기타,승용,남,85세,기타불명,승용,남,43세,경상
2022062600100109,2022년 6월 26일 10시,일요일,대전광역시 중구 용두동,경상사고,0,0,3,0,차대차 - 기타,신호위반,건조,맑음,단일로 - 교량,승용,남,61세,상해없음,화물,남,55세,경상
2022062600100201,2022년 6월 26일 14시,일요일,대전광역시 중구 용두동,경상사고,0,0,1,0,차대차 - 기타,안전운전불이행,젖음/습기,흐림,교차로 - 교차로부근,승용,남,51세,상해없음,이륜,남,72세,경상
2022062600100315,2022년 6월 26일 18시,일요일,대전광역시 동구 대동,경상사고,0,0,1,0,차대사람 - 기타,안전운전불이행,건조,맑음,교차로 - 교차로부근,승용,남,48세,상해없음,보행자,남,33세,경상
2022062600100335,2022년 6월 26일 19시,일요일,대전광역시 서구 둔산동,경상사고,0,0,1,0,차대사람 - 기타,안전운전불이행,건조,맑음,교차로 - 교차로횡단보도내,승용,남,49세,상해없음,보행자,남,33세,경상
2022062600100358,2022년 6월 26일 20시,일요일,대전광역시 동구 가오동,중상사고,0,1,0,0,차대차 - 측면충돌,안전운전불이행,건조,맑음,단일로 - 기타,승용,남,65세,상해없음,원동기,남,57세,중상
2022062600100359,2022년 6월 26일 20시,일요일,대전광역시 서구 변동,경상사고,0,0,1,0,차대차 - 측면충돌,교차로운행방법위반,건조,맑음,교차로 - 교차로안,승용,남,36세,상해없음,승용,남,38세,경상
2022062600100360,2022년 6월 26일 20시,일요일,대전광역시 서구 복수동,경상사고,0,0,1,0,차대사람 - 횡단중,신호위반,건조,맑음,교차로 - 교차로횡단보도내,이륜,남,26세,상해없음,보행자,여,14세,경상
2022062600100380,2022년 6월 26일 21시,일요일,대전광역시 중구 대흥동,경상사고,0,0,1,0,차대사람 - 길가장자리구역통행중,안전운전불이행,건조,맑음,단일로 - 기타,승용,남,66세,상해없음,보행자,남,49세,경상
2022062600100395,2022년 6월 26일 22시,일요일,대전광역시 유성구 원신흥동,경상사고,0,0,1,0,차대차 - 후진중충돌,안전운전불이행,건조,맑음,교차로 - 교차로부근,승용,남,55세,상해없음,이륜,남,41세,경상
2022062700100029,2022년 6월 27일 04시,월요일,대전광역시 중구 부사동,경상사고,0,0,1,0,차대차 - 측면충돌,불법유턴,건조,맑음,교차로 - 교차로부근,화물,남,42세,상해없음,승용,남,47세,경상
2022062700100101,2022년 6월 27일 08시,월요일,대전광역시 유성구 구암동,경상사고,0,0,1,0,차대차 - 추돌,안전운전불이행,건조,맑음,단일로 - 기타,화물,남,53세,상해없음,승용,여,29세,경상
2022062700100117,2022년 6월 27일 08시,월요일,대전광역시 서구 둔산동,경상사고,0,0,1,1,차대차 - 측면충돌,안전운전불이행,건조,맑음,교차로 - 교차로부근,승용,남,41세,경상,승용,남,35세,부상신고
2022062700100118,2022년 6월 27일 08시,월요일,대전광역시 유성구 봉명동,경상사고,0,0,1,0,차대차 - 추돌,안전거리미확보,건조,맑음,교차로 - 교차로부근,승용,남,35세,상해없음,승용,여,36세,경상
2022062700100212,2022년 6월 27일 11시,월요일,대전광역시 동구 효동,경상사고,0,0,1,0,차대차 - 측면충돌,안전운전불이행,건조,맑음,교차로 - 교차로안,승합,남,70세,상해없음,자전거,남,82세,경상
2022062700100245,2022년 6월 27일 12시,월요일,대전광역시 유성구 구암동,경상사고,0,0,1,0,차대차 - 측면충돌,안전거리미확보,건조,맑음,단일로 - 기타,승용,남,54세,상해없음,승용,여,35세,경상
2022062700100246,2022년 6월 27일 12시,월요일,대전광역시 유성구 신성동,경상사고,0,0,1,0,차대사람 - 기타,안전운전불이행,건조,맑음,단일로 - 기타,승용,여,64세,상해없음,보행자,여,58세,경상
2022062700100306,2022년 6월 27일 14시,월요일,대전광역시 중구 대흥동,경상사고,0,0,4,0,차대차 - 측면충돌,신호위반,건조,맑음,교차로 - 교차로안,승용,여,61세,상해없음,승용,여,55세,경상
2022062700100307,2022년 6월 27일 14시,월요일,대전광역시 서구 월평동,경상사고,0,0,2,0,차대차 - 기타,안전운전불이행,젖음/습기,흐림,교차로 - 교차로부근,승용,남,42세,상해없음,승용,여,40세,경상
2022062700100308,2022년 6월 27일 14시,월요일,대전광역시 유성구 노은동,경상사고,0,0,1,0,차대차 - 정면충돌,안전운전불이행,젖음/습기,비,교차로 - 교차로안,승용,남,50세,상해없음,원동기,남,38세,경상
2022062700100375,2022년 6월 27일 16시,월요일,대전광역시 유성구 관평동,중상사고,0,1,1,0,차대차 - 기타,교차로운행방법위반,건조,맑음,교차로 - 교차로안,승용,여,61세,중상,승용,여,39세,경상
2022062700100409,2022년 6월 27일 17시,월요일,대전광역시 동구 천동,중상사고,0,1,0,0,차대사람 - 횡단중,보행자보호의무위반,건조,맑음,교차로 - 교차로안,승합,남,49세,상해없음,보행자,남,8세,중상
2022062700100410,2022년 6월 27일 17시,월요일,대전광역시 서구 괴정동,경상사고,0,0,1,0,차대차 - 기타,직진우회전진행방해,건조,맑음,교차로 - 교차로안,화물,남,61세,상해없음,이륜,남,24세,경상
2022062700100411,2022년 6월 27일 17시,월요일,대전광역시 서구 도안동,중상사고,0,1,0,0,차대차 - 정면충돌,신호위반,건조,맑음,교차로 - 교차로안,승용,남,30세,상해없음,승용,여,54세,중상
2022062700100412,2022년 6월 27일 17시,월요일,대전광역시 대덕구 신탄진동,중상사고,0,1,0,0,차대차 - 기타,안전운전불이행,젖음/습기,맑음,단일로 - 기타,승용,남,69세,상해없음,자전거,남,55세,중상
2022062700100501,2022년 6월 27일 20시,월요일,대전광역시 중구 오류동,경상사고,0,0,1,0,차대사람 - 길가장자리구역통행중,안전운전불이행,건조,맑음,교차로 - 교차로안,승용,남,51세,상해없음,보행자,여,22세,경상
2022062700100502,2022년 6월 27일 20시,월요일,대전광역시 중구 선화동,경상사고,0,0,1,0,차대사람 - 기타,안전운전불이행,건조,맑음,기타 - 기타,기타불명,기타불명,미분류,기타불명,보행자,남,64세,경상
2022062700100522,2022년 6월 27일 21시,월요일,대전광역시 중구 오류동,경상사고,0,0,1,0,차대차 - 기타,안전거리미확보,건조,맑음,단일로 - 기타,승용,남,38세,상해없음,승용,여,53세,상해없음
2022062700100523,2022년 6월 27일 21시,월요일,대전광역시 서구 도안동,경상사고,0,0,1,0,차대차 - 측면충돌,신호위반,건조,맑음,교차로 - 교차로부근,승용,여,55세,상해없음,승용,남,55세,경상
2022062800100012,2022년 6월 28일 00시,화요일,대전광역시 중구 중촌동,경상사고,0,0,2,0,차대차 - 기타,신호위반,건조,맑음,교차로 - 교차로안,승용,남,74세,경상,화물,남,53세,경상
2022062800100018,2022년 6월 28일 01시,화요일,대전광역시 서구 월평동,중상사고,0,1,0,0,차대사람 - 기타,안전운전불이행,건조,맑음,단일로 - 기타,승용,남,45세,상해없음,보행자,여,40세,중상
2022062800100025,2022년 6월 28일 02시,화요일,대전광역시 서구 갈마동,경상사고,0,0,1,0,차대차 - 측면충돌,안전거리미확보,건조,맑음,교차로 - 교차로부근,승용,남,47세,상해없음,승용,여,56세,경상
2022062800100030,2022년 6월 28일 03시,화요일,대전광역시 서구 갈마동,경상사고,0,0,1,0,차대차 - 측면충돌,안전거리미확보,건조,맑음,교차로 - 교차로안,승용,남,67세,상해없음,승용,남,25세,경상
2022062800100049,2022년 6월 28일 06시,화요일,대전광역시 서구 용문동,경상사고,0,0,1,0,차대차 - 측면충돌,안전거리미확보,건조,맑음,단일로 - 기타,화물,남,67세,기타불명,승용,남,45세,경상
2022062800100098,2022년 6월 28일 08시,화요일,대전광역시 대덕구 오정동,경상사고,0,0,1,0,차대차 - 기타,안전운전불이행,건조,맑음,기타 - 기타,승용,남,23세,기타불명,자전거,남,57세,경상
2022062800100099,2022년 6월 28일 08시,화요일,대전광역시 유성구 용산동,경상사고,0,0,1,0,차대차 - 기타,안전운전불이행,건조,맑음,교차로 - 교차로안,승용,남,45세,상해없음,승용,여,29세,경상
2022062800100130,2022년 6월 28일 09시,화요일,대전광역시 동구 용전동,중상사고,0,1,0,0,차대차 - 측면충돌,신호위반,건조,맑음,교차로 - 교차로안,승용,여,59세,상해없음,이륜,남,82세,중상
2022062800100131,2022년 6월 28일 09시,화요일,대전광역시 대덕구 신일동,경상사고,0,0,1,0,차대차 - 측면충돌,안전운전불이행,건조,맑음,교차로 - 교차로부근,건설기계,남,58세,상해없음,승용,남,25세,경상
2022062800100163,2022년 6월 28일 10시,화요일,대전광역시 중구 대흥동,경상사고,0,0,1,0,차대차 - 기타,차로위반,건조,맑음,단일로 - 기타,승용,남,43세,상해없음,이륜,남,67세,경상
2022062800100188,2022년 6월 28일 11시,화요일,대전광역시 서구 도마동,중상사고,0,1,0,0,차대차 - 측면충돌,안전거리미확보,건조,맑음,단일로 - 기타,자전거,남,81세,중상,승용,여,37세,상해없음
2022062800100189,2022년 6월 28일 11시,화요일,대전광역시 서구 용문동,경상사고,0,0,2,0,차대차 - 측면충돌,신호위반,건조,맑음,교차로 - 교차로안,승용,남,63세,상해없음,특수,남,23세,경상
2022062800100279,2022년 6월 28일 14시,화요일,대전광역시 동구 중동,중상사고,0,1,0,0,차대차 - 기타,교차로운행방법위반,건조,맑음,교차로 - 교차로안,승용,여,42세,상해없음,원동기,남,84세,중상
2022062800100280,2022년 6월 28일 14시,화요일,대전광역시 서구 둔산동,중상사고,0,1,1,0,차대차 - 기타,안전운전불이행,건조,맑음,교차로 - 교차로부근,승합,남,87세,경상,승용,여,50세,중상
2022062800100316,2022년 6월 28일 15시,화요일,대전광역시 중구 선화동,중상사고,0,4,0,0,차대차 - 기타,차로위반,건조,맑음,단일로 - 기타,승용,여,33세,상해없음,승용,여,43세,중상
2022062800100317,2022년 6월 28일 15시,화요일,대전광역시 동구 용전동,경상사고,0,0,1,0,차대차 - 기타,신호위반,건조,맑음,교차로 - 교차로안,승합,남,55세,상해없음,특수,남,41세,경상
2022062800100318,2022년 6월 28일 15시,화요일,대전광역시 동구 성남동,경상사고,0,0,1,0,차대차 - 정면충돌,안전운전불이행,건조,맑음,교차로 - 교차로안,승용,남,63세,상해없음,이륜,남,75세,경상
2022062800100319,2022년 6월 28일 15시,화요일,대전광역시 서구 괴정동,중상사고,0,1,0,0,차대차 - 측면충돌,중앙선침범,건조,맑음,단일로 - 기타,승용,여,42세,상해없음,이륜,남,36세,중상
2022062800100320,2022년 6월 28일 15시,화요일,대전광역시 서구 만년동,경상사고,0,0,1,0,차대차 - 추돌,기타,건조,맑음,교차로 - 교차로안,개인형이동수단(PM),여,34세,상해없음,개인형이동수단(PM),남,31세,경상
2022062800100360,2022년 6월 28일 16시,화요일,대전광역시 동구 가오동,중상사고,0,1,1,0,차대차 - 측면충돌,안전운전불이행,건조,맑음,교차로 - 교차로안,승용,남,62세,경상,승용,여,45세,중상
2022062800100390,2022년 6월 28일 17시,화요일,대전광역시 중구 문화동,경상사고,0,0,1,0,차대차 - 기타,안전운전불이행,건조,맑음,교차로 - 교차로부근,승용,남,59세,상해없음,화물,남,46세,경상
2022062800100391,2022년 6월 28일 17시,화요일,대전광역시 중구 문화동,경상사고,0,0,1,0,차대차 - 기타,안전운전불이행,건조,맑음,교차로 - 교차로안,화물,남,60세,상해없음,승용,여,63세,경상
2022062800100434,2022년 6월 28일 18시,화요일,대전광역시 중구 안영동,경상사고,0,0,3,0,차대차 - 기타,안전운전불이행,건조,맑음,단일로 - 기타,승용,남,62세,상해없음,승용,남,58세,경상
2022062800100435,2022년 6월 28일 18시,화요일,대전광역시 중구 목동,경상사고,0,0,1,0,차대차 - 기타,직진우회전진행방해,건조,맑음,교차로 - 교차로안,승용,남,70세,상해없음,승용,남,59세,경상
2022062800100466,2022년 6월 28일 19시,화요일,대전광역시 서구 도안동,경상사고,0,0,1,0,차대차 - 기타,안전운전불이행,건조,맑음,교차로 - 교차로횡단보도내,기타불명,기타불명,미분류,기타불명,자전거,남,24세,경상
2022062800100467,2022년 6월 28일 19시,화요일,대전광역시 대덕구 평촌동,경상사고,0,0,1,0,차대사람 - 보도통행중,보행자보호의무위반,건조,맑음,교차로 - 교차로부근,승용,남,52세,상해없음,보행자,남,46세,경상
2022062800100468,2022년 6월 28일 19시,화요일,대전광역시 유성구 봉명동,중상사고,0,1,0,0,차대사람 - 횡단중,보행자보호의무위반,건조,맑음,교차로 - 교차로횡단보도내,승용,남,54세,상해없음,보행자,여,29세,중상
2022062800100504,2022년 6월 28일 20시,화요일,대전광역시 서구 둔산동,경상사고,0,0,1,0,차대사람 - 길가장자리구역통행중,안전운전불이행,건조,맑음,단일로 - 기타,승용,남,28세,상해없음,보행자,여,22세,경상
2022062800100531,2022년 6월 28일 21시,화요일,대전광역시 중구 문화동,경상사고,0,0,1,0,차대차 - 추돌,안전거리미확보,건조,맑음,단일로 - 기타,승용,남,42세,상해없음,승용,남,65세,경상
2022062800100532,2022년 6월 28일 21시,화요일,대전광역시 동구 용전동,경상사고,0,0,2,0,차대차 - 추돌,안전거리미확보,건조,맑음,교차로 - 교차로부근,승용,남,70세,기타불명,승용,남,59세,경상
2022062800100574,2022년 6월 28일 23시,화요일,대전광역시 동구 신흥동,경상사고,0,0,2,0,차대차 - 추돌,안전운전불이행,건조,맑음,교차로 - 교차로부근,승용,남,48세,상해없음,승용,남,34세,경상
2022062900100012,2022년 6월 29일 00시,수요일,대전광역시 유성구 신성동,중상사고,0,2,0,0,차대차 - 측면충돌,기타,건조,맑음,교차로 - 교차로안,승용,남,49세,상해없음,승용,남,69세,중상
2022062900100021,2022년 6월 29일 01시,수요일,대전광역시 중구 산성동,경상사고,0,0,1,0,차량단독 - 기타,안전운전불이행,건조,맑음,단일로 - 기타,승용,남,49세,상해없음,,,,
2022062900100146,2022년 6월 29일 09시,수요일,대전광역시 중구 오류동,중상사고,0,1,0,0,차대사람 - 횡단중,보행자보호의무위반,건조,맑음,교차로 - 교차로부근,승용,여,38세,상해없음,보행자,남,72세,중상
2022062900100305,2022년 6월 29일 14시,수요일,대전광역시 서구 도안동,경상사고,0,0,1,0,차대차 - 추돌,안전운전불이행,건조,맑음,교차로 - 교차로부근,화물,남,75세,상해없음,승합,여,45세,경상
2022062900100306,2022년 6월 29일 14시,수요일,대전광역시 서구 용문동,경상사고,0,0,3,0,차대차 - 기타,안전운전불이행,건조,맑음,단일로 - 기타,승용,남,70세,경상,승용,여,47세,경상
2022062900100307,2022년 6월 29일 14시,수요일,대전광역시 유성구 궁동,경상사고,0,0,1,0,차대차 - 기타,안전운전불이행,건조,맑음,교차로 - 교차로부근,승용,남,68세,기타불명,승합,남,58세,경상
2022062900100343,2022년 6월 29일 15시,수요일,대전광역시 중구 선화동,경상사고,0,0,2,0,차대차 - 측면충돌,안전운전불이행,건조,맑음,단일로 - 기타,이륜,남,78세,상해없음,승용,여,44세,경상
2022062900100344,2022년 6월 29일 15시,수요일,대전광역시 서구 내동,중상사고,0,1,0,0,차대차 - 기타,안전운전불이행,건조,맑음,단일로 - 기타,승용,여,37세,상해없음,자전거,여,58세,중상
2022062900100378,2022년 6월 29일 16시,수요일,대전광역시 동구 중동,경상사고,0,0,1,0,차대차 - 추돌,안전운전불이행,건조,흐림,기타 - 기타,승용,남,61세,상해없음,승합,남,54세,경상
2022062900100489,2022년 6월 29일 19시,수요일,대전광역시 서구 갈마동,부상신고사고,0,0,0,1,차대사람 - 기타,기타,젖음/습기,비,기타 - 기타,승용,남,51세,상해없음,보행자,남,67세,부상신고
2022062900100490,2022년 6월 29일 19시,수요일,대전광역시 서구 갈마동,경상사고,0,0,1,0,차대차 - 기타,신호위반,젖음/습기,비,단일로 - 기타,승용,남,30세,상해없음,승용,남,26세,상해없음
2022062900100491,2022년 6월 29일 19시,수요일,대전광역시 유성구 원내동,경상사고,0,0,1,0,차대차 - 기타,안전운전불이행,젖음/습기,비,기타 - 기타,승용,남,52세,상해없음,이륜,남,31세,경상
2022062900100575,2022년 6월 29일 22시,수요일,대전광역시 동구 정동,중상사고,0,1,0,0,차대사람 - 기타,안전운전불이행,젖음/습기,비,단일로 - 기타,이륜,남,45세,기타불명,보행자,남,61세,중상
2022062900100576,2022년 6월 29일 22시,수요일,대전광역시 서구 변동,경상사고,0,0,1,0,차대차 - 추돌,안전거리미확보,젖음/습기,비,교차로 - 교차로부근,승합,남,41세,경상,승용,남,62세,상해없음
2022063000100037,2022년 6월 30일 01시,목요일,대전광역시 중구 유천동,중상사고,0,1,0,0,차대사람 - 길가장자리구역통행중,안전운전불이행,건조,맑음,단일로 - 기타,승용,남,47세,상해없음,보행자,여,65세,중상
2022063000100038,2022년 6월 30일 01시,목요일,대전광역시 서구 월평동,중상사고,0,1,1,0,차대사람 - 횡단중,보행자보호의무위반,젖음/습기,비,단일로 - 기타,이륜,남,19세,상해없음,보행자,여,53세,중상
2022063000100134,2022년 6월 30일 08시,목요일,대전광역시 서구 가장동,경상사고,0,0,1,0,차대사람 - 횡단중,안전운전불이행,건조,맑음,단일로 - 기타,승용,여,53세,상해없음,보행자,남,40세,경상
2022063000100135,2022년 6월 30일 08시,목요일,대전광역시 대덕구 오정동,경상사고,0,0,1,0,차대차 - 기타,기타,건조,맑음,단일로 - 교량,승용,남,42세,상해없음,승용,남,46세,경상
2022063000100136,2022년 6월 30일 08시,목요일,대전광역시 서구 만년동,경상사고,0,0,1,0,차대차 - 기타,신호위반,건조,맑음,교차로 - 교차로안,승용,남,62세,상해없음,승용,여,62세,경상
2022063000100197,2022년 6월 30일 10시,목요일,대전광역시 서구 가장동,중상사고,0,1,0,0,차대사람 - 기타,안전운전불이행,건조,맑음,교차로 - 교차로부근,승합,남,29세,상해없음,보행자,남,74세,중상
2022063000100198,2022년 6월 30일 10시,목요일,대전광역시 서구 둔산동,경상사고,0,0,1,0,차대사람 - 횡단중,보행자보호의무위반,건조,맑음,교차로 - 교차로횡단보도내,승용,여,61세,상해없음,보행자,여,25세,경상
2022063000100218,2022년 6월 30일 11시,목요일,대전광역시 유성구 지족동,경상사고,0,0,2,0,차대차 - 기타,안전운전불이행,건조,맑음,단일로 - 기타,승용,여,38세,상해없음,승용,여,66세,경상
2022063000100294,2022년 6월 30일 14시,목요일,대전광역시 유성구 지족동,경상사고,0,0,1,0,차대사람 - 기타,안전운전불이행,건조,맑음,단일로 - 기타,자전거,남,25세,상해없음,보행자,여,66세,경상
2022063000100326,2022년 6월 30일 15시,목요일,대전광역시 서구 월평동,경상사고,0,0,3,0,차대차 - 기타,안전운전불이행,건조,맑음,단일로 - 기타,승용,여,62세,상해없음,승용,남,66세,경상
2022063000100364,2022년 6월 30일 16시,목요일,대전광역시 서구 가수원동,경상사고,0,0,1,0,차대차 - 기타,안전운전불이행,건조,맑음,단일로 - 기타,승용,남,33세,상해없음,이륜,남,59세,경상
2022063000100365,2022년 6월 30일 16시,목요일,대전광역시 유성구 도룡동,경상사고,0,0,2,0,차대차 - 기타,안전운전불이행,건조,흐림,교차로 - 교차로횡단보도내,승용,여,48세,상해없음,승용,남,28세,경상
2022063000100412,2022년 6월 30일 17시,목요일,대전광역시 대덕구 중리동,경상사고,0,0,1,0,차대차 - 측면충돌,안전운전불이행,젖음/습기,비,교차로 - 교차로안,승용,남,84세,상해없음,이륜,남,35세,경상
2022063000100455,2022년 6월 30일 18시,목요일,대전광역시 동구 성남동,경상사고,0,0,1,0,차대차 - 측면충돌,신호위반,건조,맑음,교차로 - 교차로안,승용,남,52세,상해없음,승용,남,41세,경상
2022063000100456,2022년 6월 30일 18시,목요일,대전광역시 서구 복수동,경상사고,0,0,1,0,차대차 - 후진중충돌,안전운전불이행,건조,맑음,단일로 - 기타,화물,남,58세,상해없음,승용,여,54세,경상
2022063000100457,2022년 6월 30일 18시,목요일,대전광역시 대덕구 법동,경상사고,0,0,2,0,차대차 - 기타,교차로운행방법위반,건조,맑음,교차로 - 교차로안,승용,남,33세,기타불명,승용,남,24세,경상
2022063000100458,2022년 6월 30일 18시,목요일,대전광역시 서구 갈마동,경상사고,0,0,2,0,차대차 - 정면충돌,안전운전불이행,건조,맑음,단일로 - 기타,이륜,남,27세,경상,승용,남,61세,경상
2022063000100489,2022년 6월 30일 19시,목요일,대전광역시 서구 관저동,중상사고,0,1,1,0,차대차 - 측면충돌,신호위반,건조,맑음,교차로 - 교차로안,이륜,남,49세,경상,이륜,남,48세,중상
2022063000100490,2022년 6월 30일 19시,목요일,대전광역시 서구 만년동,경상사고,0,0,1,0,차대차 - 측면충돌,안전거리미확보,건조,맑음,단일로 - 기타,승용,여,48세,기타불명,승용,남,34세,경상
2022063000100521,2022년 6월 30일 20시,목요일,대전광역시 유성구 전민동,경상사고,0,0,1,0,차대사람 - 기타,안전운전불이행,건조,맑음,단일로 - 기타,자전거,남,49세,상해없음,보행자,남,66세,경상
2022063000100612,2022년 6월 30일 23시,목요일,대전광역시 중구 대흥동,경상사고,0,0,1,0,차대차 - 기타,안전운전불이행,건조,맑음,교차로 - 교차로안,승용,남,39세,상해없음,승용,남,52세,경상
2022070100100023,2022년 7월 1일 01시,금요일,대전광역시 서구 괴정동,경상사고,0,0,1,0,차대사람 - 횡단중,신호위반,건조,맑음,교차로 - 교차로횡단보도내,승용,남,67세,상해없음,보행자,남,22세,경상
2022070100100030,2022년 7월 1일 03시,금요일,대전광역시 유성구 반석동,경상사고,0,0,1,0,차대차 - 측면충돌,안전운전불이행,젖음/습기,흐림,교차로 - 교차로안,승용,남,51세,상해없음,승용,여,22세,경상
2022070100100036,2022년 7월 1일 04시,금요일,대전광역시 유성구 도룡동,경상사고,0,0,2,0,차량단독 - 공작물충돌,안전운전불이행,건조,맑음,교차로 - 교차로부근,승용,남,61세,상해없음,,,,
2022070100100118,2022년 7월 1일 08시,금요일,대전광역시 서구 용문동,중상사고,0,2,1,0,차대차 - 기타,안전운전불이행,건조,맑음,단일로 - 기타,승용,여,46세,상해없음,승용,남,40세,경상
2022070100100193,2022년 7월 1일 10시,금요일,대전광역시 대덕구 중리동,경상사고,0,0,1,0,차대차 - 측면충돌,안전거리미확보,건조,맑음,단일로 - 기타,승용,남,75세,상해없음,승용,남,31세,경상