사고번호,사고일시,요일,시군구,사고내용,사망자수,중상자수,경상자수,부상신고자수,사고유형,법규위반,노면상태,기상상태,도로형태,가해운전자 차종,가해운전자 성별,가해운전자 연령,가해운전자 상해정도,피해운전자 차종,피해운전자 성별,피해운전자 연령,피해운전자 상해정도
2022070700100311,2022년 7월 7일 13시,목요일,대전광역시 서구 탄방동,경상사고,0,0,1,0,차대차 - 기타,안전운전불이행,건조,맑음,교차로 - 교차로안,승용,남,74세,상해없음,이륜,남,32세,경상
2022070700100363,2022년 7월 7일 15시,목요일,대전광역시 동구 인동,경상사고,0,0,1,0,차대차 - 기타,신호위반,건조,맑음,교차로 - 교차로횡단보도내,승용,여,55세,상해없음,자전거,여,61세,경상
2022070700100364,2022년 7월 7일 15시,목요일,대전광역시 유성구 원신흥동,경상사고,0,0,2,0,차대차 - 추돌,안전운전불이행,건조,맑음,교차로 - 교차로부근,승용,여,36세,상해없음,승용,남,49세,경상
2022070700100452,2022년 7월 7일 17시,목요일,대전광역시 동구 판암동,중상사고,0,1,1,0,차대차 - 기타,신호위반,건조,맑음,교차로 - 교차로부근,이륜,남,26세,중상,승합,남,31세,경상
2022070700100488,2022년 7월 7일 18시,목요일,대전광역시 대덕구 중리동,경상사고,0,0,1,0,차대차 - 기타,안전운전불이행,젖음/습기,비,교차로 - 교차로안,승합,여,37세,상해없음,이륜,남,19세,경상
2022070700100559,2022년 7월 7일 20시,목요일,대전광역시 동구 용운동,경상사고,0,0,1,0,차대차 - 측면충돌,중앙선침범,건조,맑음,단일로 - 기타,승용,남,57세,상해없음,이륜,남,40세,경상
2022070700100628,2022년 7월 7일 23시,목요일,대전광역시 서구 도마동,경상사고,0,0,1,0,차대차 - 측면충돌,안전거리미확보,건조,맑음,단일로 - 기타,화물,남,63세,기타불명,승용,남,25세,경상
2022070800100040,2022년 7월 8일 05시,금요일,대전광역시 서구 관저동,경상사고,0,0,4,0,차대차 - 추돌,안전운전불이행,젖음/습기,비,교차로 - 교차로안,승용,여,40세,경상,승용,남,68세,경상
2022070800100121,2022년 7월 8일 08시,금요일,대전광역시 중구 선화동,중상사고,0,1,0,0,차대사람 - 기타,안전운전불이행,건조,맑음,기타 - 기타,승합,남,64세,상해없음,보행자,여,61세,중상
2022070800100158,2022년 7월 8일 09시,금요일,대전광역시 대덕구 중리동,경상사고,0,0,2,0,차대차 - 기타,안전운전불이행,건조,맑음,단일로 - 기타,승용,남,63세,상해없음,승용,남,83세,경상
2022070800100159,2022년 7월 8일 09시,금요일,대전광역시 서구 탄방동,경상사고,0,0,1,0,차대차 - 기타,안전운전불이행,건조,맑음,교차로 - 교차로부근,원동기,남,21세,상해없음,승용,여,69세,경상
2022070800100181,2022년 7월 8일 10시,금요일,대전광역시 서구 갈마동,경상사고,0,0,1,0,차대차 - 측면충돌,신호위반,건조,맑음,교차로 - 교차로안,승용,남,66세,기타불명,승용,남,73세,경상
2022070800100182,2022년 7월 8일 10시,금요일,대전광역시 유성구 방동,경상사고,0,0,2,0,차대차 - 기타,안전거리미확보,건조,맑음,단일로 - 기타,화물,남,67세,상해없음,승용,여,44세,경상
2022070800100214,2022년 7월 8일 11시,금요일,대전광역시 유성구 궁동,경상사고,0,0,1,0,차대차 - 기타,안전운전불이행,건조,맑음,단일로 - 기타,화물,남,67세,상해없음,승용,여,43세,경상
2022070800100252,2022년 7월 8일 12시,금요일,대전광역시 동구 가오동,경상사고,0,0,1,0,차대차 - 기타,안전운전불이행,건조,맑음,단일로 - 기타,건설기계,남,44세,상해없음,이륜,남,43세,경상
2022070800100284,2022년 7월 8일 13시,금요일,대전광역시 대덕구 오정동,경상사고,0,0,1,0,차대사람 - 길가장자리구역통행중,안전운전불이행,건조,맑음,단일로 - 기타,승용,남,71세,상해없음,보행자,남,53세,경상
2022070800100319,2022년 7월 8일 14시,금요일,대전광역시 유성구 장대동,경상사고,0,0,2,0,차대차 - 측면충돌,안전운전불이행,건조,맑음,교차로 - 교차로안,승용,여,34세,상해없음,승용,여,49세,경상
2022070800100351,2022년 7월 8일 15시,금요일,대전광역시 중구 문화동,경상사고,0,0,2,0,차대차 - 기타,교차로운행방법위반,건조,맑음,교차로 - 교차로부근,승용,여,44세,상해없음,승용,남,74세,경상
2022070800100352,2022년 7월 8일 15시,금요일,대전광역시 서구 괴정동,경상사고,0,0,1,0,차대차 - 기타,신호위반,건조,맑음,교차로 - 교차로안,승용,남,50세,상해없음,자전거,남,10세,경상
2022070800100384,2022년 7월 8일 16시,금요일,대전광역시 동구 가양동,경상사고,0,0,1,0,차대차 - 측면충돌,안전운전불이행,건조,맑음,단일로 - 기타,승용,남,59세,상해없음,승용,남,67세,경상
2022070800100385,2022년 7월 8일 16시,금요일,대전광역시 유성구 덕명동,경상사고,0,0,1,0,차대차 - 측면충돌,안전운전불이행,건조,맑음,교차로 - 교차로안,화물,남,40세,상해없음,승합,여,20세,경상
2022070800100435,2022년 7월 8일 17시,금요일,대전광역시 동구 가양동,중상사고,0,1,0,0,차량단독 - 기타,기타,건조,맑음,단일로 - 기타,승합,남,51세,상해없음,,,,
2022070800100436,2022년 7월 8일 17시,금요일,대전광역시 대덕구 오정동,경상사고,0,0,1,0,차대차 - 기타,안전거리미확보,건조,맑음,단일로 - 기타,승용,여,29세,상해없음,승용,남,38세,경상
2022070800100487,2022년 7월 8일 18시,금요일,대전광역시 대덕구 읍내동,중상사고,0,1,0,0,차대차 - 추돌,안전운전불이행,건조,맑음,교차로 - 교차로부근,승용,여,49세,상해없음,이륜,남,62세,중상
2022070800100488,2022년 7월 8일 18시,금요일,대전광역시 서구 탄방동,경상사고,0,0,1,0,차대사람 - 기타,안전운전불이행,건조,맑음,교차로 - 교차로안,승용,여,62세,상해없음,보행자,여,30세,경상
2022070800100489,2022년 7월 8일 18시,금요일,대전광역시 서구 둔산동,경상사고,0,0,2,0,차대차 - 측면충돌,안전운전불이행,건조,맑음,교차로 - 교차로부근,승용,여,21세,상해없음,승용,여,52세,경상
2022070800100490,2022년 7월 8일 18시,금요일,대전광역시 유성구 구암동,경상사고,0,0,1,0,차대차 - 측면충돌,신호위반,건조,맑음,교차로 - 교차로안,승용,여,29세,상해없음,승용,남,27세,경상
2022070800100552,2022년 7월 8일 20시,금요일,대전광역시 동구 성남동,경상사고,0,0,2,0,차대차 - 추돌,안전운전불이행,건조,맑음,교차로 - 교차로부근,승용,남,27세,상해없음,승용,남,28세,경상
2022070800100611,2022년 7월 8일 22시,금요일,대전광역시 서구 월평동,경상사고,0,0,1,0,차대차 - 기타,중앙선침범,건조,맑음,기타 - 기타,기타불명,기타불명,미분류,기타불명,승용,남,68세,상해없음
2022070800100633,2022년 7월 8일 23시,금요일,대전광역시 서구 괴정동,경상사고,0,0,2,0,차대차 - 기타,안전운전불이행,건조,맑음,교차로 - 교차로안,승용,남,24세,상해없음,승용,여,31세,경상
2022070800100634,2022년 7월 8일 23시,금요일,대전광역시 유성구 갑동,중상사고,0,1,1,0,차대차 - 측면충돌,안전운전불이행,건조,맑음,단일로 - 기타,승용,남,67세,상해없음,승용,남,54세,경상
2022070800100635,2022년 7월 8일 23시,금요일,대전광역시 유성구 송강동,경상사고,0,0,2,0,차대차 - 정면충돌,중앙선침범,건조,맑음,교차로 - 교차로부근,승용,남,37세,상해없음,승용,남,51세,경상
2022070900100055,2022년 7월 9일 04시,토요일,대전광역시 동구 가양동,경상사고,0,0,1,0,차대차 - 기타,안전운전불이행,건조,맑음,교차로 - 교차로안,화물,남,55세,상해없음,승용,남,72세,경상
2022070900100131,2022년 7월 9일 09시,토요일,대전광역시 유성구 구암동,경상사고,0,0,2,0,차대차 - 기타,안전운전불이행,건조,맑음,단일로 - 기타,승용,여,21세,상해없음,승용,남,37세,경상
2022070900100166,2022년 7월 9일 10시,토요일,대전광역시 서구 변동,경상사고,0,0,1,0,차대차 - 측면충돌,안전거리미확보,건조,맑음,단일로 - 기타,승용,여,67세,상해없음,승용,남,62세,경상
2022070900100223,2022년 7월 9일 12시,토요일,대전광역시 대덕구 송촌동,중상사고,0,1,0,0,차대사람 - 기타,보행자보호의무위반,건조,맑음,교차로 - 교차로횡단보도내,승용,남,46세,상해없음,보행자,여,63세,중상
2022070900100267,2022년 7월 9일 13시,토요일,대전광역시 중구 선화동,경상사고,0,0,1,0,차대차 - 기타,안전운전불이행,건조,맑음,교차로 - 교차로부근,이륜,남,30세,상해없음,승용,남,32세,경상
2022070900100305,2022년 7월 9일 14시,토요일,대전광역시 서구 도안동,경상사고,0,0,1,0,차대차 - 기타,신호위반,젖음/습기,흐림,교차로 - 교차로안,승용,남,62세,상해없음,이륜,남,35세,경상
2022070900100306,2022년 7월 9일 14시,토요일,대전광역시 서구 탄방동,경상사고,0,0,1,0,차대차 - 추돌,안전운전불이행,건조,맑음,단일로 - 기타,승용,남,78세,상해없음,이륜,남,44세,경상
2022070900100340,2022년 7월 9일 15시,토요일,대전광역시 중구 중촌동,중상사고,0,1,1,0,차대차 - 기타,안전운전불이행,건조,맑음,기타 - 기타,자전거,여,62세,중상,개인형이동수단(PM),남,21세,경상
2022070900100341,2022년 7월 9일 15시,토요일,대전광역시 중구 오류동,경상사고,0,0,2,0,차대차 - 추돌,안전거리미확보,건조,맑음,단일로 - 기타,승용,남,52세,상해없음,승용,남,65세,경상
2022070900100342,2022년 7월 9일 15시,토요일,대전광역시 서구 가수원동,경상사고,0,0,1,0,차대차 - 측면충돌,교차로운행방법위반,건조,맑음,단일로 - 기타,개인형이동수단(PM),남,15세,기타불명,승용,남,45세,상해없음
2022070900100343,2022년 7월 9일 15시,토요일,대전광역시 유성구 화암동,중상사고,0,1,0,0,차량단독 - 기타,안전운전불이행,건조,맑음,단일로 - 기타,승합,남,66세,상해없음,,,,
2022070900100381,2022년 7월 9일 16시,토요일,대전광역시 서구 둔산동,중상사고,0,2,0,0,차대차 - 기타,안전운전불이행,건조,맑음,교차로 - 교차로안,승용,여,43세,상해없음,승용,여,75세,중상
2022070900100382,2022년 7월 9일 16시,토요일,대전광역시 유성구 장대동,경상사고,0,0,2,0,차대차 - 측면충돌,안전거리미확보,건조,맑음,교차로 - 교차로부근,승용,여,33세,상해없음,승용,남,25세,경상
2022070900100383,2022년 7월 9일 16시,토요일,대전광역시 유성구 도룡동,경상사고,0,0,3,0,차대차 - 기타,안전운전불이행,건조,맑음,단일로 - 기타,승용,남,72세,상해없음,승용,남,37세,경상
2022070900100417,2022년 7월 9일 17시,토요일,대전광역시 동구 중동,경상사고,0,0,3,0,차대차 - 측면충돌,불법유턴,건조,맑음,단일로 - 기타,이륜,남,68세,상해없음,승용,남,49세,경상
2022070900100418,2022년 7월 9일 17시,토요일,대전광역시 서구 용문동,경상사고,0,0,1,0,차대차 - 후진중충돌,안전운전불이행,건조,맑음,단일로 - 기타,승용,남,40세,상해없음,이륜,남,45세,경상
2022070900100419,2022년 7월 9일 17시,토요일,대전광역시 대덕구 비래동,경상사고,0,0,1,0,차대사람 - 길가장자리구역통행중,보행자보호의무위반,건조,맑음,단일로 - 기타,승용,남,55세,상해없음,보행자,남,46세,경상
2022070900100420,2022년 7월 9일 17시,토요일,대전광역시 서구 갈마동,경상사고,0,0,5,0,차대차 - 측면충돌,신호위반,건조,맑음,단일로 - 기타,승용,남,40세,경상,이륜,남,42세,경상
2022070900100481,2022년 7월 9일 19시,토요일,대전광역시 동구 가양동,경상사고,0,0,1,0,차대차 - 측면충돌,안전거리미확보,건조,맑음,교차로 - 교차로부근,승합,남,56세,상해없음,승용,여,34세,경상
2022070900100535,2022년 7월 9일 21시,토요일,대전광역시 서구 갈마동,경상사고,0,0,1,0,차대사람 - 횡단중,신호위반,건조,맑음,교차로 - 교차로안,승용,남,57세,상해없음,보행자,남,40세,경상
2022070900100536,2022년 7월 9일 21시,토요일,대전광역시 서구 둔산동,경상사고,0,0,1,0,차대사람 - 길가장자리구역통행중,안전운전불이행,건조,맑음,단일로 - 기타,승용,남,19세,상해없음,보행자,남,24세,경상
2022071000100016,2022년 7월 10일 00시,일요일,대전광역시 서구 갈마동,중상사고,0,1,0,0,차대차 - 기타,안전운전불이행,건조,맑음,교차로 - 교차로안,이륜,남,34세,상해없음,자전거,남,34세,중상
2022071000100027,2022년 7월 10일 01시,일요일,대전광역시 서구 변동,중상사고,0,1,1,0,차대차 - 기타,신호위반,건조,맑음,교차로 - 교차로안,승용,남,61세,상해없음,이륜,남,22세,중상
2022071000100028,2022년 7월 10일 01시,일요일,대전광역시 유성구 봉명동,중상사고,0,2,0,0,차대차 - 추돌,안전운전불이행,건조,맑음,교차로 - 교차로부근,기타불명,기타불명,미분류,기타불명,승용,남,25세,중상
2022071000100138,2022년 7월 10일 10시,일요일,대전광역시 동구 성남동,경상사고,0,0,1,0,차대차 - 측면충돌,교차로운행방법위반,건조,맑음,교차로 - 교차로부근,승용,여,55세,상해없음,승용,남,71세,경상
2022071000100187,2022년 7월 10일 12시,일요일,대전광역시 서구 둔산동,경상사고,0,0,1,0,차대차 - 기타,안전운전불이행,건조,맑음,교차로 - 교차로부근,이륜,남,25세,상해없음,승용,남,50세,경상
2022071000100188,2022년 7월 10일 12시,일요일,대전광역시 유성구 반석동,경상사고,0,0,1,0,차대차 - 기타,안전운전불이행,건조,맑음,교차로 - 교차로횡단보도내,승용,남,46세,상해없음,자전거,남,12세,경상
2022071000100215,2022년 7월 10일 13시,일요일,대전광역시 중구 선화동,중상사고,0,1,1,0,차대차 - 측면충돌,안전거리미확보,건조,맑음,교차로 - 교차로부근,이륜,남,21세,중상,승용,남,43세,경상
2022071000100384,2022년 7월 10일 20시,일요일,대전광역시 동구 가양동,경상사고,0,0,1,0,차대사람 - 차도통행중,안전운전불이행,건조,맑음,단일로 - 기타,개인형이동수단(PM),여,14세,상해없음,보행자,여,64세,경상
2022071000100385,2022년 7월 10일 20시,일요일,대전광역시 서구 정림동,경상사고,0,0,3,0,차대차 - 추돌,안전운전불이행,건조,맑음,교차로 - 교차로안,승용,남,47세,상해없음,승용,남,69세,경상
2022071000100444,2022년 7월 10일 23시,일요일,대전광역시 서구 가수원동,경상사고,0,0,13,0,차대차 - 추돌,안전운전불이행,젖음/습기,흐림,단일로 - 기타,승용,남,43세,상해없음,승합,남,50세,경상
2022071100100008,2022년 7월 11일 00시,월요일,대전광역시 대덕구 송촌동,부상신고사고,0,0,0,1,차량단독 - 기타,안전운전불이행,건조,맑음,기타 - 기타,승용,남,28세,부상신고,,,,
2022071100100009,2022년 7월 11일 00시,월요일,대전광역시 유성구 노은동,중상사고,0,1,0,0,차대차 - 기타,신호위반,건조,맑음,교차로 - 교차로안,승용,남,40세,상해없음,승용,남,33세,중상
2022071100100065,2022년 7월 11일 07시,월요일,대전광역시 서구 탄방동,경상사고,0,0,1,1,차대차 - 측면충돌,안전운전불이행,건조,맑음,교차로 - 교차로안,승용,여,25세,부상신고,건설기계,남,55세,경상
2022071100100092,2022년 7월 11일 08시,월요일,대전광역시 대덕구 목상동,경상사고,0,0,1,0,차대차 - 측면충돌,신호위반,젖음/습기,비,기타 - 기타,화물,남,59세,상해없음,승용,여,33세,경상
2022071100100113,2022년 7월 11일 08시,월요일,대전광역시 서구 관저동,경상사고,0,0,2,0,차대차 - 추돌,안전거리미확보,건조,맑음,단일로 - 기타,승용,남,28세,상해없음,승용,남,73세,경상
2022071100100115,2022년 7월 11일 08시,월요일,대전광역시 유성구 도룡동,경상사고,0,0,2,0,차대차 - 추돌,안전운전불이행,젖음/습기,비,단일로 - 기타,승용,남,29세,기타불명,승용,여,64세,경상
2022071100100213,2022년 7월 11일 11시,월요일,대전광역시 중구 대사동,중상사고,0,1,0,0,차대사람 - 길가장자리구역통행중,기타,건조,맑음,단일로 - 기타,화물,남,43세,상해없음,보행자,여,67세,중상
2022071100100214,2022년 7월 11일 11시,월요일,대전광역시 서구 둔산동,경상사고,0,0,1,0,차대차 - 측면충돌,신호위반,젖음/습기,흐림,교차로 - 교차로안,승용,여,63세,상해없음,승용,여,46세,경상
2022071100100270,2022년 7월 11일 12시,월요일,대전광역시 동구 소제동,중상사고,0,1,0,0,차대차 - 측면충돌,신호위반,건조,맑음,교차로 - 교차로안,승용,여,50세,상해없음,이륜,남,71세,중상
2022071100100271,2022년 7월 11일 12시,월요일,대전광역시 서구 복수동,경상사고,0,0,1,0,차대차 - 기타,차로위반,건조,맑음,단일로 - 기타,승용,남,48세,상해없음,이륜,남,27세,경상
2022071100100335,2022년 7월 11일 14시,월요일,대전광역시 서구 둔산동,경상사고,0,0,1,0,차대차 - 추돌,안전운전불이행,건조,맑음,단일로 - 기타,승용,남,33세,상해없음,승용,남,61세,경상
2022071100100410,2022년 7월 11일 16시,월요일,대전광역시 유성구 상대동,경상사고,0,0,2,0,차대차 - 추돌,안전운전불이행,건조,맑음,단일로 - 기타,이륜,남,57세,상해없음,승합,남,54세,경상
2022071100100451,2022년 7월 11일 17시,월요일,대전광역시 중구 선화동,경상사고,0,0,1,0,차대차 - 측면충돌,안전운전불이행,건조,맑음,교차로 - 교차로안,승용,여,58세,상해없음,승용,남,22세,경상
2022071100100535,2022년 7월 11일 19시,월요일,대전광역시 동구 판암동,경상사고,0,0,1,0,차대차 - 기타,안전운전불이행,건조,맑음,교차로 - 교차로안,이륜,남,23세,상해없음,승용,남,75세,경상
2022071100100536,2022년 7월 11일 19시,월요일,대전광역시 동구 용운동,경상사고,0,0,3,0,차대차 - 기타,안전거리미확보,건조,맑음,단일로 - 기타,승용,남,67세,상해없음,승용,남,39세,경상
2022071100100537,2022년 7월 11일 19시,월요일,대전광역시 서구 갈마동,경상사고,0,0,1,0,차대차 - 기타,안전운전불이행,건조,맑음,단일로 - 기타,화물,남,46세,상해없음,이륜,남,23세,경상
2022071100100561,2022년 7월 11일 20시,월요일,대전광역시 대덕구 석봉동,경상사고,0,0,1,0,차대차 - 측면충돌,안전운전불이행,건조,맑음,단일로 - 기타,이륜,남,57세,상해없음,자전거,여,55세,경상
2022071100100595,2022년 7월 11일 22시,월요일,대전광역시 서구 둔산동,경상사고,0,0,2,0,차대차 - 기타,신호위반,건조,맑음,교차로 - 교차로안,승용,남,28세,기타불명,승용,남,28세,경상
2022071200100024,2022년 7월 12일 03시,화요일,대전광역시 중구 문창동,중상사고,0,1,0,0,차대차 - 정면충돌,안전운전불이행,건조,맑음,교차로 - 교차로안,이륜,남,52세,중상,화물,남,55세,상해없음
2022071200100031,2022년 7월 12일 04시,화요일,대전광역시 서구 변동,경상사고,0,0,1,0,차대차 - 측면충돌,안전운전불이행,건조,맑음,기타 - 기타,승용,남,60세,상해없음,승용,남,20세,경상
2022071200100038,2022년 7월 12일 05시,화요일,대전광역시 대덕구 오정동,경상사고,0,0,1,0,차대차 - 추돌,안전거리미확보,건조,맑음,교차로 - 교차로부근,이륜,남,64세,경상,화물,남,65세,상해없음
2022071200100108,2022년 7월 12일 08시,화요일,대전광역시 중구 오류동,경상사고,0,0,1,0,차대차 - 기타,안전거리미확보,건조,맑음,교차로 - 교차로부근,이륜,남,47세,상해없음,승용,남,28세,경상
2022071200100139,2022년 7월 12일 09시,화요일,대전광역시 유성구 구암동,경상사고,0,0,1,0,차대차 - 기타,안전운전불이행,건조,맑음,단일로 - 기타,승합,남,48세,경상,화물,남,55세,기타불명
2022071200100163,2022년 7월 12일 10시,화요일,대전광역시 중구 태평동,경상사고,0,0,2,0,차대차 - 측면충돌,안전거리미확보,건조,맑음,단일로 - 기타,승용,남,62세,상해없음,화물,남,28세,경상
2022071200100164,2022년 7월 12일 10시,화요일,대전광역시 유성구 노은동,경상사고,0,0,3,0,차대차 - 기타,안전운전불이행,건조,맑음,교차로 - 교차로부근,화물,남,64세,상해없음,승용,남,54세,경상
2022071200100192,2022년 7월 12일 11시,화요일,대전광역시 동구 정동,경상사고,0,0,1,0,차대사람 - 횡단중,보행자보호의무위반,건조,맑음,교차로 - 교차로횡단보도내,화물,남,49세,상해없음,보행자,남,70세,경상
2022071200100213,2022년 7월 12일 12시,화요일,대전광역시 동구 삼성동,경상사고,0,0,1,0,차대차 - 기타,안전운전불이행,건조,맑음,교차로 - 교차로안,승용,남,70세,상해없음,승용,남,35세,경상
2022071200100240,2022년 7월 12일 13시,화요일,대전광역시 유성구 노은동,경상사고,0,0,1,0,차대사람 - 횡단중,보행자보호의무위반,건조,맑음,교차로 - 교차로횡단보도내,승용,남,44세,상해없음,보행자,여,36세,경상
2022071200100272,2022년 7월 12일 14시,화요일,대전광역시 서구 둔산동,중상사고,0,1,0,0,차대사람 - 길가장자리구역통행중,안전운전불이행,건조,맑음,단일로 - 기타,승용,남,56세,상해없음,보행자,여,48세,중상
2022071200100303,2022년 7월 12일 15시,화요일,대전광역시 대덕구 와동,경상사고,0,0,3,0,차대차 - 기타,안전운전불이행,건조,맑음,단일로 - 기타,승용,남,63세,상해없음,승용,여,48세,경상
2022071200100304,2022년 7월 12일 15시,화요일,대전광역시 유성구 지족동,중상사고,0,1,0,0,차대차 - 측면충돌,안전운전불이행,건조,맑음,교차로 - 교차로안,승용,여,61세,기타불명,승용,여,52세,중상
2022071200100377,2022년 7월 12일 17시,화요일,대전광역시 대덕구 송촌동,경상사고,0,0,2,0,차대차 - 측면충돌,안전거리미확보,건조,맑음,단일로 - 기타,승용,여,64세,상해없음,화물,남,45세,경상
2022071200100378,2022년 7월 12일 17시,화요일,대전광역시 서구 둔산동,경상사고,0,0,1,0,차대차 - 기타,안전운전불이행,건조,맑음,기타 - 기타,승용,남,30세,상해없음,원동기,남,16세,경상
2022071200100402,2022년 7월 12일 18시,화요일,대전광역시 대덕구 비래동,경상사고,0,0,1,0,차대차 - 추돌,안전운전불이행,건조,맑음,기타 - 기타,승용,남,40세,상해없음,승용,남,47세,경상
2022071200100423,2022년 7월 12일 18시,화요일,대전광역시 서구 만년동,경상사고,0,0,1,0,차대차 - 기타,안전운전불이행,건조,맑음,기타 - 기타,승용,남,16세,상해없음,승용,남,61세,경상
2022071200100521,2022년 7월 12일 23시,화요일,대전광역시 서구 관저동,부상신고사고,0,0,0,1,차대차 - 추돌,안전거리미확보,건조,맑음,교차로 - 교차로부근,승용,남,42세,상해없음,승용,남,46세,부상신고
2022071300100050,2022년 7월 13일 06시,수요일,대전광역시 중구 유천동,경상사고,0,0,2,0,차대차 - 측면충돌,안전운전불이행,건조,맑음,단일로 - 교량,화물,남,62세,상해없음,승용,남,65세,경상
2022071300100066,2022년 7월 13일 07시,수요일,대전광역시 중구 태평동,경상사고,0,0,1,0,차대사람 - 횡단중,안전운전불이행,건조,맑음,단일로 - 기타,승용,남,56세,상해없음,보행자,남,16세,경상
2022071300100106,2022년 7월 13일 08시,수요일,대전광역시 대덕구 오정동,중상사고,0,1,0,0,차대차 - 기타,교차로운행방법위반,건조,맑음,교차로 - 교차로안,화물,남,47세,상해없음,자전거,남,77세,중상
2022071300100157,2022년 7월 13일 10시,수요일,대전광역시 대덕구 목상동,중상사고,0,1,0,0,차대차 - 측면충돌,안전운전불이행,건조,맑음,교차로 - 교차로안,승용,남,49세,상해없음,자전거,여,74세,중상
2022071300100158,2022년 7월 13일 10시,수요일,대전광역시 대덕구 읍내동,경상사고,0,0,2,0,차대차 - 기타,안전운전불이행,젖음/습기,흐림,교차로 - 교차로부근,승합,남,58세,상해없음,승용,여,34세,경상
2022071300100159,2022년 7월 13일 10시,수요일,대전광역시 유성구 방동,경상사고,0,0,1,0,차대차 - 추돌,안전운전불이행,건조,흐림,교차로 - 교차로부근,화물,여,63세,상해없음,승용,여,62세,경상
2022071300100160,2022년 7월 13일 10시,수요일,대전광역시 유성구 봉명동,경상사고,0,0,1,0,차대사람 - 기타,안전운전불이행,건조,맑음,교차로 - 교차로안,승용,여,43세,기타불명,보행자,남,44세,경상
2022071300100187,2022년 7월 13일 11시,수요일,대전광역시 서구 도마동,경상사고,0,0,2,0,차대차 - 기타,안전운전불이행,젖음/습기,비,교차로 - 교차로안,승용,여,39세,상해없음,승용,여,30세,경상
2022071300100188,2022년 7월 13일 11시,수요일,대전광역시 서구 탄방동,경상사고,0,0,1,0,차대차 - 기타,직진우회전진행방해,젖음/습기,비,교차로 - 교차로안,승용,남,77세,상해없음,승용,남,59세,경상
2022071300100189,2022년 7월 13일 11시,수요일,대전광역시 서구 탄방동,부상신고사고,0,0,0,1,차대차 - 기타,안전운전불이행,젖음/습기,비,단일로 - 기타,승용,남,57세,상해없음,승용,여,46세,부상신고
2022071300100215,2022년 7월 13일 12시,수요일,대전광역시 서구 월평동,경상사고,0,0,1,0,차대차 - 추돌,안전운전불이행,젖음/습기,비,기타 - 기타,승용,여,35세,상해없음,이륜,남,42세,경상
2022071300100216,2022년 7월 13일 12시,수요일,대전광역시 유성구 장대동,경상사고,0,0,1,1,차대차 - 기타,안전운전불이행,젖음/습기,비,단일로 - 기타,화물,남,61세,상해없음,승용,남,69세,부상신고
2022071300100270,2022년 7월 13일 14시,수요일,대전광역시 서구 둔산동,경상사고,0,0,1,0,차대차 - 추돌,안전거리미확보,젖음/습기,비,교차로 - 교차로횡단보도내,승용,남,27세,상해없음,승용,여,31세,경상
2022071300100305,2022년 7월 13일 15시,수요일,대전광역시 서구 월평동,경상사고,0,0,1,0,차대사람 - 길가장자리구역통행중,안전운전불이행,젖음/습기,비,단일로 - 기타,승용,여,38세,상해없음,보행자,여,84세,경상
2022071300100306,2022년 7월 13일 15시,수요일,대전광역시 유성구 관평동,경상사고,0,0,2,0,차대차 - 측면충돌,교차로운행방법위반,젖음/습기,비,교차로 - 교차로안,승용,여,57세,경상,승용,여,30세,경상
2022071300100307,2022년 7월 13일 15시,수요일,대전광역시 유성구 복용동,중상사고,0,1,0,0,차대차 - 기타,안전거리미확보,젖음/습기,비,기타 - 기타,승용,남,36세,기타불명,승용,여,72세,중상
2022071300100345,2022년 7월 13일 16시,수요일,대전광역시 동구 인동,경상사고,0,0,2,0,차대차 - 기타,안전운전불이행,젖음/습기,비,교차로 - 교차로부근,승합,남,50세,상해없음,승용,여,47세,경상
2022071300100346,2022년 7월 13일 16시,수요일,대전광역시 서구 도안동,경상사고,0,0,1,0,차대사람 - 기타,기타,젖음/습기,비,기타 - 기타,화물,남,50세,상해없음,보행자,남,27세,경상
2022071300100389,2022년 7월 13일 17시,수요일,대전광역시 동구 대동,경상사고,0,0,1,0,차대차 - 측면충돌,직진우회전진행방해,건조,맑음,교차로 - 교차로안,자전거,남,32세,경상,승용,여,44세,상해없음
2022071300100390,2022년 7월 13일 17시,수요일,대전광역시 대덕구 읍내동,중상사고,0,1,0,0,차대차 - 측면충돌,신호위반,젖음/습기,비,교차로 - 교차로안,승용,남,61세,상해없음,승용,남,60세,중상
2022071300100391,2022년 7월 13일 17시,수요일,대전광역시 유성구 죽동,경상사고,0,0,1,0,차대차 - 기타,안전운전불이행,건조,맑음,교차로 - 교차로안,승용,남,28세,상해없음,이륜,남,28세,경상
2022071300100475,2022년 7월 13일 19시,수요일,대전광역시 유성구 원신흥동,경상사고,0,0,1,0,차대사람 - 횡단중,안전운전불이행,젖음/습기,비,교차로 - 교차로횡단보도내,승용,남,66세,상해없음,보행자,여,14세,경상
2022071300100528,2022년 7월 13일 21시,수요일,대전광역시 대덕구 석봉동,경상사고,0,0,1,0,차대사람 - 기타,안전운전불이행,젖음/습기,비,단일로 - 기타,이륜,남,17세,상해없음,보행자,남,46세,경상
2022071300100554,2022년 7월 13일 22시,수요일,대전광역시 중구 대사동,경상사고,0,0,1,0,차대차 - 기타,안전거리미확보,젖음/습기,비,교차로 - 교차로부근,승용,남,24세,상해없음,승용,남,41세,경상
2022071300100555,2022년 7월 13일 22시,수요일,대전광역시 서구 둔산동,경상사고,0,0,1,0,차대차 - 기타,안전운전불이행,젖음/습기,비,단일로 - 기타,승용,여,34세,상해없음,이륜,남,31세,경상
2022071300100556,2022년 7월 13일 22시,수요일,대전광역시 유성구 궁동,경상사고,0,0,1,0,차대차 - 추돌,안전운전불이행,젖음/습기,흐림,단일로 - 기타,승용,남,30세,기타불명,승용,여,25세,경상