사고번호,사고일시,요일,시군구,사고내용,사망자수,중상자수,경상자수,부상신고자수,사고유형,법규위반,노면상태,기상상태,도로형태,가해운전자 차종,가해운전자 성별,가해운전자 연령,가해운전자 상해정도,피해운전자 차종,피해운전자 성별,피해운전자 연령,피해운전자 상해정도
2022071400100026,2022년 7월 14일 01시,목요일,대전광역시 서구 월평동,경상사고,0,0,1,0,차대차 - 추돌,안전운전불이행,건조,맑음,기타 - 기타,승용,남,42세,상해없음,승용,남,38세,경상
2022071400100132,2022년 7월 14일 08시,목요일,대전광역시 서구 가수원동,경상사고,0,0,2,0,차대차 - 측면충돌,신호위반,건조,맑음,교차로 - 교차로횡단보도내,이륜,남,76세,상해없음,승용,여,26세,경상
2022071400100133,2022년 7월 14일 08시,목요일,대전광역시 대덕구 대화동,경상사고,0,0,1,0,차대차 - 측면충돌,교차로운행방법위반,건조,맑음,교차로 - 교차로안,화물,남,59세,상해없음,화물,여,57세,경상
2022071400100134,2022년 7월 14일 08시,목요일,대전광역시 서구 둔산동,중상사고,0,1,0,0,차대사람 - 횡단중,안전운전불이행,건조,맑음,단일로 - 기타,승용,여,24세,상해없음,보행자,여,56세,중상
2022071400100172,2022년 7월 14일 09시,목요일,대전광역시 동구 대동,경상사고,0,0,2,0,차대차 - 기타,안전운전불이행,건조,맑음,교차로 - 교차로안,승용,여,49세,상해없음,승합,여,54세,경상
2022071400100234,2022년 7월 14일 11시,목요일,대전광역시 동구 삼성동,경상사고,0,0,2,0,차대차 - 추돌,안전운전불이행,건조,맑음,단일로 - 기타,승용,남,77세,상해없음,승용,남,58세,경상
2022071400100235,2022년 7월 14일 11시,목요일,대전광역시 서구 탄방동,중상사고,0,1,0,0,차대사람 - 횡단중,안전운전불이행,건조,맑음,교차로 - 교차로부근,승용,여,59세,상해없음,보행자,남,54세,중상
2022071400100257,2022년 7월 14일 12시,목요일,대전광역시 중구 안영동,중상사고,0,1,1,0,차대차 - 기타,안전거리미확보,건조,맑음,단일로 - 기타,승용,남,72세,상해없음,화물,남,62세,중상
2022071400100289,2022년 7월 14일 13시,목요일,대전광역시 유성구 장대동,경상사고,0,0,1,0,차대차 - 기타,신호위반,건조,맑음,교차로 - 교차로안,승용,여,56세,상해없음,승용,남,61세,경상
2022071400100336,2022년 7월 14일 14시,목요일,대전광역시 서구 도마동,경상사고,0,0,1,0,차대차 - 측면충돌,교차로운행방법위반,건조,맑음,교차로 - 교차로안,화물,남,64세,상해없음,승용,남,31세,경상
2022071400100337,2022년 7월 14일 14시,목요일,대전광역시 서구 복수동,경상사고,0,0,1,0,차대차 - 정면충돌,중앙선침범,건조,맑음,기타 - 기타,승용,남,59세,기타불명,이륜,남,41세,경상
2022071400100372,2022년 7월 14일 15시,목요일,대전광역시 중구 대사동,경상사고,0,0,1,0,차대차 - 기타,안전운전불이행,건조,맑음,교차로 - 교차로안,승용,여,40세,상해없음,화물,남,28세,경상
2022071400100373,2022년 7월 14일 15시,목요일,대전광역시 동구 구도동,중상사고,0,1,0,0,차대차 - 기타,안전거리미확보,건조,맑음,단일로 - 기타,승용,남,39세,상해없음,승용,남,35세,중상
2022071400100374,2022년 7월 14일 15시,목요일,대전광역시 대덕구 덕암동,경상사고,0,0,1,0,차대차 - 측면충돌,안전운전불이행,건조,맑음,교차로 - 교차로부근,승용,남,80세,상해없음,이륜,남,43세,경상
2022071400100463,2022년 7월 14일 17시,목요일,대전광역시 서구 도안동,경상사고,0,0,1,0,차대차 - 기타,안전운전불이행,건조,맑음,단일로 - 기타,승용,남,63세,기타불명,승용,남,41세,경상
2022071400100464,2022년 7월 14일 17시,목요일,대전광역시 대덕구 목상동,경상사고,0,0,4,0,차대차 - 측면충돌,안전운전불이행,건조,맑음,단일로 - 기타,승용,여,61세,상해없음,승용,남,48세,경상
2022071400100465,2022년 7월 14일 17시,목요일,대전광역시 유성구 대정동,경상사고,0,0,1,0,차대차 - 기타,안전운전불이행,건조,맑음,단일로 - 기타,승용,여,45세,상해없음,승용,여,32세,경상
2022071400100508,2022년 7월 14일 18시,목요일,대전광역시 유성구 궁동,경상사고,0,0,2,0,차대차 - 기타,안전거리미확보,건조,맑음,단일로 - 기타,승합,남,55세,상해없음,승용,여,40세,경상
2022071400100588,2022년 7월 14일 20시,목요일,대전광역시 서구 둔산동,경상사고,0,0,1,0,차대차 - 기타,안전운전불이행,건조,맑음,교차로 - 교차로부근,승용,여,59세,기타불명,승용,남,50세,경상
2022071400100617,2022년 7월 14일 21시,목요일,대전광역시 유성구 봉명동,경상사고,0,0,5,0,차대차 - 기타,신호위반,건조,맑음,기타 - 기타,승용,여,45세,상해없음,승용,남,38세,경상
2022071400100653,2022년 7월 14일 23시,목요일,대전광역시 서구 월평동,중상사고,0,1,1,0,차대차 - 기타,신호위반,건조,맑음,교차로 - 교차로안,승용,남,20세,상해없음,승용,남,67세,경상
2022071500100009,2022년 7월 15일 00시,금요일,대전광역시 유성구 탑립동,경상사고,0,0,1,0,차대차 - 기타,안전운전불이행,건조,맑음,단일로 - 기타,승용,남,37세,상해없음,승용,남,41세,경상
2022071500100022,2022년 7월 15일 01시,금요일,대전광역시 유성구 봉명동,경상사고,0,0,2,0,차대차 - 측면충돌,신호위반,건조,맑음,교차로 - 교차로안,화물,남,32세,상해없음,승용,남,55세,경상
2022071500100061,2022년 7월 15일 07시,금요일,대전광역시 서구 용문동,경상사고,0,0,1,0,차대차 - 측면충돌,안전운전불이행,건조,맑음,단일로 - 기타,승용,남,31세,상해없음,승용,여,36세,경상
2022071500100142,2022년 7월 15일 09시,금요일,대전광역시 유성구 관평동,중상사고,0,1,0,0,차대차 - 측면충돌,신호위반,건조,맑음,교차로 - 교차로안,승용,남,43세,기타불명,이륜,남,59세,중상
2022071500100205,2022년 7월 15일 11시,금요일,대전광역시 서구 내동,경상사고,0,0,1,0,차대차 - 기타,안전운전불이행,건조,맑음,단일로 - 기타,승용,남,63세,상해없음,승용,남,32세,경상
2022071500100265,2022년 7월 15일 13시,금요일,대전광역시 중구 선화동,경상사고,0,0,1,0,차대차 - 측면충돌,신호위반,건조,맑음,교차로 - 교차로안,승용,남,64세,상해없음,승용,남,53세,경상
2022071500100266,2022년 7월 15일 13시,금요일,대전광역시 서구 둔산동,중상사고,0,1,0,0,차대차 - 기타,안전운전불이행,건조,맑음,교차로 - 교차로부근,승용,남,49세,상해없음,이륜,남,32세,중상
2022071500100300,2022년 7월 15일 14시,금요일,대전광역시 중구 산성동,중상사고,0,1,1,0,차대차 - 측면충돌,안전거리미확보,건조,맑음,교차로 - 교차로안,승용,여,40세,상해없음,승합,남,54세,경상
2022071500100301,2022년 7월 15일 14시,금요일,대전광역시 유성구 봉명동,경상사고,0,0,1,0,차량단독 - 기타,안전운전불이행,건조,맑음,단일로 - 기타,승용,남,78세,상해없음,,,,
2022071500100377,2022년 7월 15일 16시,금요일,대전광역시 서구 용문동,중상사고,0,1,0,0,차대차 - 기타,안전운전불이행,건조,맑음,기타 - 기타,승용,남,45세,상해없음,자전거,남,76세,중상
2022071500100433,2022년 7월 15일 17시,금요일,대전광역시 유성구 봉명동,경상사고,0,0,1,0,차대사람 - 횡단중,보행자보호의무위반,건조,맑음,교차로 - 교차로횡단보도내,승용,남,68세,상해없음,보행자,남,22세,경상
2022071500100494,2022년 7월 15일 18시,금요일,대전광역시 동구 자양동,경상사고,0,0,1,0,차대차 - 후진중충돌,안전운전불이행,건조,맑음,단일로 - 기타,승용,여,55세,상해없음,승용,남,61세,경상
2022071500100495,2022년 7월 15일 18시,금요일,대전광역시 대덕구 송촌동,경상사고,0,0,1,0,차대차 - 측면충돌,안전운전불이행,건조,맑음,단일로 - 기타,승용,남,65세,상해없음,승용,남,41세,경상
2022071500100635,2022년 7월 15일 22시,금요일,대전광역시 동구 용전동,경상사고,0,0,1,0,차대차 - 측면충돌,안전운전불이행,건조,맑음,단일로 - 기타,승용,남,53세,상해없음,이륜,남,19세,경상
2022071500100636,2022년 7월 15일 22시,금요일,대전광역시 유성구 봉명동,경상사고,0,0,1,0,차대차 - 기타,안전운전불이행,건조,맑음,기타 - 기타,자전거,남,41세,상해없음,자전거,여,30세,경상
2022071600100015,2022년 7월 16일 00시,토요일,대전광역시 중구 대흥동,경상사고,0,0,1,0,차대사람 - 기타,안전운전불이행,건조,맑음,단일로 - 기타,승용,남,26세,상해없음,보행자,남,25세,경상
2022071600100030,2022년 7월 16일 01시,토요일,대전광역시 대덕구 덕암동,중상사고,0,1,0,0,차대차 - 후진중충돌,기타,건조,맑음,단일로 - 기타,화물,남,78세,상해없음,승용,남,32세,중상
2022071600100068,2022년 7월 16일 06시,토요일,대전광역시 서구 둔산동,중상사고,0,1,0,0,차대사람 - 기타,안전운전불이행,건조,맑음,단일로 - 기타,승용,남,38세,상해없음,보행자,남,25세,중상
2022071600100078,2022년 7월 16일 07시,토요일,대전광역시 유성구 구암동,경상사고,0,0,1,0,차대차 - 측면충돌,안전운전불이행,건조,맑음,교차로 - 교차로안,승용,여,30세,상해없음,자전거,남,29세,경상
2022071600100151,2022년 7월 16일 10시,토요일,대전광역시 서구 둔산동,경상사고,0,0,1,0,차대차 - 기타,안전운전불이행,건조,맑음,교차로 - 교차로안,승용,여,34세,기타불명,승용,남,62세,경상
2022071600100217,2022년 7월 16일 12시,토요일,대전광역시 대덕구 중리동,중상사고,0,1,0,0,차대차 - 기타,안전운전불이행,건조,맑음,교차로 - 교차로안,화물,남,52세,상해없음,이륜,남,21세,중상
2022071600100248,2022년 7월 16일 13시,토요일,대전광역시 서구 관저동,경상사고,0,0,1,0,차대차 - 측면충돌,교차로운행방법위반,건조,맑음,단일로 - 기타,승용,여,48세,상해없음,승용,남,38세,경상
2022071600100249,2022년 7월 16일 13시,토요일,대전광역시 대덕구 송촌동,중상사고,0,1,0,0,차대차 - 측면충돌,안전운전불이행,건조,맑음,단일로 - 기타,승용,남,45세,상해없음,개인형이동수단(PM),남,16세,중상
2022071600100250,2022년 7월 16일 13시,토요일,대전광역시 유성구 덕명동,중상사고,0,1,1,0,차대차 - 기타,안전거리미확보,건조,맑음,기타 - 기타,승용,남,47세,경상,승합,남,55세,상해없음
2022071600100286,2022년 7월 16일 14시,토요일,대전광역시 동구 성남동,경상사고,0,0,1,0,차대차 - 측면충돌,안전운전불이행,건조,맑음,교차로 - 교차로안,승용,남,58세,상해없음,원동기,남,60세,경상
2022071600100327,2022년 7월 16일 15시,토요일,대전광역시 중구 유천동,경상사고,0,0,1,0,차대차 - 정면충돌,교차로운행방법위반,건조,맑음,단일로 - 기타,화물,남,60세,상해없음,자전거,남,10세,경상
2022071600100328,2022년 7월 16일 15시,토요일,대전광역시 동구 인동,중상사고,0,1,0,0,차대차 - 정면충돌,안전운전불이행,건조,맑음,교차로 - 교차로횡단보도내,개인형이동수단(PM),여,15세,상해없음,승용,남,68세,상해없음
2022071600100329,2022년 7월 16일 15시,토요일,대전광역시 유성구 계산동,경상사고,0,0,2,0,차대차 - 추돌,안전운전불이행,건조,맑음,교차로 - 교차로부근,승용,남,52세,상해없음,화물,남,44세,경상
2022071600100397,2022년 7월 16일 17시,토요일,대전광역시 서구 용문동,경상사고,0,0,1,0,차대사람 - 보도통행중,안전운전불이행,건조,맑음,단일로 - 기타,승용,여,61세,상해없음,보행자,여,28세,경상
2022071600100398,2022년 7월 16일 17시,토요일,대전광역시 서구 정림동,경상사고,0,0,1,0,차대차 - 기타,안전운전불이행,건조,맑음,단일로 - 기타,승용,여,43세,상해없음,승용,여,53세,경상
2022071600100399,2022년 7월 16일 17시,토요일,대전광역시 대덕구 목상동,경상사고,0,0,1,0,차대차 - 측면충돌,안전운전불이행,건조,맑음,교차로 - 교차로안,승용,남,52세,상해없음,자전거,남,8세,경상
2022071600100433,2022년 7월 16일 18시,토요일,대전광역시 동구 가오동,경상사고,0,0,1,0,차대차 - 기타,안전운전불이행,건조,맑음,교차로 - 교차로안,승용,남,65세,상해없음,승용,남,22세,경상
2022071600100434,2022년 7월 16일 18시,토요일,대전광역시 대덕구 중리동,경상사고,0,0,1,0,차대차 - 측면충돌,안전운전불이행,건조,맑음,교차로 - 교차로안,승용,남,58세,상해없음,이륜,남,39세,경상
2022071600100548,2022년 7월 16일 23시,토요일,대전광역시 중구 선화동,경상사고,0,0,3,0,차대차 - 추돌,안전운전불이행,젖음/습기,맑음,단일로 - 기타,승용,남,36세,상해없음,승용,남,68세,경상
2022071600100549,2022년 7월 16일 23시,토요일,대전광역시 유성구 봉명동,경상사고,0,0,2,0,차대차 - 측면충돌,안전운전불이행,건조,맑음,교차로 - 교차로부근,이륜,남,32세,상해없음,승용,남,54세,상해없음
2022071700100032,2022년 7월 17일 02시,일요일,대전광역시 유성구 봉명동,중상사고,0,1,0,0,차량단독 - 공작물충돌,신호위반,건조,흐림,교차로 - 교차로안,승용,여,27세,중상,,,,
2022071700100050,2022년 7월 17일 04시,일요일,대전광역시 유성구 하기동,중상사고,0,1,0,0,차대차 - 추돌,안전운전불이행,건조,맑음,단일로 - 기타,승용,남,22세,상해없음,화물,남,68세,중상
2022071700100132,2022년 7월 17일 11시,일요일,대전광역시 대덕구 읍내동,경상사고,0,0,4,0,차대차 - 추돌,안전운전불이행,건조,맑음,단일로 - 기타,승용,여,58세,상해없음,승용,여,44세,경상
2022071700100192,2022년 7월 17일 13시,일요일,대전광역시 동구 대성동,경상사고,0,0,1,0,차대차 - 측면충돌,안전운전불이행,건조,맑음,교차로 - 교차로안,승용,남,58세,상해없음,승용,여,34세,경상
2022071700100193,2022년 7월 17일 13시,일요일,대전광역시 동구 소제동,경상사고,0,0,1,0,차대차 - 측면충돌,안전운전불이행,건조,맑음,교차로 - 교차로부근,승용,남,30세,상해없음,승용,남,65세,경상
2022071700100219,2022년 7월 17일 14시,일요일,대전광역시 중구 유천동,중상사고,0,1,1,0,차대차 - 기타,직진우회전진행방해,건조,맑음,교차로 - 교차로안,이륜,남,45세,중상,승용,여,71세,경상
2022071700100220,2022년 7월 17일 14시,일요일,대전광역시 서구 괴정동,경상사고,0,0,1,0,차대차 - 기타,중앙선침범,건조,맑음,교차로 - 교차로부근,승용,남,28세,상해없음,승용,남,40세,경상
2022071700100221,2022년 7월 17일 14시,일요일,대전광역시 서구 괴정동,중상사고,0,1,2,0,차대차 - 기타,안전거리미확보,건조,맑음,교차로 - 교차로부근,승용,남,39세,경상,승용,남,53세,경상
2022071700100222,2022년 7월 17일 14시,일요일,대전광역시 유성구 봉명동,중상사고,0,2,0,0,차대차 - 기타,신호위반,건조,맑음,교차로 - 교차로안,승용,남,60세,상해없음,승용,남,26세,중상
2022071700100248,2022년 7월 17일 15시,일요일,대전광역시 서구 괴정동,경상사고,0,0,1,0,차대사람 - 기타,안전운전불이행,건조,맑음,단일로 - 기타,승용,여,37세,상해없음,보행자,남,43세,경상
2022071700100278,2022년 7월 17일 16시,일요일,대전광역시 중구 대흥동,경상사고,0,0,3,0,차대차 - 기타,안전운전불이행,건조,맑음,교차로 - 교차로부근,승용,여,43세,경상,승용,남,19세,경상
2022071700100279,2022년 7월 17일 16시,일요일,대전광역시 유성구 지족동,경상사고,0,0,1,0,차대차 - 기타,안전거리미확보,건조,맑음,기타 - 기타,화물,남,67세,상해없음,승합,남,42세,경상
2022071700100317,2022년 7월 17일 17시,일요일,대전광역시 대덕구 읍내동,경상사고,0,0,1,0,차대차 - 측면충돌,안전운전불이행,건조,맑음,기타 - 기타,승용,남,32세,상해없음,자전거,남,63세,경상
2022071700100370,2022년 7월 17일 19시,일요일,대전광역시 서구 가수원동,경상사고,0,0,1,0,차대차 - 기타,안전운전불이행,건조,맑음,단일로 - 기타,승용,여,44세,상해없음,이륜,남,52세,경상
2022071700100371,2022년 7월 17일 19시,일요일,대전광역시 서구 월평동,경상사고,0,0,2,0,차대차 - 추돌,안전거리미확보,건조,맑음,기타 - 기타,승용,남,69세,상해없음,승용,여,47세,경상
2022071700100397,2022년 7월 17일 20시,일요일,대전광역시 중구 용두동,경상사고,0,0,2,0,차대차 - 측면충돌,안전운전불이행,건조,맑음,단일로 - 기타,승합,남,25세,상해없음,승용,남,74세,경상
2022071700100398,2022년 7월 17일 20시,일요일,대전광역시 서구 괴정동,중상사고,0,1,0,0,차대차 - 기타,신호위반,건조,맑음,교차로 - 교차로횡단보도내,승용,남,53세,상해없음,개인형이동수단(PM),여,26세,중상
2022071700100424,2022년 7월 17일 21시,일요일,대전광역시 동구 신흥동,경상사고,0,0,1,0,차대차 - 측면충돌,안전운전불이행,건조,맑음,교차로 - 교차로부근,승용,남,61세,상해없음,승용,남,27세,상해없음
2022071700100425,2022년 7월 17일 21시,일요일,대전광역시 동구 효동,중상사고,0,1,0,0,차대차 - 추돌,안전운전불이행,건조,맑음,교차로 - 교차로부근,승용,여,38세,상해없음,승용,여,54세,중상
2022071700100426,2022년 7월 17일 21시,일요일,대전광역시 유성구 지족동,경상사고,0,0,4,0,차대차 - 기타,안전운전불이행,건조,흐림,교차로 - 교차로부근,승용,여,47세,상해없음,승용,남,55세,경상
2022071700100427,2022년 7월 17일 21시,일요일,대전광역시 유성구 관평동,경상사고,0,0,1,0,차대차 - 기타,교차로운행방법위반,건조,맑음,교차로 - 교차로횡단보도내,승용,남,37세,상해없음,승용,여,32세,경상
2022071700100435,2022년 7월 17일 22시,일요일,대전광역시 대덕구 중리동,경상사고,0,0,1,0,차대차 - 기타,기타,건조,맑음,교차로 - 교차로부근,승용,남,52세,상해없음,이륜,남,40세,경상
2022071700100446,2022년 7월 17일 23시,일요일,대전광역시 서구 괴정동,중상사고,0,1,1,0,차대차 - 기타,신호위반,건조,맑음,교차로 - 교차로안,이륜,여,29세,경상,이륜,남,46세,중상
2022071800100014,2022년 7월 18일 01시,월요일,대전광역시 서구 둔산동,경상사고,0,0,4,0,차대차 - 기타,신호위반,건조,맑음,교차로 - 교차로부근,승용,남,58세,상해없음,승용,남,18세,경상
2022071800100118,2022년 7월 18일 08시,월요일,대전광역시 서구 둔산동,중상사고,0,1,0,0,차대사람 - 횡단중,안전운전불이행,젖음/습기,비,교차로 - 교차로안,승용,남,48세,상해없음,보행자,여,81세,중상
2022071800100119,2022년 7월 18일 08시,월요일,대전광역시 유성구 장대동,경상사고,0,0,1,0,차대차 - 기타,안전운전불이행,건조,맑음,단일로 - 기타,승용,남,20세,상해없음,승용,남,47세,경상
2022071800100149,2022년 7월 18일 09시,월요일,대전광역시 중구 선화동,경상사고,0,0,1,0,차대차 - 추돌,안전운전불이행,젖음/습기,비,교차로 - 교차로부근,승용,여,23세,상해없음,승용,여,39세,경상
2022071800100150,2022년 7월 18일 09시,월요일,대전광역시 동구 정동,중상사고,0,1,0,0,차대사람 - 기타,안전운전불이행,젖음/습기,비,기타 - 기타,승용,남,64세,상해없음,보행자,여,32세,중상
2022071800100151,2022년 7월 18일 09시,월요일,대전광역시 대덕구 중리동,경상사고,0,0,2,0,차대차 - 측면충돌,안전운전불이행,젖음/습기,비,교차로 - 교차로부근,승용,여,44세,상해없음,승용,남,27세,경상
2022071800100152,2022년 7월 18일 09시,월요일,대전광역시 서구 갈마동,경상사고,0,0,1,0,차대차 - 기타,신호위반,젖음/습기,비,단일로 - 기타,승용,남,69세,상해없음,화물,남,33세,경상
2022071800100221,2022년 7월 18일 11시,월요일,대전광역시 중구 중촌동,경상사고,0,0,1,0,차대사람 - 기타,안전운전불이행,젖음/습기,비,단일로 - 기타,승용,여,51세,상해없음,보행자,여,20세,경상
2022071800100257,2022년 7월 18일 12시,월요일,대전광역시 중구 오류동,경상사고,0,0,1,0,차대사람 - 차도통행중,안전운전불이행,젖음/습기,맑음,단일로 - 기타,승용,여,65세,기타불명,보행자,남,64세,경상
2022071800100258,2022년 7월 18일 12시,월요일,대전광역시 중구 태평동,경상사고,0,0,2,0,차대차 - 측면충돌,신호위반,젖음/습기,비,교차로 - 교차로안,승용,남,38세,경상,이륜,남,45세,경상
2022071800100259,2022년 7월 18일 12시,월요일,대전광역시 동구 낭월동,중상사고,0,1,2,0,차대차 - 기타,안전운전불이행,젖음/습기,비,단일로 - 기타,승용,여,60세,중상,승용,여,32세,경상
2022071800100287,2022년 7월 18일 13시,월요일,대전광역시 유성구 용계동,경상사고,0,0,1,0,차대차 - 측면충돌,기타,젖음/습기,비,단일로 - 기타,기타불명,기타불명,미분류,기타불명,승용,남,43세,경상
2022071800100321,2022년 7월 18일 14시,월요일,대전광역시 서구 탄방동,경상사고,0,0,1,0,차대차 - 기타,안전운전불이행,젖음/습기,비,교차로 - 교차로안,승용,여,28세,기타불명,이륜,남,46세,경상
2022071800100351,2022년 7월 18일 15시,월요일,대전광역시 서구 정림동,경상사고,0,0,1,0,차대사람 - 횡단중,보행자보호의무위반,젖음/습기,비,기타 - 기타,승합,남,77세,상해없음,보행자,남,19세,경상
2022071800100352,2022년 7월 18일 15시,월요일,대전광역시 대덕구 법동,경상사고,0,0,1,0,차대차 - 기타,안전운전불이행,젖음/습기,비,교차로 - 교차로안,승용,남,52세,상해없음,승용,여,59세,경상
2022071800100385,2022년 7월 18일 16시,월요일,대전광역시 동구 용전동,경상사고,0,0,2,0,차대차 - 기타,신호위반,젖음/습기,비,단일로 - 기타,승용,남,42세,상해없음,승합,남,49세,상해없음
2022071800100386,2022년 7월 18일 16시,월요일,대전광역시 서구 가수원동,중상사고,0,1,0,0,차대차 - 측면충돌,신호위반,건조,맑음,교차로 - 교차로횡단보도내,승용,여,32세,상해없음,승용,여,34세,중상
2022071800100387,2022년 7월 18일 16시,월요일,대전광역시 유성구 관평동,경상사고,0,0,1,0,차대사람 - 차도통행중,안전운전불이행,건조,맑음,단일로 - 기타,승용,남,40세,상해없음,보행자,남,43세,경상
2022071800100467,2022년 7월 18일 18시,월요일,대전광역시 동구 가오동,경상사고,0,0,2,0,차대차 - 추돌,안전운전불이행,젖음/습기,비,단일로 - 기타,승용,남,47세,상해없음,승용,남,57세,경상
2022071800100468,2022년 7월 18일 18시,월요일,대전광역시 서구 둔산동,경상사고,0,0,2,0,차대차 - 기타,안전운전불이행,젖음/습기,비,교차로 - 교차로안,승용,남,41세,경상,승용,여,50세,경상
2022071800100497,2022년 7월 18일 19시,월요일,대전광역시 동구 가양동,경상사고,0,0,2,0,차대차 - 기타,안전운전불이행,젖음/습기,비,기타 - 기타,이륜,남,14세,상해없음,승용,남,29세,경상
2022071800100528,2022년 7월 18일 20시,월요일,대전광역시 동구 구도동,중상사고,0,1,0,0,차량단독 - 기타,안전운전불이행,건조,맑음,단일로 - 기타,승용,남,54세,중상,,,,
2022071800100529,2022년 7월 18일 20시,월요일,대전광역시 유성구 반석동,경상사고,0,0,2,0,차대차 - 추돌,안전운전불이행,젖음/습기,비,교차로 - 교차로부근,승용,여,29세,상해없음,승용,남,58세,경상
2022071800100557,2022년 7월 18일 21시,월요일,대전광역시 서구 탄방동,경상사고,0,0,1,0,차대사람 - 횡단중,안전운전불이행,젖음/습기,비,교차로 - 교차로부근,승용,여,39세,상해없음,보행자,여,86세,경상
2022071800100558,2022년 7월 18일 21시,월요일,대전광역시 유성구 궁동,경상사고,0,0,1,0,차대차 - 측면충돌,중앙선침범,젖음/습기,비,단일로 - 기타,승용,남,45세,상해없음,승합,남,40세,경상
2022071800100579,2022년 7월 18일 22시,월요일,대전광역시 유성구 지족동,경상사고,0,0,1,0,차대차 - 기타,안전운전불이행,건조,맑음,교차로 - 교차로안,승합,남,36세,상해없음,승합,남,49세,경상
2022071900100029,2022년 7월 19일 03시,화요일,대전광역시 대덕구 대화동,부상신고사고,0,0,0,1,차량단독 - 공작물충돌,안전운전불이행,건조,흐림,단일로 - 기타,승용,남,43세,부상신고,,,,
2022071900100173,2022년 7월 19일 10시,화요일,대전광역시 중구 태평동,경상사고,0,0,1,0,차대차 - 추돌,안전거리미확보,건조,맑음,단일로 - 기타,승용,남,32세,상해없음,승용,남,72세,경상
2022071900100206,2022년 7월 19일 11시,화요일,대전광역시 중구 석교동,중상사고,0,1,0,0,차대사람 - 횡단중,안전운전불이행,건조,맑음,교차로 - 교차로부근,화물,남,61세,상해없음,보행자,남,80세,중상
2022071900100229,2022년 7월 19일 12시,화요일,대전광역시 동구 삼성동,경상사고,0,0,1,0,차대차 - 추돌,안전운전불이행,건조,맑음,교차로 - 교차로안,승용,남,50세,상해없음,승용,남,56세,경상
2022071900100297,2022년 7월 19일 14시,화요일,대전광역시 중구 문화동,경상사고,0,0,1,0,차대차 - 측면충돌,신호위반,건조,맑음,교차로 - 교차로안,승용,여,57세,상해없음,승용,여,47세,경상
2022071900100298,2022년 7월 19일 14시,화요일,대전광역시 중구 옥계동,경상사고,0,0,1,0,차대사람 - 보도통행중,신호위반,건조,맑음,교차로 - 교차로횡단보도내,승용,남,82세,상해없음,보행자,남,64세,경상
2022071900100326,2022년 7월 19일 15시,화요일,대전광역시 중구 산성동,중상사고,0,1,0,0,차대차 - 측면충돌,중앙선침범,건조,맑음,단일로 - 기타,화물,남,61세,상해없음,이륜,남,24세,중상
2022071900100408,2022년 7월 19일 17시,화요일,대전광역시 중구 유천동,경상사고,0,0,1,0,차대사람 - 횡단중,안전운전불이행,건조,맑음,단일로 - 기타,승용,남,75세,상해없음,보행자,남,61세,경상
2022071900100409,2022년 7월 19일 17시,화요일,대전광역시 서구 둔산동,경상사고,0,0,1,0,차대차 - 기타,안전운전불이행,건조,맑음,단일로 - 기타,승용,여,54세,상해없음,이륜,남,25세,경상
2022071900100410,2022년 7월 19일 17시,화요일,대전광역시 유성구 외삼동,경상사고,0,0,1,0,차대차 - 측면충돌,안전운전불이행,건조,맑음,단일로 - 기타,화물,남,66세,상해없음,승합,남,48세,경상
2022071900100448,2022년 7월 19일 18시,화요일,대전광역시 동구 정동,경상사고,0,0,2,0,차대차 - 기타,안전운전불이행,건조,맑음,단일로 - 기타,승용,여,26세,상해없음,승합,남,52세,경상
2022071900100449,2022년 7월 19일 18시,화요일,대전광역시 동구 정동,경상사고,0,0,1,0,차대차 - 측면충돌,안전거리미확보,건조,맑음,단일로 - 기타,승용,남,53세,상해없음,승합,남,54세,경상
2022071900100476,2022년 7월 19일 19시,화요일,대전광역시 서구 둔산동,경상사고,0,0,1,0,차대차 - 측면충돌,안전운전불이행,건조,맑음,교차로 - 교차로횡단보도내,승용,남,64세,상해없음,승용,여,49세,경상
2022071900100477,2022년 7월 19일 19시,화요일,대전광역시 서구 갈마동,중상사고,0,2,0,0,차대차 - 측면충돌,안전운전불이행,건조,맑음,교차로 - 교차로안,승용,남,45세,상해없음,승용,남,28세,중상
2022071900100478,2022년 7월 19일 19시,화요일,대전광역시 유성구 원내동,경상사고,0,0,1,0,차대차 - 측면충돌,교차로운행방법위반,건조,맑음,교차로 - 교차로안,승용,여,35세,상해없음,승용,남,28세,경상
2022071900100510,2022년 7월 19일 20시,화요일,대전광역시 동구 낭월동,경상사고,0,0,1,0,차대차 - 기타,중앙선침범,건조,맑음,단일로 - 기타,화물,남,68세,상해없음,승용,남,69세,경상
2022071900100582,2022년 7월 19일 23시,화요일,대전광역시 유성구 송강동,중상사고,0,1,0,0,차대사람 - 횡단중,신호위반,건조,맑음,교차로 - 교차로횡단보도내,승용,남,38세,상해없음,보행자,남,27세,중상
2022072000100019,2022년 7월 20일 00시,수요일,대전광역시 서구 둔산동,경상사고,0,0,1,0,차대차 - 기타,안전운전불이행,건조,맑음,기타 - 기타,승용,남,67세,상해없음,원동기,남,28세,경상
2022072000100032,2022년 7월 20일 03시,수요일,대전광역시 대덕구 법동,경상사고,0,0,2,0,차대차 - 후진중충돌,안전운전불이행,건조,맑음,교차로 - 교차로부근,승용,남,18세,상해없음,승용,여,43세,경상