사고번호,사고일시,요일,시군구,사고내용,사망자수,중상자수,경상자수,부상신고자수,사고유형,법규위반,노면상태,기상상태,도로형태,가해운전자 차종,가해운전자 성별,가해운전자 연령,가해운전자 상해정도,피해운전자 차종,피해운전자 성별,피해운전자 연령,피해운전자 상해정도
2022072000100051,2022년 7월 20일 06시,수요일,대전광역시 동구 신흥동,중상사고,0,1,0,0,차대차 - 기타,신호위반,건조,맑음,교차로 - 교차로안,승용,남,45세,상해없음,승용,남,25세,중상
2022072000100052,2022년 7월 20일 06시,수요일,대전광역시 서구 도마동,경상사고,0,0,1,0,차대차 - 기타,신호위반,건조,맑음,교차로 - 교차로안,화물,남,62세,상해없음,승용,여,28세,경상
2022072000100186,2022년 7월 20일 10시,수요일,대전광역시 대덕구 오정동,경상사고,0,0,1,0,차대차 - 후진중충돌,안전운전불이행,건조,맑음,교차로 - 교차로부근,승용,남,65세,상해없음,화물,남,45세,경상
2022072000100218,2022년 7월 20일 11시,수요일,대전광역시 유성구 관평동,경상사고,0,0,2,0,차대차 - 측면충돌,안전운전불이행,건조,맑음,단일로 - 기타,승용,여,49세,기타불명,승용,여,57세,경상
2022072000100351,2022년 7월 20일 15시,수요일,대전광역시 중구 대사동,경상사고,0,0,1,0,차대차 - 기타,신호위반,건조,맑음,교차로 - 교차로안,승용,남,51세,상해없음,승용,여,26세,경상
2022072000100352,2022년 7월 20일 15시,수요일,대전광역시 중구 은행동,경상사고,0,0,1,0,차량단독 - 기타,안전운전불이행,건조,맑음,단일로 - 기타,승합,남,58세,상해없음,,,,
2022072000100353,2022년 7월 20일 15시,수요일,대전광역시 동구 홍도동,경상사고,0,0,2,0,차대차 - 측면충돌,신호위반,건조,맑음,교차로 - 교차로안,승용,남,51세,상해없음,화물,남,51세,경상
2022072000100387,2022년 7월 20일 16시,수요일,대전광역시 서구 가수원동,경상사고,0,0,2,0,차대차 - 기타,중앙선침범,건조,맑음,단일로 - 기타,승용,남,25세,상해없음,승용,남,51세,경상
2022072000100388,2022년 7월 20일 16시,수요일,대전광역시 대덕구 신탄진동,경상사고,0,0,1,1,차대차 - 기타,안전운전불이행,건조,맑음,단일로 - 기타,승용,여,23세,부상신고,승합,남,59세,경상
2022072000100389,2022년 7월 20일 16시,수요일,대전광역시 유성구 상대동,경상사고,0,0,3,0,차대차 - 기타,안전운전불이행,건조,맑음,기타 - 기타,화물,남,51세,상해없음,승합,남,62세,경상
2022072000100462,2022년 7월 20일 18시,수요일,대전광역시 대덕구 비래동,경상사고,0,0,1,1,차대차 - 기타,안전운전불이행,건조,맑음,단일로 - 기타,승용,남,86세,상해없음,승용,남,37세,상해없음
2022072000100564,2022년 7월 20일 21시,수요일,대전광역시 대덕구 오정동,경상사고,0,0,1,0,차대차 - 측면충돌,신호위반,건조,맑음,교차로 - 교차로안,화물,남,51세,상해없음,승합,남,37세,경상
2022072000100565,2022년 7월 20일 21시,수요일,대전광역시 서구 월평동,경상사고,0,0,2,0,차대차 - 기타,안전운전불이행,젖음/습기,비,교차로 - 교차로부근,승합,남,63세,경상,승용,여,30세,경상
2022072000100611,2022년 7월 20일 23시,수요일,대전광역시 중구 유천동,경상사고,0,0,1,0,차대차 - 측면충돌,신호위반,건조,맑음,교차로 - 교차로횡단보도내,이륜,남,42세,상해없음,자전거,남,40세,경상
2022072100100011,2022년 7월 21일 00시,목요일,대전광역시 서구 둔산동,경상사고,0,0,1,0,차대사람 - 기타,안전운전불이행,건조,맑음,단일로 - 기타,승용,남,29세,기타불명,보행자,여,21세,경상
2022072100100012,2022년 7월 21일 00시,목요일,대전광역시 유성구 덕명동,중상사고,0,1,0,0,차대사람 - 횡단중,보행자보호의무위반,젖음/습기,비,교차로 - 교차로횡단보도내,승용,남,41세,상해없음,보행자,남,29세,중상
2022072100100019,2022년 7월 21일 01시,목요일,대전광역시 서구 탄방동,경상사고,0,0,1,0,차대사람 - 기타,안전운전불이행,젖음/습기,비,단일로 - 기타,승용,여,28세,상해없음,보행자,남,23세,경상
2022072100100027,2022년 7월 21일 02시,목요일,대전광역시 유성구 교촌동,경상사고,0,0,1,0,차대차 - 추돌,안전운전불이행,젖음/습기,비,단일로 - 기타,승용,여,21세,기타불명,화물,남,50세,경상
2022072100100039,2022년 7월 21일 04시,목요일,대전광역시 서구 둔산동,중상사고,0,1,0,0,차대사람 - 기타,안전운전불이행,건조,맑음,단일로 - 기타,승용,남,24세,상해없음,보행자,남,21세,중상
2022072100100066,2022년 7월 21일 06시,목요일,대전광역시 서구 갈마동,경상사고,0,0,1,0,차대차 - 측면충돌,교차로운행방법위반,건조,맑음,교차로 - 교차로안,승용,남,25세,상해없음,승용,남,78세,경상
2022072100100122,2022년 7월 21일 08시,목요일,대전광역시 중구 문화동,중상사고,0,1,1,0,차대차 - 측면충돌,안전거리미확보,건조,맑음,단일로 - 기타,승용,남,62세,경상,승용,여,42세,중상
2022072100100174,2022년 7월 21일 10시,목요일,대전광역시 중구 문화동,경상사고,0,0,1,0,차대차 - 기타,신호위반,건조,맑음,교차로 - 교차로부근,승용,남,35세,상해없음,자전거,여,48세,경상
2022072100100233,2022년 7월 21일 12시,목요일,대전광역시 유성구 지족동,경상사고,0,0,1,0,차대차 - 기타,안전운전불이행,젖음/습기,비,교차로 - 교차로안,승용,남,38세,상해없음,이륜,남,49세,경상
2022072100100266,2022년 7월 21일 13시,목요일,대전광역시 서구 둔산동,경상사고,0,0,2,0,차대차 - 후진중충돌,안전운전불이행,젖음/습기,비,기타 - 기타,승용,여,25세,상해없음,승용,여,30세,경상
2022072100100399,2022년 7월 21일 17시,목요일,대전광역시 동구 가양동,경상사고,0,0,1,0,차대차 - 측면충돌,안전운전불이행,건조,맑음,기타 - 기타,승용,여,35세,상해없음,자전거,남,9세,경상
2022072100100472,2022년 7월 21일 19시,목요일,대전광역시 유성구 전민동,경상사고,0,0,1,0,차대사람 - 기타,안전운전불이행,건조,맑음,단일로 - 기타,승용,남,29세,상해없음,보행자,남,49세,경상
2022072100100493,2022년 7월 21일 20시,목요일,대전광역시 서구 관저동,경상사고,0,0,1,0,차대차 - 측면충돌,안전운전불이행,건조,맑음,교차로 - 교차로안,승용,남,46세,상해없음,이륜,남,31세,경상
2022072100100494,2022년 7월 21일 20시,목요일,대전광역시 대덕구 비래동,경상사고,0,0,2,0,차대차 - 측면충돌,신호위반,건조,맑음,교차로 - 교차로안,승용,남,42세,상해없음,승용,남,50세,경상
2022072100100495,2022년 7월 21일 20시,목요일,대전광역시 서구 둔산동,중상사고,0,1,0,0,차대사람 - 횡단중,보행자보호의무위반,건조,맑음,교차로 - 교차로횡단보도내,승용,여,25세,기타불명,보행자,남,51세,중상
2022072100100516,2022년 7월 21일 21시,목요일,대전광역시 서구 가수원동,중상사고,0,1,6,0,차대차 - 측면충돌,중앙선침범,건조,맑음,교차로 - 교차로부근,이륜,남,76세,중상,승합,남,38세,경상
2022072200100015,2022년 7월 22일 00시,금요일,대전광역시 동구 소제동,경상사고,0,0,2,0,차대차 - 측면충돌,안전운전불이행,젖음/습기,비,교차로 - 교차로안,승용,남,25세,상해없음,승용,남,28세,경상
2022072200100016,2022년 7월 22일 00시,금요일,대전광역시 서구 관저동,중상사고,0,1,0,0,차대사람 - 횡단중,보행자보호의무위반,건조,맑음,교차로 - 교차로횡단보도내,승용,여,41세,상해없음,보행자,남,47세,중상
2022072200100080,2022년 7월 22일 07시,금요일,대전광역시 중구 사정동,중상사고,0,1,0,0,차대차 - 정면충돌,안전운전불이행,건조,맑음,단일로 - 기타,자전거,남,85세,중상,개인형이동수단(PM),남,35세,상해없음
2022072200100113,2022년 7월 22일 08시,금요일,대전광역시 중구 태평동,경상사고,0,0,1,0,차대차 - 정면충돌,신호위반,건조,맑음,단일로 - 교량,승용,여,49세,기타불명,승용,여,31세,경상
2022072200100114,2022년 7월 22일 08시,금요일,대전광역시 대덕구 오정동,경상사고,0,0,1,0,차대차 - 후진중충돌,안전운전불이행,건조,맑음,교차로 - 교차로안,승용,남,45세,상해없음,승용,남,19세,경상
2022072200100115,2022년 7월 22일 08시,금요일,대전광역시 유성구 구암동,경상사고,0,0,1,0,차대차 - 기타,안전거리미확보,건조,맑음,단일로 - 기타,화물,남,66세,상해없음,특수,남,36세,경상
2022072200100143,2022년 7월 22일 09시,금요일,대전광역시 중구 태평동,경상사고,0,0,1,0,차대차 - 기타,신호위반,건조,맑음,단일로 - 기타,승용,여,67세,상해없음,승용,여,56세,경상
2022072200100144,2022년 7월 22일 09시,금요일,대전광역시 동구 가양동,경상사고,0,0,1,0,차대사람 - 기타,보행자보호의무위반,건조,맑음,교차로 - 교차로횡단보도내,화물,남,56세,상해없음,보행자,남,32세,경상
2022072200100176,2022년 7월 22일 10시,금요일,대전광역시 중구 문창동,경상사고,0,0,1,0,차량단독 - 기타,안전운전불이행,건조,맑음,교차로 - 교차로안,승용,남,49세,상해없음,,,,
2022072200100177,2022년 7월 22일 10시,금요일,대전광역시 대덕구 읍내동,경상사고,0,0,1,0,차대차 - 기타,안전운전불이행,건조,맑음,단일로 - 기타,승용,남,61세,상해없음,자전거,남,59세,경상
2022072200100211,2022년 7월 22일 11시,금요일,대전광역시 중구 석교동,경상사고,0,0,2,0,차대차 - 측면충돌,안전운전불이행,건조,맑음,교차로 - 교차로부근,이륜,남,24세,경상,승용,여,49세,경상
2022072200100212,2022년 7월 22일 11시,금요일,대전광역시 서구 관저동,경상사고,0,0,1,0,차대차 - 기타,안전운전불이행,건조,맑음,교차로 - 교차로안,승용,남,63세,상해없음,승용,남,70세,경상
2022072200100258,2022년 7월 22일 12시,금요일,대전광역시 서구 갈마동,중상사고,0,1,0,1,차대차 - 기타,불법유턴,건조,맑음,단일로 - 기타,이륜,남,61세,중상,원동기,남,20세,부상신고
2022072200100259,2022년 7월 22일 12시,금요일,대전광역시 서구 갈마동,경상사고,0,0,1,0,차대차 - 측면충돌,안전운전불이행,건조,맑음,교차로 - 교차로안,건설기계,남,64세,상해없음,승용,남,52세,경상
2022072200100293,2022년 7월 22일 13시,금요일,대전광역시 중구 유천동,경상사고,0,0,3,0,차대차 - 측면충돌,안전거리미확보,건조,맑음,단일로 - 기타,승용,여,73세,상해없음,승합,남,40세,경상
2022072200100294,2022년 7월 22일 13시,금요일,대전광역시 서구 정림동,중상사고,0,1,0,0,차대사람 - 기타,안전운전불이행,건조,맑음,기타 - 기타,승합,남,53세,상해없음,보행자,여,80세,중상
2022072200100356,2022년 7월 22일 15시,금요일,대전광역시 중구 용두동,경상사고,0,0,3,0,차대차 - 측면충돌,안전거리미확보,건조,맑음,교차로 - 교차로안,승용,여,75세,경상,승용,여,62세,경상
2022072200100357,2022년 7월 22일 15시,금요일,대전광역시 서구 도안동,경상사고,0,0,1,0,차대차 - 기타,안전거리미확보,건조,맑음,단일로 - 기타,승용,여,23세,상해없음,화물,남,68세,경상
2022072200100393,2022년 7월 22일 16시,금요일,대전광역시 유성구 노은동,경상사고,0,0,1,0,차대차 - 기타,안전거리미확보,건조,맑음,기타 - 기타,승용,여,67세,상해없음,화물,남,47세,경상
2022072200100444,2022년 7월 22일 17시,금요일,대전광역시 동구 가양동,경상사고,0,0,1,0,차대차 - 측면충돌,안전운전불이행,건조,맑음,교차로 - 교차로안,승용,남,77세,상해없음,이륜,남,36세,경상
2022072200100445,2022년 7월 22일 17시,금요일,대전광역시 동구 판암동,경상사고,0,0,1,0,차대차 - 측면충돌,안전운전불이행,건조,맑음,단일로 - 기타,승용,남,75세,상해없음,승합,남,56세,경상
2022072200100446,2022년 7월 22일 17시,금요일,대전광역시 서구 가수원동,경상사고,0,0,2,0,차대차 - 측면충돌,신호위반,건조,맑음,교차로 - 교차로안,이륜,남,54세,상해없음,승합,여,44세,경상
2022072200100482,2022년 7월 22일 18시,금요일,대전광역시 동구 삼성동,경상사고,0,0,3,0,차대차 - 추돌,안전운전불이행,건조,맑음,교차로 - 교차로부근,승용,남,62세,상해없음,승용,남,53세,경상
2022072200100514,2022년 7월 22일 19시,금요일,대전광역시 대덕구 송촌동,경상사고,0,0,1,0,차대차 - 기타,교차로운행방법위반,건조,맑음,교차로 - 교차로안,승용,남,62세,상해없음,승용,남,78세,상해없음
2022072300100014,2022년 7월 23일 00시,토요일,대전광역시 중구 문화동,경상사고,0,0,1,0,차대차 - 측면충돌,교차로운행방법위반,젖음/습기,흐림,교차로 - 교차로안,승용,남,25세,상해없음,원동기,남,45세,경상
2022072300100049,2022년 7월 23일 05시,토요일,대전광역시 동구 효동,경상사고,0,0,1,0,차대차 - 추돌,안전운전불이행,건조,맑음,교차로 - 교차로안,승용,남,60세,상해없음,승용,남,25세,경상
2022072300100050,2022년 7월 23일 05시,토요일,대전광역시 유성구 복용동,중상사고,0,2,1,0,차대차 - 측면충돌,신호위반,건조,맑음,교차로 - 교차로안,이륜,남,17세,중상,승용,남,66세,경상
2022072300100089,2022년 7월 23일 08시,토요일,대전광역시 서구 갈마동,중상사고,0,1,0,0,차대사람 - 기타,안전운전불이행,건조,맑음,기타 - 기타,승용,남,55세,상해없음,보행자,남,25세,중상
2022072300100108,2022년 7월 23일 09시,토요일,대전광역시 서구 용문동,경상사고,0,0,1,0,차대사람 - 기타,안전운전불이행,건조,맑음,단일로 - 기타,승용,여,53세,상해없음,보행자,여,56세,경상
2022072300100109,2022년 7월 23일 09시,토요일,대전광역시 유성구 도룡동,중상사고,0,1,0,0,차대차 - 측면충돌,안전거리미확보,건조,맑음,단일로 - 기타,승용,남,55세,상해없음,이륜,남,20세,중상
2022072300100172,2022년 7월 23일 11시,토요일,대전광역시 유성구 지족동,중상사고,0,1,0,0,차대차 - 측면충돌,안전운전불이행,건조,맑음,교차로 - 교차로안,승용,남,47세,상해없음,자전거,남,37세,중상
2022072300100247,2022년 7월 23일 13시,토요일,대전광역시 대덕구 법동,경상사고,0,0,2,0,차대차 - 측면충돌,안전운전불이행,건조,맑음,교차로 - 교차로안,승용,여,67세,상해없음,이륜,남,19세,경상
2022072300100248,2022년 7월 23일 13시,토요일,대전광역시 대덕구 중리동,중상사고,0,1,1,0,차대차 - 측면충돌,중앙선침범,건조,맑음,단일로 - 기타,이륜,남,21세,중상,화물,남,37세,경상
2022072300100390,2022년 7월 23일 18시,토요일,대전광역시 서구 도안동,경상사고,0,0,1,0,차대차 - 측면충돌,안전운전불이행,건조,맑음,교차로 - 교차로안,이륜,남,36세,상해없음,승용,남,25세,경상
2022072300100417,2022년 7월 23일 19시,토요일,대전광역시 동구 홍도동,중상사고,0,1,0,0,차대차 - 기타,교차로운행방법위반,건조,맑음,교차로 - 교차로안,승용,여,66세,상해없음,이륜,남,44세,중상
2022072300100452,2022년 7월 23일 20시,토요일,대전광역시 서구 탄방동,경상사고,0,0,5,0,차대차 - 기타,안전운전불이행,젖음/습기,비,단일로 - 기타,승용,남,69세,상해없음,승용,남,23세,경상
2022072300100485,2022년 7월 23일 21시,토요일,대전광역시 서구 괴정동,경상사고,0,0,1,0,차대차 - 추돌,안전운전불이행,젖음/습기,비,기타 - 기타,승용,남,29세,상해없음,승용,여,52세,경상
2022072300100524,2022년 7월 23일 22시,토요일,대전광역시 대덕구 읍내동,경상사고,0,0,1,0,차대차 - 추돌,안전운전불이행,젖음/습기,비,교차로 - 교차로부근,승용,남,41세,상해없음,승용,여,42세,상해없음
2022072300100554,2022년 7월 23일 23시,토요일,대전광역시 서구 가장동,경상사고,0,0,2,0,차대차 - 측면충돌,안전운전불이행,젖음/습기,비,기타 - 기타,승용,남,50세,상해없음,승용,남,23세,경상
2022072400100046,2022년 7월 24일 03시,일요일,대전광역시 중구 대흥동,경상사고,0,0,1,0,차대사람 - 기타,안전운전불이행,젖음/습기,비,단일로 - 기타,승용,남,34세,상해없음,보행자,남,30세,경상
2022072400100102,2022년 7월 24일 10시,일요일,대전광역시 유성구 장대동,중상사고,0,1,5,0,차대차 - 추돌,안전운전불이행,젖음/습기,비,교차로 - 교차로부근,승용,남,73세,상해없음,승용,남,32세,경상
2022072400100163,2022년 7월 24일 13시,일요일,대전광역시 중구 은행동,경상사고,0,0,2,0,차대사람 - 기타,보행자보호의무위반,건조,맑음,교차로 - 교차로횡단보도내,승용,남,51세,상해없음,보행자,여,24세,경상
2022072400100190,2022년 7월 24일 14시,일요일,대전광역시 중구 석교동,경상사고,0,0,2,0,차대차 - 측면충돌,신호위반,건조,맑음,교차로 - 교차로부근,승용,남,54세,상해없음,승용,남,45세,경상
2022072400100191,2022년 7월 24일 14시,일요일,대전광역시 대덕구 석봉동,경상사고,0,0,2,0,차대차 - 측면충돌,교차로운행방법위반,건조,맑음,교차로 - 교차로안,승용,남,30세,상해없음,승용,남,56세,경상
2022072400100192,2022년 7월 24일 14시,일요일,대전광역시 서구 둔산동,중상사고,0,1,0,0,차량단독 - 기타,안전운전불이행,건조,맑음,단일로 - 기타,승합,남,57세,상해없음,,,,
2022072400100217,2022년 7월 24일 15시,일요일,대전광역시 대덕구 오정동,경상사고,0,0,1,0,차대사람 - 차도통행중,안전운전불이행,건조,맑음,교차로 - 교차로부근,승용,남,67세,상해없음,보행자,남,31세,경상
2022072400100381,2022년 7월 24일 21시,일요일,대전광역시 서구 탄방동,경상사고,0,0,1,0,차대차 - 기타,신호위반,건조,맑음,교차로 - 교차로부근,승용,남,66세,상해없음,승용,남,35세,경상
2022072400100392,2022년 7월 24일 22시,일요일,대전광역시 동구 중동,경상사고,0,0,1,0,차대차 - 추돌,안전운전불이행,건조,흐림,교차로 - 교차로부근,승용,남,53세,상해없음,승용,남,52세,경상
2022072400100402,2022년 7월 24일 23시,일요일,대전광역시 유성구 원내동,경상사고,0,0,1,0,차대차 - 측면충돌,신호위반,건조,흐림,교차로 - 교차로안,개인형이동수단(PM),남,18세,상해없음,승용,여,57세,경상
2022072500100005,2022년 7월 25일 00시,월요일,대전광역시 서구 가장동,중상사고,0,1,1,0,차대차 - 기타,중앙선침범,건조,맑음,교차로 - 교차로부근,승용,남,67세,경상,이륜,남,36세,중상
2022072500100068,2022년 7월 25일 07시,월요일,대전광역시 대덕구 읍내동,경상사고,0,0,1,0,차대차 - 측면충돌,안전운전불이행,건조,맑음,교차로 - 교차로부근,화물,남,55세,상해없음,승용,남,52세,경상
2022072500100069,2022년 7월 25일 07시,월요일,대전광역시 서구 둔산동,경상사고,0,0,3,0,차대차 - 측면충돌,안전운전불이행,건조,맑음,교차로 - 교차로안,승용,남,72세,기타불명,승합,남,41세,상해없음
2022072500100112,2022년 7월 25일 08시,월요일,대전광역시 서구 도안동,경상사고,0,0,1,0,차대사람 - 기타,안전운전불이행,건조,맑음,단일로 - 기타,승용,여,43세,상해없음,보행자,여,20세,경상
2022072500100188,2022년 7월 25일 10시,월요일,대전광역시 서구 변동,경상사고,0,0,1,0,차대차 - 추돌,안전운전불이행,건조,맑음,단일로 - 기타,승용,남,55세,기타불명,승용,남,33세,경상
2022072500100189,2022년 7월 25일 10시,월요일,대전광역시 유성구 복용동,중상사고,0,2,0,0,차대차 - 기타,신호위반,건조,맑음,교차로 - 교차로안,승용,여,65세,상해없음,이륜,남,28세,중상
2022072500100231,2022년 7월 25일 11시,월요일,대전광역시 서구 탄방동,경상사고,0,0,1,0,차대차 - 측면충돌,안전운전불이행,건조,맑음,교차로 - 교차로부근,화물,남,51세,상해없음,승용,여,64세,경상
2022072500100288,2022년 7월 25일 13시,월요일,대전광역시 대덕구 오정동,경상사고,0,0,1,0,차대차 - 기타,신호위반,건조,맑음,단일로 - 기타,이륜,여,34세,기타불명,승용,남,58세,경상
2022072500100319,2022년 7월 25일 14시,월요일,대전광역시 서구 도안동,경상사고,0,0,1,0,차대차 - 추돌,안전운전불이행,건조,맑음,단일로 - 기타,승용,여,42세,상해없음,승용,남,39세,경상
2022072500100408,2022년 7월 25일 16시,월요일,대전광역시 서구 괴정동,경상사고,0,0,1,0,차대사람 - 기타,안전운전불이행,건조,맑음,단일로 - 기타,승합,남,71세,상해없음,보행자,여,61세,경상
2022072500100445,2022년 7월 25일 17시,월요일,대전광역시 동구 성남동,경상사고,0,0,1,0,차대차 - 측면충돌,신호위반,건조,맑음,교차로 - 교차로부근,승용,남,78세,상해없음,이륜,남,27세,경상
2022072500100491,2022년 7월 25일 18시,월요일,대전광역시 동구 가양동,경상사고,0,0,1,0,차대차 - 측면충돌,안전운전불이행,건조,맑음,단일로 - 기타,승용,여,47세,경상,화물,남,39세,상해없음
2022072500100492,2022년 7월 25일 18시,월요일,대전광역시 서구 관저동,경상사고,0,0,1,0,차대차 - 측면충돌,교차로운행방법위반,건조,맑음,교차로 - 교차로횡단보도내,승용,남,52세,상해없음,승용,남,36세,경상
2022072500100493,2022년 7월 25일 18시,월요일,대전광역시 서구 월평동,경상사고,0,0,1,0,차대차 - 추돌,안전거리미확보,건조,맑음,단일로 - 기타,화물,남,30세,상해없음,승용,남,42세,경상
2022072500100522,2022년 7월 25일 19시,월요일,대전광역시 동구 삼성동,중상사고,0,1,6,0,차대차 - 측면충돌,불법유턴,건조,맑음,교차로 - 교차로안,원동기,남,29세,중상,승합,남,61세,상해없음
2022072500100523,2022년 7월 25일 19시,월요일,대전광역시 대덕구 읍내동,경상사고,0,0,2,0,차대차 - 추돌,안전운전불이행,건조,맑음,단일로 - 기타,승용,남,73세,상해없음,승용,여,33세,경상
2022072500100524,2022년 7월 25일 19시,월요일,대전광역시 유성구 지족동,경상사고,0,0,1,0,차대차 - 후진중충돌,안전운전불이행,건조,맑음,단일로 - 기타,승용,여,27세,상해없음,이륜,남,24세,경상
2022072500100553,2022년 7월 25일 20시,월요일,대전광역시 유성구 도룡동,중상사고,0,1,0,0,차대차 - 측면충돌,안전운전불이행,건조,맑음,단일로 - 기타,승용,여,21세,상해없음,승용,남,64세,중상
2022072500100554,2022년 7월 25일 20시,월요일,대전광역시 유성구 봉명동,경상사고,0,0,1,0,차대사람 - 기타,안전운전불이행,건조,맑음,기타 - 기타,자전거,남,71세,기타불명,보행자,남,66세,경상
2022072500100576,2022년 7월 25일 21시,월요일,대전광역시 중구 용두동,경상사고,0,0,1,0,차대사람 - 횡단중,신호위반,건조,맑음,교차로 - 교차로안,승용,남,57세,상해없음,보행자,여,76세,경상
2022072500100586,2022년 7월 25일 22시,월요일,대전광역시 동구 홍도동,경상사고,0,0,1,0,차대차 - 측면충돌,중앙선침범,건조,맑음,교차로 - 교차로안,승용,남,18세,상해없음,승용,남,22세,상해없음
2022072500100587,2022년 7월 25일 22시,월요일,대전광역시 유성구 전민동,경상사고,0,0,1,1,차대차 - 기타,중앙선침범,건조,맑음,교차로 - 교차로부근,승용,남,52세,상해없음,원동기,남,14세,부상신고
2022072500100605,2022년 7월 25일 23시,월요일,대전광역시 동구 소제동,경상사고,0,0,2,0,차대차 - 측면충돌,신호위반,건조,맑음,교차로 - 교차로안,승용,남,22세,상해없음,승용,남,22세,경상
2022072600100018,2022년 7월 26일 01시,화요일,대전광역시 서구 둔산동,경상사고,0,0,1,0,차대차 - 정면충돌,안전운전불이행,건조,맑음,기타 - 기타,승용,남,26세,상해없음,승용,남,37세,경상
2022072600100027,2022년 7월 26일 02시,화요일,대전광역시 서구 월평동,중상사고,0,1,1,0,차대차 - 기타,신호위반,건조,맑음,교차로 - 교차로안,승용,여,23세,경상,승용,여,42세,중상
2022072600100106,2022년 7월 26일 08시,화요일,대전광역시 서구 둔산동,경상사고,0,0,1,0,차대차 - 기타,안전운전불이행,건조,맑음,교차로 - 교차로안,승용,남,43세,상해없음,승용,남,22세,경상
2022072600100176,2022년 7월 26일 10시,화요일,대전광역시 서구 도마동,경상사고,0,0,1,0,차대사람 - 기타,안전운전불이행,건조,맑음,기타 - 기타,기타불명,기타불명,미분류,기타불명,보행자,여,71세,경상
2022072600100228,2022년 7월 26일 11시,화요일,대전광역시 중구 부사동,중상사고,0,1,0,0,차량단독 - 기타,안전운전불이행,건조,맑음,단일로 - 기타,승용,남,44세,상해없음,,,,
2022072600100254,2022년 7월 26일 12시,화요일,대전광역시 서구 관저동,경상사고,0,0,1,0,차대차 - 측면충돌,신호위반,건조,맑음,교차로 - 교차로부근,승용,남,31세,상해없음,승용,여,30세,경상
2022072600100289,2022년 7월 26일 13시,화요일,대전광역시 유성구 관평동,경상사고,0,0,1,0,차대차 - 측면충돌,기타,건조,맑음,교차로 - 교차로안,이륜,남,32세,기타불명,이륜,남,52세,경상
2022072600100338,2022년 7월 26일 14시,화요일,대전광역시 서구 월평동,중상사고,0,1,0,0,차대차 - 추돌,안전운전불이행,건조,맑음,단일로 - 교량,승용,남,54세,상해없음,승용,여,21세,중상
2022072600100339,2022년 7월 26일 14시,화요일,대전광역시 유성구 봉명동,중상사고,0,1,0,0,차대차 - 기타,신호위반,건조,맑음,교차로 - 교차로안,승용,남,68세,상해없음,이륜,남,27세,중상
2022072600100340,2022년 7월 26일 14시,화요일,대전광역시 유성구 노은동,경상사고,0,0,4,0,차대차 - 기타,신호위반,건조,맑음,교차로 - 교차로안,승용,남,44세,경상,승용,남,60세,경상
2022072600100384,2022년 7월 26일 15시,화요일,대전광역시 중구 목동,경상사고,0,0,1,0,차대차 - 기타,안전운전불이행,건조,맑음,단일로 - 기타,승용,남,64세,상해없음,승용,남,66세,경상
2022072600100422,2022년 7월 26일 16시,화요일,대전광역시 대덕구 오정동,경상사고,0,0,1,0,차대차 - 기타,안전운전불이행,건조,맑음,교차로 - 교차로부근,화물,남,39세,상해없음,승용,남,56세,경상
2022072600100464,2022년 7월 26일 17시,화요일,대전광역시 대덕구 신탄진동,경상사고,0,0,1,0,차대차 - 기타,안전운전불이행,건조,맑음,교차로 - 교차로부근,화물,남,59세,상해없음,승용,남,46세,경상
2022072600100465,2022년 7월 26일 17시,화요일,대전광역시 서구 탄방동,경상사고,0,0,1,0,차대차 - 기타,안전운전불이행,건조,맑음,교차로 - 교차로부근,승용,남,22세,상해없음,승용,남,30세,경상
2022072600100558,2022년 7월 26일 20시,화요일,대전광역시 유성구 봉명동,경상사고,0,0,1,0,차대차 - 측면충돌,교차로운행방법위반,건조,맑음,교차로 - 교차로안,승용,남,52세,상해없음,승용,남,30세,경상
2022072600100581,2022년 7월 26일 21시,화요일,대전광역시 동구 성남동,경상사고,0,0,1,0,차대사람 - 횡단중,보행자보호의무위반,건조,맑음,교차로 - 교차로부근,승용,남,67세,상해없음,보행자,남,31세,경상
2022072600100582,2022년 7월 26일 21시,화요일,대전광역시 서구 갈마동,경상사고,0,0,1,0,차대사람 - 횡단중,보행자보호의무위반,건조,맑음,교차로 - 교차로안,승용,남,33세,상해없음,보행자,여,39세,경상
2022072700100034,2022년 7월 27일 05시,수요일,대전광역시 유성구 궁동,중상사고,0,1,0,0,차대차 - 측면충돌,안전거리미확보,건조,맑음,단일로 - 기타,승용,여,24세,상해없음,승용,남,52세,중상
2022072700100053,2022년 7월 27일 07시,수요일,대전광역시 동구 성남동,경상사고,0,0,1,0,차대차 - 측면충돌,불법유턴,건조,맑음,교차로 - 교차로안,자전거,남,43세,경상,승용,여,65세,상해없음
2022072700100054,2022년 7월 27일 07시,수요일,대전광역시 서구 갈마동,경상사고,0,0,1,0,차대사람 - 기타,안전운전불이행,건조,맑음,단일로 - 기타,승용,여,56세,상해없음,보행자,남,28세,경상
2022072700100094,2022년 7월 27일 08시,수요일,대전광역시 대덕구 오정동,경상사고,0,0,1,0,차대차 - 기타,안전거리미확보,건조,맑음,단일로 - 기타,승용,남,48세,상해없음,건설기계,남,48세,경상
2022072700100095,2022년 7월 27일 08시,수요일,대전광역시 서구 월평동,경상사고,0,0,1,0,차대차 - 기타,안전거리미확보,건조,맑음,단일로 - 기타,승용,남,28세,기타불명,승용,남,32세,경상
2022072700100096,2022년 7월 27일 08시,수요일,대전광역시 유성구 방동,경상사고,0,0,1,0,차대차 - 추돌,안전운전불이행,건조,맑음,단일로 - 기타,승용,남,38세,상해없음,화물,남,64세,경상