사고번호,사고일시,요일,시군구,사고내용,사망자수,중상자수,경상자수,부상신고자수,사고유형,법규위반,노면상태,기상상태,도로형태,가해운전자 차종,가해운전자 성별,가해운전자 연령,가해운전자 상해정도,피해운전자 차종,피해운전자 성별,피해운전자 연령,피해운전자 상해정도
2022081000100440,2022년 8월 10일 19시,수요일,대전광역시 대덕구 신탄진동,중상사고,0,1,0,0,차대사람 - 횡단중,보행자보호의무위반,젖음/습기,비,교차로 - 교차로횡단보도내,승용,남,23세,상해없음,보행자,여,69세,중상
2022081000100530,2022년 8월 10일 22시,수요일,대전광역시 중구 유천동,경상사고,0,0,1,0,차대차 - 기타,안전거리미확보,젖음/습기,비,단일로 - 기타,승용,남,50세,상해없음,승합,남,53세,경상
2022081000100553,2022년 8월 10일 23시,수요일,대전광역시 서구 둔산동,중상사고,0,1,3,0,차대차 - 정면충돌,안전운전불이행,건조,맑음,교차로 - 교차로부근,승용,남,65세,상해없음,승용,남,34세,경상
2022081100100025,2022년 8월 11일 02시,목요일,대전광역시 중구 태평동,경상사고,0,0,3,0,차대차 - 기타,안전운전불이행,건조,맑음,단일로 - 기타,승용,남,61세,상해없음,승용,남,64세,경상
2022081100100091,2022년 8월 11일 08시,목요일,대전광역시 중구 대사동,경상사고,0,0,1,0,차대차 - 기타,안전운전불이행,젖음/습기,비,교차로 - 교차로안,승용,여,44세,상해없음,승용,여,59세,경상
2022081100100115,2022년 8월 11일 09시,목요일,대전광역시 유성구 원신흥동,경상사고,0,0,1,0,차대차 - 측면충돌,신호위반,건조,맑음,교차로 - 교차로안,승용,여,43세,상해없음,승합,남,49세,경상
2022081100100130,2022년 8월 11일 10시,목요일,대전광역시 대덕구 중리동,경상사고,0,0,1,0,차대차 - 측면충돌,안전운전불이행,건조,맑음,단일로 - 기타,승용,남,31세,상해없음,승용,남,52세,경상
2022081100100246,2022년 8월 11일 14시,목요일,대전광역시 중구 문화동,경상사고,0,0,2,0,차대차 - 기타,신호위반,젖음/습기,비,교차로 - 교차로안,승용,남,62세,상해없음,승용,남,63세,경상
2022081100100320,2022년 8월 11일 16시,목요일,대전광역시 대덕구 비래동,경상사고,0,0,1,0,차대사람 - 기타,안전운전불이행,건조,맑음,단일로 - 기타,승용,여,65세,상해없음,보행자,여,82세,경상
2022081100100321,2022년 8월 11일 16시,목요일,대전광역시 서구 갈마동,경상사고,0,0,1,0,차대차 - 기타,안전거리미확보,젖음/습기,비,교차로 - 교차로부근,승용,여,32세,기타불명,승용,여,42세,경상
2022081100100361,2022년 8월 11일 17시,목요일,대전광역시 서구 둔산동,경상사고,0,0,1,0,차대차 - 기타,안전거리미확보,젖음/습기,비,단일로 - 기타,화물,남,59세,상해없음,승용,여,68세,경상
2022081100100389,2022년 8월 11일 18시,목요일,대전광역시 서구 도마동,중상사고,0,1,0,0,차대차 - 측면충돌,중앙선침범,젖음/습기,비,기타 - 기타,승용,여,30세,상해없음,승용,남,44세,중상
2022081100100419,2022년 8월 11일 19시,목요일,대전광역시 대덕구 목상동,경상사고,0,0,1,0,차대차 - 추돌,안전거리미확보,건조,맑음,교차로 - 교차로부근,원동기,남,38세,상해없음,승용,여,28세,경상
2022081100100420,2022년 8월 11일 19시,목요일,대전광역시 서구 갈마동,경상사고,0,0,1,0,차대차 - 후진중충돌,안전운전불이행,젖음/습기,비,단일로 - 기타,승용,남,36세,상해없음,원동기,여,52세,경상
2022081100100482,2022년 8월 11일 22시,목요일,대전광역시 동구 소제동,경상사고,0,0,2,0,차대차 - 측면충돌,신호위반,젖음/습기,비,교차로 - 교차로안,승용,남,43세,기타불명,승용,남,55세,경상
2022081100100483,2022년 8월 11일 22시,목요일,대전광역시 유성구 구암동,경상사고,0,0,1,0,차대차 - 추돌,안전운전불이행,젖음/습기,비,기타 - 기타,승용,남,26세,상해없음,승용,남,37세,경상
2022081200100032,2022년 8월 12일 03시,금요일,대전광역시 중구 오류동,경상사고,0,0,1,0,차대차 - 추돌,안전운전불이행,건조,맑음,단일로 - 기타,승용,남,31세,상해없음,승용,남,47세,경상
2022081200100071,2022년 8월 12일 07시,금요일,대전광역시 대덕구 목상동,경상사고,0,0,1,0,차대차 - 기타,안전거리미확보,건조,맑음,단일로 - 기타,승용,남,44세,상해없음,승용,남,43세,경상
2022081200100142,2022년 8월 12일 09시,금요일,대전광역시 서구 용문동,경상사고,0,0,1,0,차대차 - 기타,안전운전불이행,건조,맑음,단일로 - 기타,승용,남,38세,상해없음,이륜,남,32세,경상
2022081200100175,2022년 8월 12일 10시,금요일,대전광역시 유성구 신성동,경상사고,0,0,1,0,차대차 - 측면충돌,안전거리미확보,건조,맑음,단일로 - 기타,승용,남,83세,상해없음,화물,남,53세,경상
2022081200100207,2022년 8월 12일 11시,금요일,대전광역시 동구 삼성동,경상사고,0,0,1,0,차대차 - 측면충돌,안전운전불이행,건조,맑음,교차로 - 교차로안,승용,여,39세,상해없음,승용,여,25세,경상
2022081200100208,2022년 8월 12일 11시,금요일,대전광역시 대덕구 목상동,경상사고,0,0,1,0,차대차 - 측면충돌,안전거리미확보,건조,맑음,단일로 - 기타,승용,여,65세,상해없음,승용,여,53세,경상
2022081200100242,2022년 8월 12일 12시,금요일,대전광역시 서구 도마동,경상사고,0,0,1,0,차대차 - 기타,교차로운행방법위반,건조,맑음,교차로 - 교차로안,승용,여,44세,상해없음,승용,여,39세,경상
2022081200100243,2022년 8월 12일 12시,금요일,대전광역시 서구 만년동,경상사고,0,0,1,0,차대차 - 추돌,안전운전불이행,건조,맑음,교차로 - 교차로안,승용,남,73세,상해없음,승용,여,43세,경상
2022081200100313,2022년 8월 12일 14시,금요일,대전광역시 중구 대흥동,경상사고,0,0,1,0,차대차 - 측면충돌,안전운전불이행,건조,맑음,교차로 - 교차로부근,승용,남,37세,상해없음,승용,남,45세,경상
2022081200100314,2022년 8월 12일 14시,금요일,대전광역시 서구 도안동,경상사고,0,0,1,0,차대사람 - 보도통행중,보행자보호의무위반,건조,맑음,교차로 - 교차로횡단보도내,승용,여,62세,상해없음,보행자,여,41세,경상
2022081200100352,2022년 8월 12일 15시,금요일,대전광역시 서구 둔산동,경상사고,0,0,2,0,차대차 - 추돌,안전운전불이행,건조,맑음,교차로 - 교차로부근,승용,여,38세,상해없음,승용,여,50세,경상
2022081200100484,2022년 8월 12일 18시,금요일,대전광역시 서구 탄방동,중상사고,0,1,0,0,차대차 - 추돌,신호위반,건조,맑음,기타 - 기타,승용,남,66세,상해없음,이륜,남,40세,중상
2022081200100528,2022년 8월 12일 19시,금요일,대전광역시 중구 태평동,경상사고,0,0,1,0,차대사람 - 기타,안전운전불이행,건조,맑음,기타 - 기타,승용,남,26세,상해없음,보행자,남,9세,경상
2022081200100529,2022년 8월 12일 19시,금요일,대전광역시 동구 성남동,경상사고,0,0,1,0,차대사람 - 기타,안전운전불이행,건조,맑음,단일로 - 기타,원동기,남,18세,상해없음,보행자,남,48세,경상
2022081200100530,2022년 8월 12일 19시,금요일,대전광역시 유성구 송강동,경상사고,0,0,1,0,차대차 - 기타,안전운전불이행,건조,맑음,기타 - 기타,승용,여,50세,상해없음,승용,남,61세,경상
2022081200100572,2022년 8월 12일 20시,금요일,대전광역시 서구 도안동,중상사고,0,1,0,0,차대사람 - 횡단중,기타,건조,맑음,교차로 - 교차로횡단보도내,승용,남,47세,상해없음,보행자,여,13세,중상
2022081200100637,2022년 8월 12일 23시,금요일,대전광역시 유성구 장대동,경상사고,0,0,1,0,차대차 - 기타,안전운전불이행,건조,맑음,기타 - 기타,승용,여,27세,기타불명,승용,남,29세,경상
2022081300100032,2022년 8월 13일 02시,토요일,대전광역시 동구 용전동,경상사고,0,0,2,0,차대차 - 정면충돌,신호위반,건조,맑음,교차로 - 교차로안,이륜,남,19세,상해없음,승용,여,69세,경상
2022081300100040,2022년 8월 13일 03시,토요일,대전광역시 서구 가장동,경상사고,0,0,1,0,차대차 - 측면충돌,안전운전불이행,건조,기타,단일로 - 기타,승용,남,77세,상해없음,승용,남,44세,경상
2022081300100045,2022년 8월 13일 04시,토요일,대전광역시 중구 산성동,경상사고,0,0,1,0,차대차 - 추돌,안전운전불이행,건조,맑음,단일로 - 기타,승용,남,57세,상해없음,화물,남,39세,경상
2022081300100053,2022년 8월 13일 05시,토요일,대전광역시 중구 유천동,경상사고,0,0,1,0,차대차 - 측면충돌,교차로운행방법위반,건조,맑음,교차로 - 교차로안,승용,남,70세,상해없음,자전거,남,71세,상해없음
2022081300100054,2022년 8월 13일 05시,토요일,대전광역시 유성구 상대동,경상사고,0,0,2,0,차대차 - 기타,안전운전불이행,기타,흐림,단일로 - 기타,승용,남,25세,경상,승용,남,30세,상해없음
2022081300100144,2022년 8월 13일 11시,토요일,대전광역시 대덕구 비래동,경상사고,0,0,1,0,차대차 - 추돌,안전운전불이행,건조,맑음,단일로 - 교량,승용,남,71세,상해없음,화물,남,37세,경상
2022081300100207,2022년 8월 13일 12시,토요일,대전광역시 대덕구 읍내동,경상사고,0,0,1,0,차대차 - 추돌,안전운전불이행,건조,맑음,교차로 - 교차로부근,승용,남,64세,상해없음,승용,남,56세,경상
2022081300100243,2022년 8월 13일 13시,토요일,대전광역시 서구 괴정동,경상사고,0,0,1,0,차대차 - 측면충돌,안전운전불이행,젖음/습기,비,교차로 - 교차로안,승용,여,69세,상해없음,이륜,남,26세,경상
2022081300100279,2022년 8월 13일 14시,토요일,대전광역시 유성구 대정동,경상사고,0,0,3,0,차대차 - 기타,직진우회전진행방해,건조,맑음,교차로 - 교차로안,승용,여,49세,상해없음,승합,여,55세,경상
2022081300100310,2022년 8월 13일 15시,토요일,대전광역시 서구 관저동,경상사고,0,0,4,0,차대차 - 후진중충돌,안전운전불이행,젖음/습기,비,단일로 - 기타,승용,여,31세,상해없음,승용,남,72세,경상
2022081300100367,2022년 8월 13일 17시,토요일,대전광역시 서구 갈마동,경상사고,0,0,3,0,차대차 - 추돌,안전거리미확보,젖음/습기,비,단일로 - 기타,원동기,남,31세,기타불명,승용,남,37세,경상
2022081300100398,2022년 8월 13일 18시,토요일,대전광역시 서구 관저동,경상사고,0,0,3,0,차대차 - 추돌,안전거리미확보,건조,맑음,단일로 - 기타,승합,남,43세,상해없음,승용,남,62세,경상
2022081300100399,2022년 8월 13일 18시,토요일,대전광역시 대덕구 평촌동,중상사고,0,1,0,0,차대차 - 정면충돌,교차로운행방법위반,건조,맑음,교차로 - 교차로안,승용,남,30세,상해없음,이륜,남,17세,중상
2022081300100433,2022년 8월 13일 19시,토요일,대전광역시 동구 성남동,중상사고,0,1,0,0,차대사람 - 차도통행중,안전운전불이행,젖음/습기,흐림,단일로 - 기타,승용,여,48세,상해없음,보행자,남,27세,중상
2022081300100463,2022년 8월 13일 20시,토요일,대전광역시 유성구 상대동,경상사고,0,0,1,0,차대차 - 기타,중앙선침범,건조,맑음,단일로 - 기타,승용,남,43세,상해없음,이륜,남,40세,경상
2022081300100497,2022년 8월 13일 21시,토요일,대전광역시 서구 용문동,경상사고,0,0,1,0,차대차 - 기타,신호위반,건조,맑음,기타 - 기타,승합,남,28세,상해없음,승용,남,50세,경상
2022081300100531,2022년 8월 13일 23시,토요일,대전광역시 서구 괴정동,경상사고,0,0,2,0,차대사람 - 보도통행중,안전운전불이행,젖음/습기,비,교차로 - 교차로부근,승용,남,31세,상해없음,보행자,여,28세,경상
2022081400100008,2022년 8월 14일 00시,일요일,대전광역시 유성구 관평동,경상사고,0,0,2,0,차대차 - 정면충돌,신호위반,젖음/습기,비,교차로 - 교차로안,승합,남,55세,경상,승용,여,50세,경상
2022081400100009,2022년 8월 14일 00시,일요일,대전광역시 유성구 봉명동,경상사고,0,0,1,0,차대차 - 추돌,안전운전불이행,젖음/습기,비,교차로 - 교차로안,승용,남,34세,상해없음,승용,남,32세,경상
2022081400100021,2022년 8월 14일 01시,일요일,대전광역시 유성구 봉명동,경상사고,0,0,1,0,차대차 - 측면충돌,안전운전불이행,젖음/습기,비,단일로 - 기타,승용,남,29세,상해없음,승용,남,72세,경상
2022081400100027,2022년 8월 14일 02시,일요일,대전광역시 서구 관저동,경상사고,0,0,1,0,차대차 - 추돌,안전운전불이행,젖음/습기,비,단일로 - 기타,승용,남,72세,상해없음,승용,여,42세,경상
2022081400100032,2022년 8월 14일 03시,일요일,대전광역시 서구 둔산동,경상사고,0,0,1,0,차대사람 - 기타,안전운전불이행,건조,맑음,단일로 - 기타,승용,남,19세,상해없음,보행자,남,23세,경상
2022081400100069,2022년 8월 14일 08시,일요일,대전광역시 중구 태평동,경상사고,0,0,1,0,차대차 - 기타,안전운전불이행,건조,맑음,단일로 - 기타,승용,여,50세,상해없음,자전거,남,57세,경상
2022081400100168,2022년 8월 14일 13시,일요일,대전광역시 중구 은행동,경상사고,0,0,2,1,차대차 - 기타,안전거리미확보,건조,맑음,단일로 - 기타,승용,남,77세,부상신고,승용,남,63세,경상
2022081400100169,2022년 8월 14일 13시,일요일,대전광역시 동구 삼괴동,경상사고,0,0,2,0,차대차 - 측면충돌,안전운전불이행,건조,맑음,단일로 - 기타,승용,여,61세,상해없음,승용,여,42세,경상
2022081400100181,2022년 8월 14일 14시,일요일,대전광역시 대덕구 문평동,중상사고,0,1,0,0,차대차 - 기타,안전운전불이행,젖음/습기,흐림,단일로 - 기타,자전거,남,60세,상해없음,자전거,남,29세,중상
2022081400100253,2022년 8월 14일 17시,일요일,대전광역시 동구 하소동,중상사고,0,1,0,0,차량단독 - 공작물충돌,안전운전불이행,젖음/습기,비,단일로 - 기타,승용,남,61세,중상,,,,
2022081400100254,2022년 8월 14일 17시,일요일,대전광역시 서구 정림동,경상사고,0,0,1,0,차대차 - 기타,안전거리미확보,건조,맑음,기타 - 기타,승용,여,51세,상해없음,화물,남,51세,경상
2022081400100255,2022년 8월 14일 17시,일요일,대전광역시 유성구 봉명동,경상사고,0,0,1,0,차대차 - 기타,안전운전불이행,건조,맑음,단일로 - 기타,이륜,남,19세,상해없음,승용,여,20세,경상
2022081400100256,2022년 8월 14일 17시,일요일,대전광역시 유성구 죽동,경상사고,0,0,1,0,차대차 - 측면충돌,안전운전불이행,건조,맑음,기타 - 기타,승용,여,24세,상해없음,개인형이동수단(PM),여,21세,경상
2022081400100279,2022년 8월 14일 18시,일요일,대전광역시 서구 갈마동,경상사고,0,0,2,0,차대차 - 측면충돌,안전운전불이행,건조,맑음,교차로 - 교차로부근,승용,여,38세,상해없음,승용,남,64세,경상
2022081400100280,2022년 8월 14일 18시,일요일,대전광역시 서구 갈마동,경상사고,0,0,1,0,차대차 - 기타,안전운전불이행,건조,맑음,교차로 - 교차로부근,기타불명,남,29세,기타불명,자전거,여,31세,경상
2022081400100366,2022년 8월 14일 22시,일요일,대전광역시 서구 탄방동,경상사고,0,0,1,0,차대차 - 측면충돌,안전운전불이행,건조,맑음,교차로 - 교차로부근,이륜,남,25세,상해없음,승용,남,63세,상해없음
2022081400100367,2022년 8월 14일 22시,일요일,대전광역시 유성구 송강동,경상사고,0,0,1,0,차대사람 - 길가장자리구역통행중,안전운전불이행,건조,맑음,교차로 - 교차로부근,승용,남,31세,상해없음,보행자,여,28세,경상
2022081400100383,2022년 8월 14일 23시,일요일,대전광역시 서구 괴정동,경상사고,0,0,3,0,차대차 - 기타,중앙선침범,건조,맑음,교차로 - 교차로안,승용,남,23세,상해없음,승용,남,25세,상해없음
2022081500100066,2022년 8월 15일 07시,월요일,대전광역시 서구 월평동,경상사고,0,0,3,0,차대차 - 측면충돌,안전운전불이행,건조,맑음,교차로 - 교차로안,승용,남,72세,상해없음,승합,남,34세,경상
2022081500100109,2022년 8월 15일 10시,월요일,대전광역시 유성구 봉명동,부상신고사고,0,0,0,1,차대사람 - 기타,안전운전불이행,건조,맑음,단일로 - 기타,승용,남,24세,상해없음,보행자,남,67세,부상신고
2022081500100268,2022년 8월 15일 15시,월요일,대전광역시 대덕구 오정동,경상사고,0,0,1,0,차대사람 - 기타,안전운전불이행,건조,맑음,단일로 - 기타,승용,남,62세,상해없음,보행자,여,68세,경상
2022081500100290,2022년 8월 15일 16시,월요일,대전광역시 중구 유천동,경상사고,0,0,1,0,차대차 - 추돌,안전운전불이행,건조,맑음,단일로 - 기타,승용,남,40세,기타불명,승용,여,32세,경상
2022081500100291,2022년 8월 15일 16시,월요일,대전광역시 서구 월평동,경상사고,0,0,1,0,차대차 - 추돌,안전운전불이행,젖음/습기,비,교차로 - 교차로부근,승용,남,38세,상해없음,이륜,남,38세,경상
2022081500100346,2022년 8월 15일 18시,월요일,대전광역시 대덕구 법동,경상사고,0,0,1,0,차대차 - 측면충돌,안전거리미확보,건조,맑음,단일로 - 기타,승용,남,27세,기타불명,승용,여,62세,경상
2022081500100431,2022년 8월 15일 22시,월요일,대전광역시 서구 내동,경상사고,0,0,2,0,차대차 - 기타,신호위반,건조,맑음,교차로 - 교차로안,승용,여,56세,상해없음,승용,남,35세,경상
2022081600100015,2022년 8월 16일 01시,화요일,대전광역시 중구 오류동,중상사고,0,1,0,0,차대차 - 기타,안전거리미확보,건조,맑음,교차로 - 교차로안,승용,남,70세,상해없음,승용,남,41세,중상
2022081600100033,2022년 8월 16일 05시,화요일,대전광역시 동구 홍도동,경상사고,0,0,1,0,차대차 - 측면충돌,신호위반,젖음/습기,흐림,교차로 - 교차로안,화물,남,46세,상해없음,화물,남,74세,경상
2022081600100091,2022년 8월 16일 08시,화요일,대전광역시 유성구 구암동,경상사고,0,0,1,0,차대차 - 추돌,안전운전불이행,건조,흐림,교차로 - 교차로부근,승용,남,23세,상해없음,이륜,남,62세,경상
2022081600100092,2022년 8월 16일 08시,화요일,대전광역시 유성구 전민동,경상사고,0,0,1,1,차대차 - 측면충돌,교차로운행방법위반,건조,맑음,교차로 - 교차로안,승용,남,36세,상해없음,승용,남,65세,부상신고
2022081600100123,2022년 8월 16일 09시,화요일,대전광역시 중구 산성동,경상사고,0,0,2,0,차대사람 - 보도통행중,보행자보호의무위반,젖음/습기,비,교차로 - 교차로안,승용,여,33세,상해없음,보행자,여,35세,경상
2022081600100222,2022년 8월 16일 12시,화요일,대전광역시 동구 가양동,경상사고,0,0,1,0,차대사람 - 길가장자리구역통행중,안전운전불이행,건조,맑음,기타 - 기타,승용,남,72세,상해없음,보행자,남,32세,경상
2022081600100268,2022년 8월 16일 13시,화요일,대전광역시 유성구 원신흥동,경상사고,0,0,1,0,차대차 - 측면충돌,불법유턴,건조,맑음,교차로 - 교차로부근,승용,여,60세,상해없음,이륜,남,48세,경상
2022081600100269,2022년 8월 16일 13시,화요일,대전광역시 유성구 봉명동,경상사고,0,0,1,0,차대차 - 측면충돌,신호위반,건조,맑음,교차로 - 교차로안,승용,여,57세,상해없음,승용,남,35세,경상
2022081600100302,2022년 8월 16일 14시,화요일,대전광역시 동구 판암동,중상사고,0,1,2,0,차대차 - 측면충돌,중앙선침범,건조,맑음,단일로 - 기타,승용,남,65세,상해없음,승용,남,56세,경상
2022081600100303,2022년 8월 16일 14시,화요일,대전광역시 대덕구 오정동,중상사고,0,1,0,0,차대차 - 측면충돌,중앙선침범,건조,맑음,단일로 - 기타,승용,여,66세,상해없음,승용,남,73세,중상
2022081600100304,2022년 8월 16일 14시,화요일,대전광역시 서구 갈마동,경상사고,0,0,1,0,차대차 - 기타,안전운전불이행,건조,맑음,단일로 - 기타,승용,남,74세,상해없음,승용,남,42세,경상
2022081600100334,2022년 8월 16일 15시,화요일,대전광역시 서구 둔산동,중상사고,0,1,3,0,차대차 - 추돌,안전거리미확보,건조,맑음,교차로 - 교차로횡단보도내,승합,남,43세,상해없음,승용,남,33세,중상
2022081600100371,2022년 8월 16일 16시,화요일,대전광역시 중구 오류동,경상사고,0,0,3,0,차대차 - 기타,안전거리미확보,건조,맑음,단일로 - 기타,이륜,남,40세,상해없음,승용,남,41세,경상
2022081600100411,2022년 8월 16일 17시,화요일,대전광역시 동구 가양동,경상사고,0,0,2,0,차대차 - 기타,안전거리미확보,건조,맑음,교차로 - 교차로안,승용,남,46세,상해없음,승용,남,30세,경상
2022081600100412,2022년 8월 16일 17시,화요일,대전광역시 유성구 송강동,중상사고,0,1,0,0,차대사람 - 기타,안전운전불이행,건조,맑음,기타 - 기타,승용,남,61세,상해없음,보행자,남,67세,중상
2022081600100488,2022년 8월 16일 19시,화요일,대전광역시 서구 둔산동,경상사고,0,0,1,0,차대차 - 측면충돌,신호위반,건조,맑음,단일로 - 기타,승용,남,21세,상해없음,승용,남,33세,경상
2022081600100489,2022년 8월 16일 19시,화요일,대전광역시 유성구 궁동,경상사고,0,0,1,0,차대사람 - 기타,안전운전불이행,건조,맑음,단일로 - 기타,승용,남,40세,상해없음,보행자,남,60세,경상
2022081600100521,2022년 8월 16일 20시,화요일,대전광역시 동구 홍도동,중상사고,0,1,0,0,차대사람 - 횡단중,안전운전불이행,건조,맑음,교차로 - 교차로안,승용,여,40세,상해없음,보행자,여,78세,중상
2022081600100522,2022년 8월 16일 20시,화요일,대전광역시 서구 정림동,경상사고,0,0,3,0,차대차 - 기타,교차로운행방법위반,건조,맑음,교차로 - 교차로부근,승용,여,54세,상해없음,승용,남,26세,경상
2022081600100523,2022년 8월 16일 20시,화요일,대전광역시 유성구 구암동,경상사고,0,0,1,0,차대차 - 측면충돌,안전운전불이행,건조,맑음,단일로 - 기타,승용,남,60세,상해없음,승용,여,61세,상해없음
2022081700100033,2022년 8월 17일 02시,수요일,대전광역시 중구 부사동,경상사고,0,0,1,0,차대차 - 기타,중앙선침범,건조,맑음,단일로 - 기타,원동기,남,17세,기타불명,승용,남,33세,경상
2022081700100054,2022년 8월 17일 06시,수요일,대전광역시 서구 갈마동,경상사고,0,0,1,0,차대차 - 측면충돌,안전운전불이행,건조,맑음,교차로 - 교차로안,이륜,남,78세,기타불명,승용,여,67세,경상
2022081700100082,2022년 8월 17일 07시,수요일,대전광역시 서구 탄방동,경상사고,0,0,1,0,차대차 - 기타,안전거리미확보,건조,맑음,단일로 - 기타,승용,남,34세,상해없음,승용,남,33세,경상
2022081700100111,2022년 8월 17일 08시,수요일,대전광역시 동구 낭월동,경상사고,0,0,3,0,차대차 - 측면충돌,안전운전불이행,건조,맑음,단일로 - 기타,승용,여,34세,경상,승용,여,48세,경상
2022081700100112,2022년 8월 17일 08시,수요일,대전광역시 대덕구 신탄진동,중상사고,0,1,0,0,차대차 - 측면충돌,안전운전불이행,건조,맑음,교차로 - 교차로부근,승용,여,29세,상해없음,자전거,남,44세,중상
2022081700100146,2022년 8월 17일 09시,수요일,대전광역시 서구 둔산동,중상사고,0,1,0,0,차대차 - 기타,안전운전불이행,건조,맑음,교차로 - 교차로안,승용,여,39세,상해없음,자전거,여,73세,중상
2022081700100147,2022년 8월 17일 09시,수요일,대전광역시 유성구 원내동,경상사고,0,0,2,0,차대차 - 측면충돌,교차로운행방법위반,건조,맑음,교차로 - 교차로안,승용,남,79세,상해없음,승용,남,63세,경상
2022081700100180,2022년 8월 17일 10시,수요일,대전광역시 서구 용문동,경상사고,0,0,1,0,차대차 - 기타,안전운전불이행,건조,맑음,단일로 - 기타,승용,여,42세,상해없음,자전거,남,87세,경상
2022081700100207,2022년 8월 17일 11시,수요일,대전광역시 동구 가양동,중상사고,0,1,0,0,차대사람 - 횡단중,안전운전불이행,건조,맑음,교차로 - 교차로안,승용,여,32세,상해없음,보행자,남,65세,중상
2022081700100358,2022년 8월 17일 15시,수요일,대전광역시 서구 관저동,경상사고,0,0,1,0,차대차 - 측면충돌,안전운전불이행,건조,맑음,단일로 - 기타,승용,여,61세,상해없음,승용,남,30세,경상
2022081700100359,2022년 8월 17일 15시,수요일,대전광역시 서구 탄방동,경상사고,0,0,1,0,차대차 - 기타,중앙선침범,젖음/습기,비,단일로 - 기타,승용,여,47세,상해없음,이륜,남,45세,경상
2022081700100499,2022년 8월 17일 18시,수요일,대전광역시 중구 오류동,경상사고,0,0,2,0,차대차 - 기타,불법유턴,건조,맑음,단일로 - 기타,승용,남,42세,상해없음,승용,남,51세,경상
2022081700100500,2022년 8월 17일 18시,수요일,대전광역시 서구 도마동,경상사고,0,0,1,0,차대차 - 측면충돌,신호위반,건조,맑음,교차로 - 교차로안,승용,여,26세,상해없음,이륜,남,35세,경상
2022081700100537,2022년 8월 17일 19시,수요일,대전광역시 동구 가양동,경상사고,0,0,1,0,차대차 - 측면충돌,안전운전불이행,건조,맑음,단일로 - 기타,승용,남,31세,상해없음,이륜,남,62세,경상
2022081700100598,2022년 8월 17일 21시,수요일,대전광역시 중구 대사동,중상사고,0,1,1,0,차대차 - 정면충돌,신호위반,젖음/습기,비,교차로 - 교차로안,이륜,남,45세,중상,승용,남,26세,경상
2022081700100599,2022년 8월 17일 21시,수요일,대전광역시 유성구 상대동,경상사고,0,0,1,0,차대차 - 측면충돌,신호위반,건조,맑음,교차로 - 교차로안,승용,남,54세,상해없음,승용,여,42세,경상
2022081700100621,2022년 8월 17일 22시,수요일,대전광역시 동구 중동,경상사고,0,0,2,0,차대차 - 기타,안전거리미확보,건조,맑음,교차로 - 교차로부근,승용,남,62세,상해없음,승용,여,58세,경상
2022081700100622,2022년 8월 17일 22시,수요일,대전광역시 서구 탄방동,중상사고,0,1,0,0,차대사람 - 기타,안전운전불이행,건조,맑음,단일로 - 기타,원동기,남,44세,기타불명,보행자,남,40세,중상
2022081800100008,2022년 8월 18일 00시,목요일,대전광역시 서구 둔산동,중상사고,0,1,0,0,차대사람 - 기타,안전운전불이행,건조,맑음,단일로 - 기타,승용,남,24세,상해없음,보행자,남,38세,중상
2022081800100015,2022년 8월 18일 01시,목요일,대전광역시 중구 용두동,경상사고,0,0,1,0,차대차 - 측면충돌,신호위반,건조,맑음,교차로 - 교차로안,승용,여,25세,상해없음,이륜,남,46세,경상
2022081800100026,2022년 8월 18일 03시,목요일,대전광역시 동구 용운동,경상사고,0,0,1,0,차량단독 - 기타,안전운전불이행,건조,맑음,단일로 - 기타,승용,남,66세,상해없음,,,,
2022081800100141,2022년 8월 18일 09시,목요일,대전광역시 중구 중촌동,중상사고,0,1,0,0,차대사람 - 차도통행중,안전운전불이행,건조,맑음,단일로 - 기타,승용,여,62세,상해없음,보행자,여,79세,중상
2022081800100142,2022년 8월 18일 09시,목요일,대전광역시 동구 대동,경상사고,0,0,2,0,차대차 - 측면충돌,안전운전불이행,건조,맑음,교차로 - 교차로안,건설기계,남,63세,상해없음,화물,남,32세,경상
2022081800100143,2022년 8월 18일 09시,목요일,대전광역시 동구 낭월동,중상사고,0,1,0,0,차대차 - 측면충돌,안전운전불이행,건조,맑음,교차로 - 교차로부근,승용,여,71세,상해없음,승용,남,80세,중상
2022081800100174,2022년 8월 18일 10시,목요일,대전광역시 서구 용문동,중상사고,0,1,0,0,차대차 - 기타,안전운전불이행,건조,맑음,단일로 - 기타,승용,남,60세,상해없음,자전거,남,59세,중상
2022081800100217,2022년 8월 18일 11시,목요일,대전광역시 대덕구 비래동,경상사고,0,0,1,0,차대차 - 추돌,안전운전불이행,건조,맑음,단일로 - 기타,승용,여,64세,기타불명,승용,여,55세,경상
2022081800100278,2022년 8월 18일 13시,목요일,대전광역시 서구 둔산동,중상사고,0,1,0,0,차대사람 - 기타,신호위반,건조,맑음,교차로 - 교차로안,승용,남,72세,상해없음,보행자,남,55세,중상
2022081800100279,2022년 8월 18일 13시,목요일,대전광역시 유성구 봉명동,경상사고,0,0,1,0,차대차 - 측면충돌,신호위반,건조,맑음,교차로 - 교차로안,화물,남,55세,상해없음,화물,남,45세,경상
2022081800100342,2022년 8월 18일 15시,목요일,대전광역시 중구 대흥동,경상사고,0,0,1,0,차대사람 - 기타,안전운전불이행,건조,맑음,단일로 - 기타,승용,남,58세,상해없음,보행자,남,7세,경상