사고번호,사고일시,요일,시군구,사고내용,사망자수,중상자수,경상자수,부상신고자수,사고유형,법규위반,노면상태,기상상태,도로형태,가해운전자 차종,가해운전자 성별,가해운전자 연령,가해운전자 상해정도,피해운전자 차종,피해운전자 성별,피해운전자 연령,피해운전자 상해정도
2022082500100560,2022년 8월 25일 22시,목요일,대전광역시 유성구 관평동,중상사고,0,1,1,1,차대차 - 측면충돌,신호위반,건조,맑음,교차로 - 교차로안,승용,남,51세,상해없음,승용,여,61세,중상
2022082500100576,2022년 8월 25일 23시,목요일,대전광역시 중구 중촌동,경상사고,0,0,2,0,차대차 - 추돌,안전거리미확보,건조,맑음,단일로 - 기타,승용,남,56세,기타불명,승용,여,19세,경상
2022082600100010,2022년 8월 26일 00시,금요일,대전광역시 서구 탄방동,경상사고,0,0,2,0,차대차 - 기타,안전운전불이행,건조,맑음,단일로 - 기타,승용,여,49세,상해없음,승용,남,67세,경상
2022082600100011,2022년 8월 26일 00시,금요일,대전광역시 서구 둔산동,경상사고,0,0,2,0,차대차 - 기타,안전운전불이행,건조,맑음,교차로 - 교차로안,승용,남,43세,경상,승용,여,43세,경상
2022082600100038,2022년 8월 26일 04시,금요일,대전광역시 서구 월평동,경상사고,0,0,2,0,차대차 - 추돌,안전운전불이행,건조,맑음,단일로 - 기타,승용,남,39세,상해없음,승용,남,46세,경상
2022082600100154,2022년 8월 26일 09시,금요일,대전광역시 유성구 하기동,경상사고,0,0,1,0,차대차 - 기타,안전운전불이행,건조,맑음,단일로 - 기타,승용,여,40세,상해없음,자전거,남,72세,경상
2022082600100184,2022년 8월 26일 10시,금요일,대전광역시 중구 중촌동,경상사고,0,0,1,0,차대차 - 측면충돌,신호위반,건조,맑음,교차로 - 교차로안,승용,남,74세,상해없음,승용,남,62세,경상
2022082600100185,2022년 8월 26일 10시,금요일,대전광역시 동구 소제동,경상사고,0,0,1,0,차대차 - 측면충돌,안전운전불이행,건조,맑음,교차로 - 교차로부근,화물,남,57세,상해없음,승용,남,33세,경상
2022082600100220,2022년 8월 26일 11시,금요일,대전광역시 유성구 봉명동,경상사고,0,0,3,0,차대차 - 측면충돌,안전거리미확보,건조,맑음,단일로 - 기타,승용,남,61세,경상,승용,남,58세,경상
2022082600100244,2022년 8월 26일 12시,금요일,대전광역시 유성구 지족동,경상사고,0,0,1,0,차대차 - 기타,안전운전불이행,건조,맑음,교차로 - 교차로안,화물,남,67세,상해없음,이륜,남,23세,경상
2022082600100281,2022년 8월 26일 13시,금요일,대전광역시 중구 대흥동,경상사고,0,0,1,0,차대사람 - 기타,안전운전불이행,건조,맑음,기타 - 기타,자전거,남,78세,상해없음,보행자,여,30세,경상
2022082600100282,2022년 8월 26일 13시,금요일,대전광역시 유성구 봉명동,경상사고,0,0,1,0,차대차 - 기타,신호위반,건조,맑음,단일로 - 기타,승용,남,79세,상해없음,자전거,여,79세,경상
2022082600100306,2022년 8월 26일 14시,금요일,대전광역시 유성구 봉산동,중상사고,0,1,2,0,차대차 - 기타,안전운전불이행,건조,맑음,단일로 - 기타,승용,여,66세,경상,승용,남,28세,중상
2022082600100391,2022년 8월 26일 16시,금요일,대전광역시 동구 천동,경상사고,0,0,2,0,차대차 - 추돌,안전거리미확보,건조,맑음,교차로 - 교차로안,승용,남,51세,상해없음,화물,여,63세,경상
2022082600100446,2022년 8월 26일 17시,금요일,대전광역시 중구 대사동,경상사고,0,0,2,0,차대차 - 기타,안전운전불이행,건조,맑음,교차로 - 교차로횡단보도내,승용,여,46세,경상,원동기,남,22세,경상
2022082600100447,2022년 8월 26일 17시,금요일,대전광역시 중구 선화동,경상사고,0,0,2,0,차대차 - 측면충돌,안전거리미확보,건조,맑음,단일로 - 기타,승용,남,28세,상해없음,승용,여,57세,경상
2022082600100448,2022년 8월 26일 17시,금요일,대전광역시 서구 월평동,경상사고,0,0,1,0,차대차 - 추돌,안전운전불이행,건조,맑음,단일로 - 교량,승용,남,43세,상해없음,승용,남,55세,경상
2022082600100449,2022년 8월 26일 17시,금요일,대전광역시 서구 갈마동,중상사고,0,1,0,0,차대차 - 추돌,안전운전불이행,건조,맑음,교차로 - 교차로부근,승용,여,22세,상해없음,이륜,남,23세,중상
2022082600100450,2022년 8월 26일 17시,금요일,대전광역시 유성구 노은동,중상사고,0,1,0,0,차대차 - 기타,안전운전불이행,건조,맑음,교차로 - 교차로횡단보도내,승용,여,43세,상해없음,자전거,여,49세,중상
2022082600100504,2022년 8월 26일 18시,금요일,대전광역시 대덕구 송촌동,경상사고,0,0,2,0,차대차 - 후진중충돌,안전운전불이행,건조,맑음,단일로 - 기타,승용,남,57세,상해없음,승용,남,61세,경상
2022082600100505,2022년 8월 26일 18시,금요일,대전광역시 유성구 관평동,경상사고,0,0,1,0,차대차 - 측면충돌,신호위반,건조,맑음,교차로 - 교차로횡단보도내,승용,남,61세,상해없음,자전거,남,28세,경상
2022082600100545,2022년 8월 26일 19시,금요일,대전광역시 중구 대사동,경상사고,0,0,4,0,차대차 - 기타,안전운전불이행,건조,맑음,단일로 - 기타,승용,남,35세,경상,승용,여,51세,경상
2022082600100546,2022년 8월 26일 19시,금요일,대전광역시 유성구 봉명동,경상사고,0,0,1,0,차대차 - 추돌,안전운전불이행,건조,맑음,교차로 - 교차로부근,승용,남,51세,상해없음,승용,남,59세,경상
2022082600100604,2022년 8월 26일 21시,금요일,대전광역시 유성구 원신흥동,중상사고,0,1,0,0,차대사람 - 기타,안전운전불이행,건조,맑음,기타 - 기타,자전거,남,14세,상해없음,보행자,여,52세,중상
2022082700100039,2022년 8월 27일 02시,토요일,대전광역시 동구 용전동,경상사고,0,0,2,0,차대차 - 측면충돌,안전운전불이행,건조,맑음,교차로 - 교차로안,승용,여,23세,상해없음,승용,남,58세,경상
2022082700100064,2022년 8월 27일 04시,토요일,대전광역시 서구 둔산동,중상사고,0,1,0,0,차대사람 - 기타,안전운전불이행,건조,맑음,교차로 - 교차로안,승용,남,36세,상해없음,보행자,여,24세,중상
2022082700100072,2022년 8월 27일 05시,토요일,대전광역시 서구 괴정동,경상사고,0,0,2,0,차대차 - 추돌,안전운전불이행,건조,흐림,단일로 - 기타,승용,남,25세,상해없음,승용,남,22세,경상
2022082700100102,2022년 8월 27일 07시,토요일,대전광역시 유성구 장대동,경상사고,0,0,1,0,차대차 - 측면충돌,교차로운행방법위반,건조,맑음,교차로 - 교차로안,화물,남,26세,상해없음,승용,여,52세,경상
2022082700100271,2022년 8월 27일 12시,토요일,대전광역시 서구 갈마동,경상사고,0,0,1,0,차대차 - 기타,안전운전불이행,건조,맑음,단일로 - 기타,특수,남,24세,상해없음,이륜,남,39세,경상
2022082700100396,2022년 8월 27일 15시,토요일,대전광역시 동구 가양동,중상사고,0,1,0,0,차대차 - 기타,안전운전불이행,건조,맑음,단일로 - 기타,승용,여,39세,상해없음,개인형이동수단(PM),남,12세,중상
2022082700100440,2022년 8월 27일 16시,토요일,대전광역시 서구 월평동,경상사고,0,0,1,0,차대차 - 기타,안전운전불이행,건조,맑음,교차로 - 교차로안,이륜,남,21세,기타불명,승용,여,42세,경상
2022082700100531,2022년 8월 27일 18시,토요일,대전광역시 동구 원동,경상사고,0,0,2,0,차대차 - 기타,신호위반,건조,맑음,교차로 - 교차로안,승용,남,31세,상해없음,승용,남,34세,경상
2022082700100564,2022년 8월 27일 19시,토요일,대전광역시 서구 둔산동,경상사고,0,0,1,0,차대사람 - 길가장자리구역통행중,안전운전불이행,건조,맑음,단일로 - 기타,승용,여,25세,상해없음,보행자,남,40세,경상
2022082700100593,2022년 8월 27일 20시,토요일,대전광역시 대덕구 법동,경상사고,0,0,5,0,차대차 - 추돌,안전운전불이행,건조,맑음,교차로 - 교차로부근,화물,남,51세,상해없음,승용,남,79세,경상
2022082800100011,2022년 8월 28일 00시,일요일,대전광역시 서구 월평동,경상사고,0,0,1,0,차대차 - 기타,신호위반,건조,맑음,교차로 - 교차로안,승용,남,56세,상해없음,승용,남,57세,경상
2022082800100080,2022년 8월 28일 08시,일요일,대전광역시 대덕구 읍내동,경상사고,0,0,1,0,차대차 - 추돌,차로위반,건조,맑음,단일로 - 기타,건설기계,남,61세,상해없음,승용,남,37세,경상
2022082800100194,2022년 8월 28일 12시,일요일,대전광역시 서구 둔산동,경상사고,0,0,1,0,차대차 - 기타,중앙선침범,건조,맑음,단일로 - 기타,승용,남,77세,상해없음,이륜,남,26세,경상
2022082800100195,2022년 8월 28일 12시,일요일,대전광역시 유성구 장대동,경상사고,0,0,1,0,차대차 - 측면충돌,신호위반,건조,맑음,교차로 - 교차로안,승용,남,77세,상해없음,이륜,남,28세,경상
2022082800100428,2022년 8월 28일 19시,일요일,대전광역시 중구 유천동,경상사고,0,0,1,0,차대차 - 측면충돌,안전운전불이행,건조,맑음,단일로 - 기타,이륜,남,24세,경상,승용,남,27세,상해없음
2022082800100429,2022년 8월 28일 19시,일요일,대전광역시 유성구 화암동,부상신고사고,0,0,0,2,차대차 - 기타,신호위반,건조,맑음,교차로 - 교차로안,승용,남,22세,상해없음,승용,남,39세,부상신고
2022082800100457,2022년 8월 28일 20시,일요일,대전광역시 동구 가양동,중상사고,0,1,0,0,차대사람 - 횡단중,안전운전불이행,건조,맑음,교차로 - 교차로안,이륜,남,53세,상해없음,보행자,남,62세,중상
2022082800100458,2022년 8월 28일 20시,일요일,대전광역시 서구 둔산동,경상사고,0,0,1,0,차대사람 - 기타,안전운전불이행,건조,맑음,미분류 - 미분류,승용,여,21세,상해없음,보행자,남,23세,경상
2022082800100489,2022년 8월 28일 22시,일요일,대전광역시 중구 중촌동,경상사고,0,0,1,0,차대차 - 추돌,안전거리미확보,건조,맑음,단일로 - 기타,화물,남,26세,상해없음,승용,남,62세,경상
2022082800100490,2022년 8월 28일 22시,일요일,대전광역시 중구 오류동,경상사고,0,0,1,0,차대차 - 측면충돌,기타,건조,맑음,교차로 - 교차로안,승용,남,59세,기타불명,승용,남,26세,경상
2022082900100034,2022년 8월 29일 05시,월요일,대전광역시 서구 둔산동,경상사고,0,0,1,0,차대사람 - 기타,안전운전불이행,건조,맑음,주차장 - 주차장,승용,남,71세,상해없음,보행자,남,22세,경상
2022082900100125,2022년 8월 29일 08시,월요일,대전광역시 동구 낭월동,중상사고,0,1,0,0,차대차 - 측면충돌,신호위반,건조,맑음,교차로 - 교차로안,승용,남,47세,상해없음,자전거,남,75세,중상
2022082900100126,2022년 8월 29일 08시,월요일,대전광역시 대덕구 신탄진동,경상사고,0,0,1,0,차대차 - 측면충돌,신호위반,건조,맑음,교차로 - 교차로안,승용,남,32세,상해없음,승용,여,20세,경상
2022082900100127,2022년 8월 29일 08시,월요일,대전광역시 유성구 덕명동,경상사고,0,0,1,0,차대차 - 기타,안전운전불이행,건조,흐림,교차로 - 교차로안,승용,여,65세,상해없음,승용,남,65세,경상
2022082900100255,2022년 8월 29일 12시,월요일,대전광역시 서구 변동,경상사고,0,0,2,0,차대차 - 측면충돌,교차로운행방법위반,건조,맑음,교차로 - 교차로부근,화물,남,71세,경상,승용,여,59세,경상
2022082900100256,2022년 8월 29일 12시,월요일,대전광역시 서구 둔산동,경상사고,0,0,2,0,차대차 - 기타,안전운전불이행,젖음/습기,비,단일로 - 기타,승용,여,29세,상해없음,이륜,남,42세,경상
2022082900100257,2022년 8월 29일 12시,월요일,대전광역시 유성구 반석동,경상사고,0,0,1,0,차대사람 - 기타,안전운전불이행,건조,맑음,교차로 - 교차로안,승용,남,59세,상해없음,보행자,여,24세,경상
2022082900100298,2022년 8월 29일 13시,월요일,대전광역시 동구 대동,경상사고,0,0,1,0,차대차 - 측면충돌,안전운전불이행,젖음/습기,비,단일로 - 기타,승용,여,63세,상해없음,승용,남,34세,경상
2022082900100299,2022년 8월 29일 13시,월요일,대전광역시 서구 도안동,경상사고,0,0,1,0,차대사람 - 횡단중,보행자보호의무위반,건조,맑음,교차로 - 교차로횡단보도내,승용,남,65세,상해없음,보행자,남,7세,경상
2022082900100328,2022년 8월 29일 14시,월요일,대전광역시 유성구 송강동,경상사고,0,0,1,0,차대사람 - 차도통행중,안전운전불이행,건조,맑음,단일로 - 기타,승용,여,38세,기타불명,보행자,여,40세,경상
2022082900100399,2022년 8월 29일 16시,월요일,대전광역시 중구 안영동,경상사고,0,0,2,0,차대차 - 기타,신호위반,젖음/습기,비,교차로 - 교차로안,승용,남,57세,상해없음,승용,남,59세,경상
2022082900100400,2022년 8월 29일 16시,월요일,대전광역시 서구 변동,경상사고,0,0,1,0,차대차 - 기타,교차로운행방법위반,젖음/습기,비,교차로 - 교차로안,승용,남,28세,기타불명,이륜,남,37세,경상
2022082900100401,2022년 8월 29일 16시,월요일,대전광역시 대덕구 문평동,경상사고,0,0,1,0,차대차 - 추돌,안전운전불이행,건조,맑음,단일로 - 교량,승용,여,32세,상해없음,승용,남,30세,경상
2022082900100402,2022년 8월 29일 16시,월요일,대전광역시 유성구 죽동,부상신고사고,0,0,0,1,차량단독 - 기타,기타,건조,맑음,단일로 - 기타,승합,남,50세,상해없음,,,,
2022082900100438,2022년 8월 29일 17시,월요일,대전광역시 동구 성남동,중상사고,0,1,0,0,차대차 - 기타,안전운전불이행,젖음/습기,흐림,단일로 - 기타,승용,남,37세,상해없음,이륜,남,55세,중상
2022082900100485,2022년 8월 29일 18시,월요일,대전광역시 대덕구 대화동,중상사고,0,1,0,0,차대차 - 기타,교차로운행방법위반,건조,맑음,교차로 - 교차로안,승용,남,61세,상해없음,이륜,남,59세,중상
2022082900100486,2022년 8월 29일 18시,월요일,대전광역시 유성구 용산동,경상사고,0,0,1,0,차대차 - 추돌,안전운전불이행,건조,맑음,기타 - 기타,승용,남,27세,상해없음,승용,남,28세,경상
2022082900100524,2022년 8월 29일 19시,월요일,대전광역시 중구 문화동,중상사고,0,1,0,0,차대사람 - 보도통행중,보행자보호의무위반,젖음/습기,흐림,교차로 - 교차로안,화물,남,51세,상해없음,보행자,여,61세,중상
2022082900100544,2022년 8월 29일 20시,월요일,대전광역시 유성구 봉명동,경상사고,0,0,1,0,차대차 - 정면충돌,안전운전불이행,젖음/습기,비,단일로 - 기타,승용,남,54세,상해없음,이륜,남,38세,경상
2022082900100545,2022년 8월 29일 20시,월요일,대전광역시 유성구 반석동,경상사고,0,0,1,0,차대차 - 측면충돌,교차로운행방법위반,젖음/습기,비,교차로 - 교차로안,승용,여,50세,상해없음,승용,남,32세,경상
2022082900100571,2022년 8월 29일 21시,월요일,대전광역시 서구 탄방동,경상사고,0,0,2,0,차대차 - 기타,안전운전불이행,건조,맑음,교차로 - 교차로안,승용,남,49세,상해없음,승용,남,27세,경상
2022082900100572,2022년 8월 29일 21시,월요일,대전광역시 유성구 봉명동,경상사고,0,0,2,0,차대차 - 측면충돌,안전운전불이행,젖음/습기,비,교차로 - 교차로안,승용,남,36세,경상,승용,남,68세,경상
2022082900100614,2022년 8월 29일 23시,월요일,대전광역시 중구 중촌동,경상사고,0,0,1,0,차대차 - 후진중충돌,중앙선침범,건조,맑음,교차로 - 교차로부근,승용,여,46세,상해없음,승용,남,43세,경상
2022082900100615,2022년 8월 29일 23시,월요일,대전광역시 동구 자양동,경상사고,0,0,2,0,차대차 - 후진중충돌,안전운전불이행,건조,맑음,교차로 - 교차로부근,화물,남,52세,상해없음,승용,남,19세,경상
2022082900100616,2022년 8월 29일 23시,월요일,대전광역시 동구 판암동,경상사고,0,0,1,0,차대차 - 기타,안전운전불이행,건조,맑음,단일로 - 기타,승용,남,62세,상해없음,승용,남,69세,경상
2022082900100617,2022년 8월 29일 23시,월요일,대전광역시 유성구 장대동,경상사고,0,0,1,0,차대차 - 추돌,안전운전불이행,건조,맑음,교차로 - 교차로부근,화물,남,44세,상해없음,승용,남,58세,경상
2022083000100009,2022년 8월 30일 00시,화요일,대전광역시 서구 갈마동,경상사고,0,0,1,0,차대차 - 기타,안전운전불이행,건조,맑음,교차로 - 교차로부근,승용,남,46세,상해없음,승용,남,66세,상해없음
2022083000100040,2022년 8월 30일 04시,화요일,대전광역시 동구 소제동,경상사고,0,0,1,0,차대차 - 추돌,안전운전불이행,건조,맑음,교차로 - 교차로부근,승용,여,22세,상해없음,화물,남,68세,경상
2022083000100126,2022년 8월 30일 08시,화요일,대전광역시 대덕구 목상동,경상사고,0,0,1,0,차대차 - 기타,안전운전불이행,젖음/습기,비,단일로 - 기타,승용,남,40세,상해없음,승용,여,36세,경상
2022083000100186,2022년 8월 30일 10시,화요일,대전광역시 유성구 화암동,경상사고,0,0,1,0,차대차 - 측면충돌,안전거리미확보,젖음/습기,비,단일로 - 기타,화물,남,55세,상해없음,승합,남,32세,경상
2022083000100222,2022년 8월 30일 11시,화요일,대전광역시 서구 관저동,경상사고,0,0,1,0,차대차 - 기타,안전운전불이행,젖음/습기,맑음,교차로 - 교차로부근,승용,여,51세,상해없음,이륜,남,30세,경상
2022083000100248,2022년 8월 30일 12시,화요일,대전광역시 중구 선화동,경상사고,0,0,1,0,차대차 - 측면충돌,안전거리미확보,젖음/습기,비,단일로 - 기타,승용,남,48세,상해없음,이륜,남,68세,경상
2022083000100249,2022년 8월 30일 12시,화요일,대전광역시 대덕구 송촌동,경상사고,0,0,1,0,차대사람 - 기타,안전운전불이행,젖음/습기,비,교차로 - 교차로안,승용,남,54세,상해없음,보행자,남,11세,경상
2022083000100279,2022년 8월 30일 13시,화요일,대전광역시 유성구 봉명동,경상사고,0,0,1,0,차대차 - 기타,안전거리미확보,건조,맑음,단일로 - 기타,승용,여,29세,상해없음,화물,남,56세,경상
2022083000100345,2022년 8월 30일 15시,화요일,대전광역시 중구 대흥동,경상사고,0,0,1,0,차대차 - 측면충돌,교차로운행방법위반,젖음/습기,비,교차로 - 교차로횡단보도내,승용,여,35세,상해없음,승용,여,51세,경상
2022083000100346,2022년 8월 30일 15시,화요일,대전광역시 동구 대성동,경상사고,0,0,1,0,차대차 - 측면충돌,안전운전불이행,젖음/습기,비,교차로 - 교차로부근,화물,남,68세,상해없음,승용,남,64세,경상
2022083000100347,2022년 8월 30일 15시,화요일,대전광역시 서구 내동,경상사고,0,0,1,0,차대사람 - 횡단중,보행자보호의무위반,젖음/습기,비,교차로 - 교차로부근,승용,여,33세,상해없음,보행자,남,7세,경상
2022083000100367,2022년 8월 30일 16시,화요일,대전광역시 유성구 장대동,경상사고,0,0,1,1,차대차 - 추돌,안전운전불이행,젖음/습기,비,단일로 - 기타,화물,남,51세,상해없음,승용,여,36세,경상
2022083000100468,2022년 8월 30일 18시,화요일,대전광역시 유성구 학하동,경상사고,0,0,1,0,차대차 - 추돌,안전운전불이행,건조,맑음,단일로 - 기타,승용,남,38세,상해없음,승용,여,38세,경상
2022083000100559,2022년 8월 30일 21시,화요일,대전광역시 서구 둔산동,경상사고,0,0,1,0,차대차 - 측면충돌,안전운전불이행,젖음/습기,비,교차로 - 교차로부근,승용,남,59세,상해없음,승용,남,58세,경상
2022083000100588,2022년 8월 30일 22시,화요일,대전광역시 서구 변동,중상사고,0,1,0,0,차대사람 - 횡단중,신호위반,젖음/습기,비,단일로 - 기타,이륜,남,39세,상해없음,보행자,여,19세,중상
2022083000100610,2022년 8월 30일 23시,화요일,대전광역시 서구 괴정동,중상사고,0,3,0,0,차대차 - 기타,안전운전불이행,젖음/습기,비,교차로 - 교차로안,승용,남,56세,상해없음,승용,남,33세,중상
2022083100100029,2022년 8월 31일 01시,수요일,대전광역시 서구 탄방동,경상사고,0,0,2,0,차대차 - 기타,중앙선침범,젖음/습기,비,교차로 - 교차로횡단보도내,승용,남,44세,상해없음,승용,남,55세,경상
2022083100100080,2022년 8월 31일 07시,수요일,대전광역시 서구 도안동,중상사고,0,1,0,0,차대사람 - 횡단중,보행자보호의무위반,건조,맑음,교차로 - 교차로횡단보도내,승용,남,39세,상해없음,보행자,남,37세,중상
2022083100100201,2022년 8월 31일 11시,수요일,대전광역시 중구 문화동,경상사고,0,0,1,0,차대사람 - 기타,보행자보호의무위반,젖음/습기,맑음,교차로 - 교차로부근,승용,남,64세,상해없음,보행자,남,82세,경상
2022083100100202,2022년 8월 31일 11시,수요일,대전광역시 유성구 지족동,중상사고,0,1,2,0,차대차 - 기타,신호위반,건조,맑음,단일로 - 지하차도(도로)내,건설기계,남,61세,상해없음,승용,남,47세,경상
2022083100100230,2022년 8월 31일 12시,수요일,대전광역시 서구 도마동,경상사고,0,0,1,0,차대차 - 정면충돌,안전운전불이행,건조,맑음,기타 - 기타,승용,남,49세,상해없음,승용,남,29세,경상
2022083100100352,2022년 8월 31일 16시,수요일,대전광역시 중구 산성동,경상사고,0,0,1,0,차대차 - 기타,안전운전불이행,건조,맑음,단일로 - 기타,승용,남,62세,상해없음,이륜,남,28세,경상
2022083100100382,2022년 8월 31일 17시,수요일,대전광역시 서구 괴곡동,경상사고,0,0,1,0,차대차 - 기타,안전거리미확보,건조,맑음,단일로 - 기타,승용,남,23세,상해없음,승용,남,42세,경상
2022083100100399,2022년 8월 31일 17시,수요일,대전광역시 대덕구 중리동,경상사고,0,0,1,0,차대사람 - 횡단중,신호위반,건조,맑음,교차로 - 교차로부근,승용,여,58세,상해없음,보행자,여,10세,경상
2022083100100437,2022년 8월 31일 18시,수요일,대전광역시 중구 선화동,경상사고,0,0,1,0,차대차 - 기타,안전거리미확보,건조,맑음,단일로 - 기타,승합,남,54세,기타불명,이륜,남,46세,경상
2022083100100476,2022년 8월 31일 19시,수요일,대전광역시 서구 내동,경상사고,0,0,2,0,차대사람 - 기타,신호위반,건조,맑음,교차로 - 교차로횡단보도내,이륜,남,62세,상해없음,보행자,여,13세,경상
2022083100100477,2022년 8월 31일 19시,수요일,대전광역시 유성구 반석동,경상사고,0,0,2,0,차대차 - 기타,안전운전불이행,건조,맑음,단일로 - 기타,승용,남,35세,상해없음,승용,여,54세,경상
2022083100100556,2022년 8월 31일 23시,수요일,대전광역시 대덕구 중리동,경상사고,0,0,1,0,차대사람 - 길가장자리구역통행중,안전운전불이행,건조,맑음,단일로 - 기타,승용,남,28세,상해없음,보행자,남,29세,경상
2022090100100029,2022년 9월 1일 04시,목요일,대전광역시 서구 괴정동,경상사고,0,0,1,0,차대차 - 추돌,안전운전불이행,건조,맑음,단일로 - 기타,화물,남,28세,상해없음,승용,여,43세,경상
2022090100100037,2022년 9월 1일 05시,목요일,대전광역시 서구 관저동,중상사고,0,1,1,0,차대차 - 기타,신호위반,건조,맑음,교차로 - 교차로안,이륜,남,81세,중상,승용,여,57세,경상
2022090100100122,2022년 9월 1일 08시,목요일,대전광역시 대덕구 중리동,중상사고,0,1,0,0,차대차 - 기타,안전거리미확보,건조,맑음,단일로 - 기타,이륜,남,35세,중상,승용,여,37세,상해없음
2022090100100123,2022년 9월 1일 08시,목요일,대전광역시 서구 갈마동,경상사고,0,0,1,0,차대차 - 측면충돌,안전운전불이행,건조,맑음,교차로 - 교차로부근,승용,남,25세,상해없음,승용,남,22세,경상
2022090100100124,2022년 9월 1일 08시,목요일,대전광역시 유성구 봉명동,경상사고,0,0,1,0,차대차 - 기타,안전운전불이행,건조,맑음,교차로 - 교차로부근,승용,남,27세,상해없음,승용,여,31세,경상
2022090100100182,2022년 9월 1일 10시,목요일,대전광역시 유성구 봉명동,경상사고,0,0,2,0,차대차 - 측면충돌,안전운전불이행,건조,맑음,교차로 - 교차로안,승용,남,48세,상해없음,화물,남,43세,경상
2022090100100183,2022년 9월 1일 10시,목요일,대전광역시 유성구 전민동,경상사고,0,0,1,0,차대차 - 기타,신호위반,건조,맑음,교차로 - 교차로안,승용,여,31세,상해없음,승합,남,63세,상해없음
2022090100100248,2022년 9월 1일 12시,목요일,대전광역시 동구 대성동,중상사고,0,1,0,0,차량단독 - 기타,안전운전불이행,건조,맑음,단일로 - 기타,승합,남,43세,상해없음,,,,
2022090100100249,2022년 9월 1일 12시,목요일,대전광역시 동구 가오동,경상사고,0,0,1,0,차대차 - 기타,신호위반,건조,맑음,교차로 - 교차로안,승용,남,65세,상해없음,승용,남,32세,경상
2022090100100250,2022년 9월 1일 12시,목요일,대전광역시 대덕구 석봉동,중상사고,0,1,0,0,차대사람 - 차도통행중,안전운전불이행,건조,맑음,단일로 - 기타,화물,남,61세,상해없음,보행자,남,74세,중상
2022090100100251,2022년 9월 1일 12시,목요일,대전광역시 대덕구 읍내동,경상사고,0,0,1,0,차대사람 - 기타,안전운전불이행,건조,맑음,단일로 - 기타,승합,남,50세,상해없음,보행자,여,68세,경상
2022090100100252,2022년 9월 1일 12시,목요일,대전광역시 유성구 봉명동,경상사고,0,0,1,0,차대차 - 측면충돌,안전거리미확보,건조,맑음,단일로 - 기타,화물,남,56세,상해없음,승용,남,72세,경상
2022090100100300,2022년 9월 1일 13시,목요일,대전광역시 서구 갈마동,중상사고,0,1,0,0,차대사람 - 기타,안전운전불이행,건조,맑음,단일로 - 기타,승용,남,54세,상해없음,보행자,여,89세,중상
2022090100100329,2022년 9월 1일 14시,목요일,대전광역시 서구 탄방동,중상사고,0,1,0,0,차대사람 - 횡단중,안전운전불이행,건조,맑음,교차로 - 교차로부근,승용,남,51세,상해없음,보행자,여,49세,중상
2022090100100330,2022년 9월 1일 14시,목요일,대전광역시 유성구 반석동,경상사고,0,0,1,0,차량단독 - 기타,안전운전불이행,건조,맑음,기타 - 기타,승합,남,35세,상해없음,,,,
2022090100100423,2022년 9월 1일 16시,목요일,대전광역시 동구 판암동,중상사고,0,1,0,0,차대차 - 측면충돌,신호위반,건조,맑음,교차로 - 교차로횡단보도내,이륜,남,49세,상해없음,자전거,남,15세,중상
2022090100100479,2022년 9월 1일 17시,목요일,대전광역시 서구 월평동,경상사고,0,0,1,0,차대차 - 기타,안전운전불이행,건조,맑음,교차로 - 교차로부근,화물,남,42세,기타불명,승용,여,63세,경상
2022090100100514,2022년 9월 1일 18시,목요일,대전광역시 서구 괴정동,중상사고,0,1,0,0,차대사람 - 횡단중,보행자보호의무위반,건조,맑음,기타 - 기타,승용,남,64세,상해없음,보행자,여,73세,중상
2022090100100515,2022년 9월 1일 18시,목요일,대전광역시 서구 월평동,경상사고,0,0,1,0,차대차 - 측면충돌,안전운전불이행,건조,맑음,교차로 - 교차로부근,승용,남,41세,기타불명,승용,남,47세,경상
2022090100100553,2022년 9월 1일 19시,목요일,대전광역시 유성구 지족동,중상사고,0,1,0,0,차대차 - 측면충돌,교차로운행방법위반,건조,흐림,교차로 - 교차로안,승용,여,64세,상해없음,승용,남,65세,중상
2022090100100637,2022년 9월 1일 23시,목요일,대전광역시 중구 선화동,경상사고,0,0,2,0,차대차 - 기타,신호위반,건조,맑음,교차로 - 교차로안,승용,남,58세,상해없음,승용,여,57세,경상
2022090100100638,2022년 9월 1일 23시,목요일,대전광역시 유성구 궁동,중상사고,0,1,0,0,차대차 - 기타,신호위반,건조,맑음,교차로 - 교차로부근,이륜,남,30세,기타불명,이륜,남,39세,중상
2022090200100054,2022년 9월 2일 05시,금요일,대전광역시 대덕구 오정동,경상사고,0,0,1,1,차대차 - 측면충돌,교차로운행방법위반,건조,맑음,교차로 - 교차로안,화물,남,52세,상해없음,승용,남,74세,경상
2022090200100055,2022년 9월 2일 05시,금요일,대전광역시 서구 둔산동,중상사고,0,4,0,0,차대차 - 기타,신호위반,건조,맑음,교차로 - 교차로안,승용,여,23세,중상,승용,여,48세,중상
2022090200100063,2022년 9월 2일 06시,금요일,대전광역시 서구 둔산동,경상사고,0,0,1,0,차대차 - 기타,안전운전불이행,건조,맑음,단일로 - 기타,승용,남,66세,상해없음,승용,남,66세,경상
2022090200100090,2022년 9월 2일 07시,금요일,대전광역시 서구 갈마동,경상사고,0,0,1,0,차대차 - 기타,안전운전불이행,건조,맑음,기타 - 기타,승용,남,51세,상해없음,승용,여,55세,경상