사고번호,사고일시,요일,시군구,사고내용,사망자수,중상자수,경상자수,부상신고자수,사고유형,법규위반,노면상태,기상상태,도로형태,가해운전자 차종,가해운전자 성별,가해운전자 연령,가해운전자 상해정도,피해운전자 차종,피해운전자 성별,피해운전자 연령,피해운전자 상해정도
2022090800100291,2022년 9월 8일 12시,목요일,대전광역시 유성구 원촌동,경상사고,0,0,1,0,차대차 - 추돌,안전운전불이행,건조,맑음,단일로 - 기타,승용,남,30세,상해없음,승용,남,48세,경상
2022090800100333,2022년 9월 8일 13시,목요일,대전광역시 대덕구 와동,경상사고,0,0,1,0,차대차 - 측면충돌,안전운전불이행,건조,맑음,단일로 - 기타,화물,남,69세,상해없음,승용,여,47세,경상
2022090800100378,2022년 9월 8일 14시,목요일,대전광역시 동구 용전동,경상사고,0,0,2,0,차대차 - 측면충돌,안전운전불이행,건조,맑음,단일로 - 기타,원동기,남,17세,상해없음,승용,남,20세,경상
2022090800100379,2022년 9월 8일 14시,목요일,대전광역시 동구 성남동,경상사고,0,0,1,0,차대차 - 측면충돌,안전운전불이행,건조,맑음,교차로 - 교차로안,승용,여,36세,상해없음,승용,여,52세,경상
2022090800100380,2022년 9월 8일 14시,목요일,대전광역시 서구 괴정동,경상사고,0,0,1,0,차대차 - 기타,안전운전불이행,건조,맑음,교차로 - 교차로부근,승용,남,62세,상해없음,자전거,남,72세,경상
2022090800100381,2022년 9월 8일 14시,목요일,대전광역시 대덕구 상서동,경상사고,0,0,3,0,차대차 - 추돌,안전운전불이행,건조,맑음,교차로 - 교차로부근,승용,남,31세,상해없음,승용,여,54세,경상
2022090800100441,2022년 9월 8일 15시,목요일,대전광역시 동구 천동,경상사고,0,0,1,0,차대차 - 추돌,안전운전불이행,건조,맑음,교차로 - 교차로안,승용,남,64세,상해없음,승용,여,29세,경상
2022090800100442,2022년 9월 8일 15시,목요일,대전광역시 동구 원동,경상사고,0,0,2,0,차대차 - 추돌,안전운전불이행,건조,맑음,단일로 - 기타,승용,여,28세,경상,화물,남,62세,기타불명
2022090800100443,2022년 9월 8일 15시,목요일,대전광역시 동구 용전동,경상사고,0,0,1,0,차대차 - 측면충돌,안전운전불이행,건조,맑음,교차로 - 교차로안,승용,남,21세,상해없음,승용,여,51세,경상
2022090800100444,2022년 9월 8일 15시,목요일,대전광역시 서구 도마동,중상사고,0,1,0,0,차대사람 - 기타,신호위반,건조,맑음,교차로 - 교차로안,승용,남,50세,상해없음,보행자,남,52세,중상
2022090800100518,2022년 9월 8일 16시,목요일,대전광역시 대덕구 오정동,경상사고,0,0,7,0,차대차 - 측면충돌,신호위반,건조,맑음,교차로 - 교차로부근,승용,여,48세,상해없음,승합,남,43세,경상
2022090800100519,2022년 9월 8일 16시,목요일,대전광역시 대덕구 오정동,경상사고,0,0,1,0,차대사람 - 기타,기타,건조,맑음,단일로 - 기타,승합,남,52세,기타불명,보행자,여,60세,경상
2022090800100520,2022년 9월 8일 16시,목요일,대전광역시 대덕구 평촌동,경상사고,0,0,1,0,차대차 - 추돌,안전운전불이행,건조,맑음,단일로 - 기타,화물,남,63세,상해없음,승용,여,62세,경상
2022090800100521,2022년 9월 8일 16시,목요일,대전광역시 서구 둔산동,중상사고,0,1,0,0,차대사람 - 횡단중,보행자보호의무위반,건조,맑음,교차로 - 교차로횡단보도내,승용,여,29세,상해없음,보행자,여,18세,중상
2022090800100522,2022년 9월 8일 16시,목요일,대전광역시 서구 둔산동,경상사고,0,0,1,0,차대차 - 추돌,안전거리미확보,건조,맑음,단일로 - 기타,승용,남,47세,상해없음,승용,여,41세,경상
2022090800100523,2022년 9월 8일 16시,목요일,대전광역시 유성구 원신흥동,경상사고,0,0,1,0,차대차 - 추돌,안전운전불이행,건조,맑음,기타 - 기타,승용,남,19세,상해없음,승용,남,38세,경상
2022090800100601,2022년 9월 8일 17시,목요일,대전광역시 중구 대흥동,경상사고,0,0,1,0,차대차 - 측면충돌,교차로운행방법위반,건조,맑음,교차로 - 교차로안,화물,남,70세,상해없음,승용,여,49세,경상
2022090800100662,2022년 9월 8일 18시,목요일,대전광역시 중구 오류동,경상사고,0,0,1,0,차대차 - 기타,안전거리미확보,건조,맑음,단일로 - 기타,승용,여,35세,상해없음,승합,남,37세,경상
2022090800100663,2022년 9월 8일 18시,목요일,대전광역시 대덕구 송촌동,경상사고,0,0,4,0,차대차 - 측면충돌,안전운전불이행,건조,맑음,단일로 - 기타,승용,여,57세,상해없음,승용,남,32세,경상
2022090800100713,2022년 9월 8일 19시,목요일,대전광역시 서구 관저동,경상사고,0,0,1,0,차대차 - 측면충돌,안전운전불이행,건조,기타,단일로 - 기타,승용,남,71세,상해없음,승용,남,58세,경상
2022090800100714,2022년 9월 8일 19시,목요일,대전광역시 유성구 구암동,사망사고,1,0,0,0,차대사람 - 횡단중,기타,건조,맑음,단일로 - 기타,승용,남,55세,상해없음,보행자,남,77세,사망
2022090800100715,2022년 9월 8일 19시,목요일,대전광역시 유성구 죽동,경상사고,0,0,1,0,차대차 - 기타,안전운전불이행,건조,맑음,교차로 - 교차로안,승용,남,47세,상해없음,승용,남,60세,경상
2022090800100733,2022년 9월 8일 20시,목요일,대전광역시 중구 문창동,경상사고,0,0,1,0,차대차 - 기타,중앙선침범,건조,맑음,단일로 - 기타,승용,남,66세,상해없음,원동기,남,18세,경상
2022090800100734,2022년 9월 8일 20시,목요일,대전광역시 대덕구 석봉동,경상사고,0,0,1,0,차대차 - 기타,안전운전불이행,건조,맑음,교차로 - 교차로안,승용,남,28세,상해없음,이륜,남,37세,경상
2022090800100776,2022년 9월 8일 21시,목요일,대전광역시 중구 유천동,중상사고,0,1,0,0,차대차 - 기타,안전운전불이행,건조,맑음,단일로 - 기타,기타불명,기타불명,미분류,기타불명,이륜,남,23세,중상
2022090800100777,2022년 9월 8일 21시,목요일,대전광역시 동구 소제동,경상사고,0,0,2,0,차대차 - 측면충돌,신호위반,건조,맑음,교차로 - 교차로안,승용,남,58세,상해없음,승용,남,63세,경상
2022090800100828,2022년 9월 8일 23시,목요일,대전광역시 대덕구 상서동,경상사고,0,0,1,0,차대차 - 기타,안전운전불이행,건조,맑음,단일로 - 기타,승용,남,27세,상해없음,승용,남,55세,경상
2022090900100014,2022년 9월 9일 00시,금요일,대전광역시 서구 갈마동,경상사고,0,0,1,0,차대차 - 추돌,안전운전불이행,건조,맑음,단일로 - 기타,이륜,남,27세,기타불명,승용,남,59세,경상
2022090900100026,2022년 9월 9일 01시,금요일,대전광역시 중구 유천동,경상사고,0,0,3,0,차대차 - 기타,중앙선침범,건조,맑음,단일로 - 기타,원동기,남,22세,상해없음,승용,남,66세,경상
2022090900100027,2022년 9월 9일 01시,금요일,대전광역시 서구 도안동,중상사고,0,1,1,0,차대차 - 기타,신호위반,건조,맑음,교차로 - 교차로안,승용,남,76세,상해없음,승용,남,51세,상해없음
2022090900100028,2022년 9월 9일 01시,금요일,대전광역시 대덕구 석봉동,중상사고,0,1,0,0,차대사람 - 기타,안전운전불이행,건조,맑음,단일로 - 기타,화물,남,63세,상해없음,보행자,여,74세,중상
2022090900100050,2022년 9월 9일 03시,금요일,대전광역시 서구 둔산동,경상사고,0,0,1,0,차대사람 - 길가장자리구역통행중,안전운전불이행,건조,맑음,단일로 - 기타,승용,남,33세,상해없음,보행자,남,19세,경상
2022090900100063,2022년 9월 9일 04시,금요일,대전광역시 서구 월평동,경상사고,0,0,1,0,차대차 - 측면충돌,신호위반,건조,맑음,교차로 - 교차로안,승용,남,26세,상해없음,승용,남,57세,경상
2022090900100125,2022년 9월 9일 09시,금요일,대전광역시 중구 문화동,경상사고,0,0,1,0,차대사람 - 기타,보행자보호의무위반,건조,맑음,교차로 - 교차로횡단보도내,화물,남,57세,상해없음,보행자,여,80세,경상
2022090900100126,2022년 9월 9일 09시,금요일,대전광역시 대덕구 비래동,경상사고,0,0,1,0,차대차 - 기타,안전운전불이행,건조,맑음,단일로 - 기타,승용,여,55세,상해없음,승용,남,41세,경상
2022090900100153,2022년 9월 9일 10시,금요일,대전광역시 대덕구 비래동,중상사고,0,2,0,1,차대차 - 측면충돌,교차로운행방법위반,건조,맑음,교차로 - 교차로안,승용,남,61세,상해없음,승용,남,54세,중상
2022090900100154,2022년 9월 9일 10시,금요일,대전광역시 유성구 봉명동,중상사고,0,1,0,0,차대사람 - 기타,안전운전불이행,건조,맑음,교차로 - 교차로횡단보도내,승용,남,48세,상해없음,보행자,여,47세,중상
2022090900100186,2022년 9월 9일 11시,금요일,대전광역시 서구 도마동,경상사고,0,0,2,0,차대차 - 추돌,안전거리미확보,건조,맑음,단일로 - 기타,승용,여,40세,상해없음,승용,여,32세,경상
2022090900100187,2022년 9월 9일 11시,금요일,대전광역시 유성구 반석동,중상사고,0,1,2,0,차대차 - 기타,안전운전불이행,건조,맑음,단일로 - 기타,승용,여,57세,상해없음,승용,남,29세,중상
2022090900100263,2022년 9월 9일 13시,금요일,대전광역시 서구 월평동,경상사고,0,0,2,0,차대차 - 기타,안전운전불이행,건조,맑음,교차로 - 교차로안,승용,여,70세,상해없음,승용,남,31세,경상
2022090900100416,2022년 9월 9일 18시,금요일,대전광역시 서구 갈마동,경상사고,0,0,1,0,차대차 - 추돌,안전운전불이행,건조,맑음,기타 - 기타,승용,남,27세,상해없음,승용,남,68세,경상
2022090900100442,2022년 9월 9일 19시,금요일,대전광역시 중구 용두동,경상사고,0,0,1,0,차대차 - 기타,안전거리미확보,건조,맑음,단일로 - 교량,승용,남,67세,상해없음,승용,여,55세,경상
2022090900100443,2022년 9월 9일 19시,금요일,대전광역시 서구 갈마동,중상사고,0,1,0,0,차대차 - 추돌,안전운전불이행,건조,맑음,교차로 - 교차로안,승용,남,70세,기타불명,승용,남,30세,중상
2022090900100470,2022년 9월 9일 20시,금요일,대전광역시 중구 문화동,경상사고,0,0,2,0,차대차 - 기타,안전거리미확보,건조,맑음,교차로 - 교차로안,승용,여,32세,상해없음,승용,남,65세,경상
2022090900100507,2022년 9월 9일 22시,금요일,대전광역시 중구 문화동,중상사고,0,1,0,0,차대차 - 측면충돌,교차로운행방법위반,건조,맑음,교차로 - 교차로안,개인형이동수단(PM),여,17세,중상,승용,남,65세,상해없음
2022090900100520,2022년 9월 9일 23시,금요일,대전광역시 서구 둔산동,경상사고,0,0,1,0,차대사람 - 기타,안전운전불이행,건조,맑음,기타 - 기타,승용,남,65세,상해없음,보행자,남,45세,경상
2022091000100029,2022년 9월 10일 02시,토요일,대전광역시 서구 둔산동,경상사고,0,0,1,0,차대사람 - 보도통행중,안전운전불이행,건조,맑음,단일로 - 기타,승용,남,25세,상해없음,보행자,남,26세,경상
2022091000100111,2022년 9월 10일 10시,토요일,대전광역시 서구 관저동,경상사고,0,0,9,0,차대차 - 측면충돌,신호위반,건조,맑음,교차로 - 교차로부근,승용,남,61세,경상,승용,남,57세,경상
2022091000100138,2022년 9월 10일 11시,토요일,대전광역시 유성구 노은동,경상사고,0,0,4,0,차대차 - 기타,안전운전불이행,건조,맑음,기타 - 기타,승용,남,65세,상해없음,승용,남,40세,경상
2022091000100180,2022년 9월 10일 13시,토요일,대전광역시 유성구 장대동,경상사고,0,0,6,0,차대차 - 추돌,안전운전불이행,건조,맑음,단일로 - 기타,승용,남,47세,상해없음,승용,남,37세,경상
2022091000100189,2022년 9월 10일 13시,토요일,대전광역시 대덕구 신탄진동,경상사고,0,0,2,0,차대차 - 측면충돌,교차로운행방법위반,건조,맑음,교차로 - 교차로안,승용,남,54세,상해없음,승용,남,32세,경상
2022091000100190,2022년 9월 10일 13시,토요일,대전광역시 서구 둔산동,경상사고,0,0,4,0,차대차 - 기타,중앙선침범,건조,맑음,교차로 - 교차로안,승용,여,30세,상해없음,승용,여,36세,경상
2022091000100241,2022년 9월 10일 15시,토요일,대전광역시 대덕구 신탄진동,경상사고,0,0,3,0,차대차 - 측면충돌,신호위반,건조,맑음,단일로 - 교량,승용,남,28세,상해없음,승용,남,36세,경상
2022091000100279,2022년 9월 10일 17시,토요일,대전광역시 동구 가양동,경상사고,0,0,1,0,차대차 - 후진중충돌,안전운전불이행,건조,흐림,단일로 - 기타,승용,남,53세,상해없음,화물,남,25세,경상
2022091000100297,2022년 9월 10일 18시,토요일,대전광역시 서구 만년동,경상사고,0,0,1,0,차대차 - 기타,안전운전불이행,건조,맑음,단일로 - 기타,개인형이동수단(PM),남,27세,상해없음,자전거,남,21세,경상
2022091000100335,2022년 9월 10일 20시,토요일,대전광역시 유성구 봉명동,경상사고,0,0,1,0,차대차 - 측면충돌,신호위반,건조,맑음,교차로 - 교차로안,승용,남,40세,기타불명,승합,남,27세,경상
2022091000100357,2022년 9월 10일 21시,토요일,대전광역시 대덕구 신탄진동,중상사고,0,2,0,0,차대차 - 기타,교차로운행방법위반,건조,맑음,교차로 - 교차로안,승용,여,61세,상해없음,승용,남,53세,중상
2022091000100358,2022년 9월 10일 21시,토요일,대전광역시 서구 만년동,경상사고,0,0,2,0,차대차 - 기타,신호위반,건조,맑음,교차로 - 교차로안,기타불명,기타불명,미분류,기타불명,승용,남,36세,경상
2022091000100370,2022년 9월 10일 22시,토요일,대전광역시 서구 도안동,중상사고,0,4,3,0,차대차 - 측면충돌,신호위반,건조,맑음,교차로 - 교차로안,승용,남,18세,상해없음,승용,여,32세,중상
2022091000100384,2022년 9월 10일 23시,토요일,대전광역시 유성구 장대동,경상사고,0,0,3,0,차대차 - 추돌,안전운전불이행,건조,맑음,교차로 - 교차로부근,승용,여,30세,상해없음,승용,여,46세,경상
2022091100100011,2022년 9월 11일 00시,일요일,대전광역시 서구 탄방동,경상사고,0,0,4,0,차대차 - 기타,안전운전불이행,건조,맑음,교차로 - 교차로부근,승용,남,62세,상해없음,승용,남,22세,경상
2022091100100020,2022년 9월 11일 01시,일요일,대전광역시 서구 갈마동,경상사고,0,0,1,0,차대차 - 기타,안전운전불이행,건조,맑음,단일로 - 지하차도(도로)내,승용,남,25세,상해없음,승용,남,27세,상해없음
2022091100100021,2022년 9월 11일 01시,일요일,대전광역시 유성구 지족동,경상사고,0,0,4,0,차대차 - 정면충돌,신호위반,건조,맑음,교차로 - 교차로부근,승용,여,28세,상해없음,승용,남,53세,경상
2022091100100084,2022년 9월 11일 10시,일요일,대전광역시 동구 용운동,경상사고,0,0,1,0,차대사람 - 횡단중,보행자보호의무위반,건조,맑음,교차로 - 교차로횡단보도내,승합,여,57세,상해없음,보행자,남,62세,경상
2022091100100130,2022년 9월 11일 12시,일요일,대전광역시 중구 유천동,중상사고,0,1,0,0,차대차 - 기타,교차로운행방법위반,건조,맑음,교차로 - 교차로안,승용,남,64세,상해없음,이륜,남,72세,중상
2022091100100155,2022년 9월 11일 13시,일요일,대전광역시 동구 용전동,경상사고,0,0,1,0,차대사람 - 기타,안전운전불이행,건조,맑음,기타 - 기타,승용,여,48세,상해없음,보행자,여,40세,경상
2022091100100156,2022년 9월 11일 13시,일요일,대전광역시 유성구 가정동,경상사고,0,0,2,0,차대차 - 기타,안전거리미확보,건조,맑음,교차로 - 교차로안,승용,남,63세,상해없음,승용,남,31세,경상
2022091100100183,2022년 9월 11일 14시,일요일,대전광역시 대덕구 미호동,중상사고,0,1,0,0,차대차 - 기타,신호위반,건조,맑음,단일로 - 기타,승용,여,46세,상해없음,자전거,남,55세,중상
2022091100100237,2022년 9월 11일 16시,일요일,대전광역시 유성구 장대동,경상사고,0,0,2,0,차대차 - 기타,안전거리미확보,건조,맑음,단일로 - 기타,승용,여,68세,상해없음,승용,남,25세,경상
2022091100100311,2022년 9월 11일 19시,일요일,대전광역시 유성구 노은동,경상사고,0,0,6,0,차대차 - 기타,신호위반,건조,맑음,교차로 - 교차로부근,승용,남,49세,상해없음,승용,남,22세,경상
2022091100100350,2022년 9월 11일 21시,일요일,대전광역시 대덕구 목상동,경상사고,0,0,1,0,차대차 - 기타,신호위반,젖음/습기,흐림,교차로 - 교차로안,승용,여,62세,상해없음,이륜,남,32세,경상
2022091100100370,2022년 9월 11일 22시,일요일,대전광역시 중구 유천동,경상사고,0,0,2,0,차대차 - 측면충돌,안전운전불이행,건조,맑음,단일로 - 기타,승용,남,53세,상해없음,승용,남,60세,상해없음
2022091100100389,2022년 9월 11일 23시,일요일,대전광역시 유성구 덕명동,경상사고,0,0,2,0,차대차 - 추돌,안전운전불이행,건조,맑음,교차로 - 교차로부근,승용,여,42세,경상,승용,남,42세,경상
2022091200100029,2022년 9월 12일 01시,월요일,대전광역시 대덕구 법동,경상사고,0,0,1,0,차대차 - 기타,안전운전불이행,젖음/습기,비,교차로 - 교차로부근,승용,여,25세,상해없음,승용,남,25세,경상
2022091200100086,2022년 9월 12일 08시,월요일,대전광역시 유성구 어은동,경상사고,0,0,1,0,차대차 - 기타,신호위반,건조,맑음,교차로 - 교차로횡단보도내,승용,남,52세,상해없음,자전거,남,47세,경상
2022091200100151,2022년 9월 12일 12시,월요일,대전광역시 대덕구 중리동,경상사고,0,0,5,0,차대차 - 측면충돌,신호위반,건조,맑음,교차로 - 교차로부근,승용,여,25세,경상,승용,남,72세,경상
2022091200100247,2022년 9월 12일 16시,월요일,대전광역시 대덕구 와동,경상사고,0,0,2,0,차대차 - 기타,안전거리미확보,건조,맑음,단일로 - 기타,승합,남,41세,상해없음,승용,여,32세,경상
2022091200100282,2022년 9월 12일 17시,월요일,대전광역시 중구 오류동,경상사고,0,0,1,0,차대사람 - 기타,안전운전불이행,건조,맑음,단일로 - 기타,승용,남,29세,상해없음,보행자,남,20세,경상
2022091200100284,2022년 9월 12일 17시,월요일,대전광역시 서구 장안동,경상사고,0,0,2,0,차대차 - 추돌,중앙선침범,건조,맑음,단일로 - 기타,승용,남,25세,경상,승용,남,39세,경상
2022091200100285,2022년 9월 12일 17시,월요일,대전광역시 유성구 송강동,중상사고,0,1,0,0,차대차 - 측면충돌,안전운전불이행,건조,맑음,단일로 - 기타,승용,기타불명,미분류,기타불명,승용,남,32세,중상
2022091200100366,2022년 9월 12일 20시,월요일,대전광역시 중구 문화동,중상사고,0,1,0,0,차대사람 - 차도통행중,안전운전불이행,건조,맑음,교차로 - 교차로부근,화물,남,54세,상해없음,보행자,남,68세,중상
2022091200100382,2022년 9월 12일 21시,월요일,대전광역시 서구 갈마동,경상사고,0,0,1,0,차대차 - 측면충돌,안전운전불이행,건조,맑음,단일로 - 기타,승용,남,57세,상해없음,자전거,남,59세,경상
2022091300100059,2022년 9월 13일 07시,화요일,대전광역시 서구 둔산동,중상사고,0,1,0,0,차대차 - 측면충돌,신호위반,건조,맑음,교차로 - 교차로안,승용,남,48세,상해없음,승용,남,56세,중상
2022091300100096,2022년 9월 13일 08시,화요일,대전광역시 서구 탄방동,경상사고,0,0,1,0,차대차 - 기타,안전운전불이행,건조,맑음,교차로 - 교차로안,승용,남,22세,상해없음,승용,남,49세,경상
2022091300100147,2022년 9월 13일 10시,화요일,대전광역시 중구 용두동,경상사고,0,0,2,0,차대차 - 측면충돌,안전거리미확보,건조,맑음,단일로 - 기타,승용,남,64세,상해없음,승용,남,59세,경상
2022091300100183,2022년 9월 13일 11시,화요일,대전광역시 중구 대흥동,중상사고,0,1,0,0,차대차 - 측면충돌,교차로운행방법위반,건조,맑음,교차로 - 교차로안,승용,남,35세,상해없음,이륜,남,54세,중상
2022091300100184,2022년 9월 13일 11시,화요일,대전광역시 동구 신안동,경상사고,0,0,1,0,차대차 - 측면충돌,신호위반,건조,맑음,교차로 - 교차로안,화물,남,57세,상해없음,승용,여,62세,경상
2022091300100185,2022년 9월 13일 11시,화요일,대전광역시 유성구 구암동,경상사고,0,0,3,0,차대차 - 기타,교차로운행방법위반,건조,맑음,교차로 - 교차로안,건설기계,남,58세,상해없음,승용,남,66세,경상
2022091300100209,2022년 9월 13일 12시,화요일,대전광역시 동구 원동,경상사고,0,0,1,0,차대차 - 측면충돌,안전운전불이행,건조,맑음,단일로 - 기타,화물,남,64세,상해없음,승합,남,48세,경상
2022091300100271,2022년 9월 13일 14시,화요일,대전광역시 중구 용두동,경상사고,0,0,1,0,차대차 - 기타,안전거리미확보,건조,맑음,단일로 - 기타,승용,남,61세,상해없음,승용,여,36세,경상
2022091300100272,2022년 9월 13일 14시,화요일,대전광역시 동구 가양동,경상사고,0,0,1,0,차대차 - 기타,중앙선침범,건조,맑음,단일로 - 기타,승용,남,68세,상해없음,화물,남,29세,경상
2022091300100273,2022년 9월 13일 14시,화요일,대전광역시 유성구 방동,경상사고,0,0,1,0,차대차 - 측면충돌,안전거리미확보,건조,맑음,단일로 - 기타,특수,남,40세,상해없음,화물,남,63세,경상
2022091300100372,2022년 9월 13일 17시,화요일,대전광역시 유성구 지족동,경상사고,0,0,1,0,차대차 - 측면충돌,안전운전불이행,건조,맑음,교차로 - 교차로횡단보도내,승용,여,54세,상해없음,자전거,남,10세,경상
2022091300100406,2022년 9월 13일 18시,화요일,대전광역시 동구 용전동,경상사고,0,0,1,0,차대차 - 측면충돌,안전거리미확보,건조,맑음,단일로 - 기타,승용,여,25세,상해없음,승용,여,47세,경상
2022091300100468,2022년 9월 13일 20시,화요일,대전광역시 동구 자양동,중상사고,0,2,0,0,차대차 - 측면충돌,안전운전불이행,건조,맑음,교차로 - 교차로안,승용,남,64세,상해없음,이륜,남,22세,중상
2022091300100488,2022년 9월 13일 21시,화요일,대전광역시 서구 도안동,중상사고,0,1,0,0,차대차 - 기타,신호위반,건조,흐림,교차로 - 교차로안,개인형이동수단(PM),여,12세,상해없음,이륜,남,50세,중상
2022091300100489,2022년 9월 13일 21시,화요일,대전광역시 서구 월평동,중상사고,0,1,0,0,차대사람 - 기타,안전운전불이행,건조,맑음,기타 - 기타,승용,여,32세,상해없음,보행자,남,37세,중상
2022091300100509,2022년 9월 13일 22시,화요일,대전광역시 서구 월평동,경상사고,0,0,3,0,차대차 - 기타,안전운전불이행,건조,맑음,단일로 - 기타,승용,남,57세,기타불명,승용,남,37세,경상
2022091400100039,2022년 9월 14일 06시,수요일,대전광역시 중구 부사동,경상사고,0,0,1,0,차량단독 - 기타,기타,건조,맑음,단일로 - 기타,승합,남,55세,기타불명,,,,
2022091400100060,2022년 9월 14일 07시,수요일,대전광역시 서구 탄방동,경상사고,0,0,1,0,차대사람 - 기타,안전운전불이행,건조,맑음,단일로 - 기타,승용,남,36세,상해없음,보행자,여,26세,경상
2022091400100061,2022년 9월 14일 07시,수요일,대전광역시 유성구 상대동,경상사고,0,0,1,0,차대차 - 측면충돌,안전운전불이행,건조,맑음,교차로 - 교차로부근,승용,남,67세,상해없음,승용,여,40세,경상
2022091400100112,2022년 9월 14일 08시,수요일,대전광역시 서구 관저동,경상사고,0,0,3,0,차대차 - 추돌,안전거리미확보,건조,맑음,단일로 - 지하차도(도로)내,승용,남,41세,경상,승용,여,67세,경상
2022091400100148,2022년 9월 14일 09시,수요일,대전광역시 중구 선화동,경상사고,0,0,3,0,차대차 - 기타,안전거리미확보,건조,맑음,단일로 - 기타,건설기계,남,35세,상해없음,승용,남,66세,경상
2022091400100238,2022년 9월 14일 12시,수요일,대전광역시 중구 은행동,경상사고,0,0,1,0,차대차 - 기타,안전거리미확보,건조,맑음,단일로 - 기타,승합,남,49세,상해없음,승용,남,65세,상해없음
2022091400100239,2022년 9월 14일 12시,수요일,대전광역시 동구 홍도동,중상사고,0,1,1,0,차대차 - 측면충돌,직진우회전진행방해,건조,맑음,교차로 - 교차로안,이륜,남,53세,중상,이륜,남,21세,경상
2022091400100240,2022년 9월 14일 12시,수요일,대전광역시 유성구 탑립동,중상사고,0,3,2,0,차대차 - 기타,기타,건조,맑음,교차로 - 교차로부근,승용,남,30세,중상,승용,남,30세,경상
2022091400100290,2022년 9월 14일 14시,수요일,대전광역시 동구 판암동,경상사고,0,0,1,0,차대차 - 측면충돌,불법유턴,건조,맑음,단일로 - 기타,승용,남,71세,기타불명,이륜,남,45세,경상
2022091400100291,2022년 9월 14일 14시,수요일,대전광역시 서구 용문동,경상사고,0,0,1,0,차대차 - 기타,신호위반,건조,맑음,교차로 - 교차로부근,이륜,남,33세,상해없음,승용,남,44세,경상
2022091400100292,2022년 9월 14일 14시,수요일,대전광역시 유성구 노은동,경상사고,0,0,1,0,차대차 - 기타,중앙선침범,건조,맑음,기타 - 기타,기타불명,기타불명,미분류,기타불명,승용,여,27세,경상
2022091400100319,2022년 9월 14일 15시,수요일,대전광역시 중구 목동,중상사고,0,1,0,0,차대차 - 측면충돌,신호위반,건조,맑음,단일로 - 기타,승용,여,64세,상해없음,자전거,남,55세,중상
2022091400100349,2022년 9월 14일 16시,수요일,대전광역시 중구 대사동,경상사고,0,0,1,0,차대차 - 측면충돌,안전운전불이행,건조,맑음,교차로 - 교차로안,승용,남,55세,상해없음,승용,여,54세,경상
2022091400100350,2022년 9월 14일 16시,수요일,대전광역시 서구 가수원동,경상사고,0,0,3,0,차대차 - 기타,안전운전불이행,건조,맑음,교차로 - 교차로안,승용,남,68세,상해없음,승용,여,42세,경상
2022091400100351,2022년 9월 14일 16시,수요일,대전광역시 서구 도마동,경상사고,0,0,1,0,차대사람 - 기타,안전운전불이행,건조,맑음,단일로 - 기타,승합,남,42세,상해없음,보행자,여,72세,경상
2022091400100388,2022년 9월 14일 17시,수요일,대전광역시 중구 대흥동,경상사고,0,0,1,0,차량단독 - 기타,안전운전불이행,건조,맑음,교차로 - 교차로부근,승합,남,58세,상해없음,,,,
2022091400100468,2022년 9월 14일 19시,수요일,대전광역시 대덕구 중리동,경상사고,0,0,1,0,차대차 - 추돌,안전운전불이행,건조,맑음,단일로 - 기타,승용,여,53세,상해없음,승합,남,60세,경상
2022091400100469,2022년 9월 14일 19시,수요일,대전광역시 서구 월평동,경상사고,0,0,1,0,차대차 - 측면충돌,안전운전불이행,건조,맑음,교차로 - 교차로안,승용,남,27세,상해없음,승용,여,26세,경상
2022091400100514,2022년 9월 14일 21시,수요일,대전광역시 대덕구 오정동,경상사고,0,0,3,0,차대차 - 추돌,안전운전불이행,건조,맑음,교차로 - 교차로부근,이륜,남,19세,상해없음,승용,남,35세,경상
2022091400100524,2022년 9월 14일 22시,수요일,대전광역시 유성구 상대동,부상신고사고,0,0,0,1,차대차 - 측면충돌,안전운전불이행,건조,맑음,단일로 - 기타,승용,남,62세,상해없음,자전거,남,16세,부상신고
2022091500100015,2022년 9월 15일 01시,목요일,대전광역시 서구 월평동,경상사고,0,0,1,0,차대차 - 추돌,안전운전불이행,건조,맑음,교차로 - 교차로부근,승용,남,27세,상해없음,승용,남,67세,상해없음
2022091500100054,2022년 9월 15일 06시,목요일,대전광역시 유성구 문지동,경상사고,0,0,1,0,차대차 - 추돌,안전운전불이행,건조,흐림,단일로 - 기타,승용,남,45세,상해없음,승용,남,28세,경상
2022091500100067,2022년 9월 15일 07시,목요일,대전광역시 서구 괴곡동,경상사고,0,0,2,0,차대차 - 기타,안전운전불이행,건조,맑음,교차로 - 교차로안,승용,남,47세,경상,승용,남,41세,경상
2022091500100140,2022년 9월 15일 09시,목요일,대전광역시 중구 오류동,경상사고,0,0,1,0,차대차 - 기타,안전운전불이행,건조,맑음,단일로 - 기타,승용,남,52세,상해없음,이륜,남,37세,경상
2022091500100141,2022년 9월 15일 09시,목요일,대전광역시 서구 갈마동,경상사고,0,0,1,0,차대차 - 측면충돌,안전운전불이행,건조,맑음,단일로 - 기타,승용,여,36세,상해없음,승용,여,63세,경상
2022091500100167,2022년 9월 15일 10시,목요일,대전광역시 서구 갈마동,경상사고,0,0,1,0,차대차 - 추돌,안전운전불이행,건조,맑음,교차로 - 교차로부근,승용,남,24세,상해없음,승용,여,46세,경상
2022091500100168,2022년 9월 15일 10시,목요일,대전광역시 유성구 관평동,경상사고,0,0,1,0,차대차 - 추돌,안전운전불이행,건조,맑음,단일로 - 기타,승용,남,62세,상해없음,승용,남,21세,경상