사고번호,사고일시,요일,시군구,사고내용,사망자수,중상자수,경상자수,부상신고자수,사고유형,법규위반,노면상태,기상상태,도로형태,가해운전자 차종,가해운전자 성별,가해운전자 연령,가해운전자 상해정도,피해운전자 차종,피해운전자 성별,피해운전자 연령,피해운전자 상해정도
2022091500100223,2022년 9월 15일 12시,목요일,대전광역시 유성구 구암동,중상사고,0,5,0,0,차대차 - 추돌,안전운전불이행,건조,맑음,교차로 - 교차로부근,건설기계,남,31세,상해없음,승합,남,28세,중상
2022091500100409,2022년 9월 15일 18시,목요일,대전광역시 유성구 장대동,경상사고,0,0,1,0,차대차 - 추돌,안전운전불이행,건조,맑음,교차로 - 교차로부근,화물,남,63세,상해없음,승용,남,27세,경상
2022091500100451,2022년 9월 15일 19시,목요일,대전광역시 중구 유천동,경상사고,0,0,1,0,차대차 - 측면충돌,기타,건조,맑음,교차로 - 교차로안,승용,여,37세,상해없음,이륜,남,49세,경상
2022091500100452,2022년 9월 15일 19시,목요일,대전광역시 중구 문창동,경상사고,0,0,2,0,차대차 - 기타,안전운전불이행,건조,맑음,교차로 - 교차로안,승용,여,27세,상해없음,승용,남,50세,경상
2022091500100500,2022년 9월 15일 21시,목요일,대전광역시 서구 도안동,경상사고,0,0,1,0,차대사람 - 기타,안전운전불이행,건조,맑음,기타 - 기타,승용,남,44세,상해없음,보행자,남,53세,경상
2022091500100501,2022년 9월 15일 21시,목요일,대전광역시 서구 용문동,중상사고,0,1,0,0,차대차 - 기타,안전운전불이행,건조,맑음,교차로 - 교차로안,승용,여,38세,상해없음,승용,여,27세,중상
2022091600100052,2022년 9월 16일 05시,금요일,대전광역시 유성구 장대동,경상사고,0,0,2,0,차대차 - 추돌,안전운전불이행,건조,맑음,기타 - 기타,승합,남,43세,상해없음,승용,남,61세,경상
2022091600100061,2022년 9월 16일 06시,금요일,대전광역시 서구 탄방동,경상사고,0,0,2,0,차대차 - 추돌,안전거리미확보,건조,맑음,단일로 - 기타,화물,남,30세,경상,승용,여,65세,경상
2022091600100062,2022년 9월 16일 06시,금요일,대전광역시 대덕구 오정동,경상사고,0,0,2,0,차대차 - 추돌,안전운전불이행,건조,맑음,단일로 - 기타,화물,남,45세,상해없음,승용,남,71세,경상
2022091600100063,2022년 9월 16일 06시,금요일,대전광역시 대덕구 오정동,경상사고,0,0,1,0,차대차 - 추돌,신호위반,건조,맑음,단일로 - 기타,화물,남,65세,상해없음,화물,남,32세,경상
2022091600100089,2022년 9월 16일 07시,금요일,대전광역시 중구 대흥동,경상사고,0,0,3,0,차대차 - 기타,중앙선침범,건조,맑음,단일로 - 기타,승용,여,58세,상해없음,승용,남,60세,경상
2022091600100135,2022년 9월 16일 08시,금요일,대전광역시 서구 괴정동,중상사고,0,1,0,0,차대사람 - 보도통행중,안전운전불이행,건조,맑음,단일로 - 기타,자전거,여,36세,상해없음,보행자,여,69세,중상
2022091600100136,2022년 9월 16일 08시,금요일,대전광역시 서구 괴정동,경상사고,0,0,1,0,차대차 - 추돌,안전운전불이행,건조,맑음,단일로 - 기타,승용,남,32세,상해없음,승용,남,39세,경상
2022091600100224,2022년 9월 16일 11시,금요일,대전광역시 대덕구 신대동,중상사고,0,1,0,0,차대차 - 측면충돌,안전운전불이행,건조,맑음,교차로 - 교차로안,승용,남,63세,상해없음,자전거,남,60세,중상
2022091600100225,2022년 9월 16일 11시,금요일,대전광역시 유성구 관평동,경상사고,0,0,4,0,차대차 - 기타,안전운전불이행,건조,맑음,단일로 - 기타,화물,남,57세,상해없음,승용,남,33세,경상
2022091600100286,2022년 9월 16일 13시,금요일,대전광역시 대덕구 송촌동,중상사고,0,1,0,0,차대사람 - 차도통행중,안전운전불이행,건조,맑음,단일로 - 기타,승용,여,52세,상해없음,보행자,남,9세,중상
2022091600100287,2022년 9월 16일 13시,금요일,대전광역시 대덕구 신일동,중상사고,0,1,0,0,차대사람 - 횡단중,보행자보호의무위반,건조,맑음,교차로 - 교차로안,화물,남,55세,상해없음,보행자,남,62세,중상
2022091600100316,2022년 9월 16일 14시,금요일,대전광역시 중구 안영동,경상사고,0,0,1,0,차대차 - 기타,교차로운행방법위반,건조,맑음,교차로 - 교차로안,승용,여,54세,상해없음,이륜,남,65세,경상
2022091600100357,2022년 9월 16일 15시,금요일,대전광역시 대덕구 와동,경상사고,0,0,1,0,차대차 - 측면충돌,안전운전불이행,건조,맑음,교차로 - 교차로부근,화물,남,49세,경상,승용,남,58세,상해없음
2022091600100358,2022년 9월 16일 15시,금요일,대전광역시 유성구 장대동,중상사고,0,1,2,0,차대차 - 정면충돌,신호위반,건조,맑음,교차로 - 교차로안,승용,남,50세,상해없음,승용,여,32세,경상
2022091600100359,2022년 9월 16일 15시,금요일,대전광역시 유성구 하기동,경상사고,0,0,1,0,차대차 - 측면충돌,안전거리미확보,건조,맑음,단일로 - 기타,승용,여,45세,상해없음,승용,남,42세,경상
2022091600100398,2022년 9월 16일 16시,금요일,대전광역시 중구 선화동,경상사고,0,0,1,0,차대차 - 추돌,안전거리미확보,건조,맑음,교차로 - 교차로안,승용,남,31세,상해없음,승용,여,31세,경상
2022091600100399,2022년 9월 16일 16시,금요일,대전광역시 유성구 화암동,경상사고,0,0,2,0,차대차 - 기타,안전운전불이행,건조,맑음,단일로 - 기타,화물,남,63세,상해없음,승용,여,55세,경상
2022091600100453,2022년 9월 16일 17시,금요일,대전광역시 서구 관저동,경상사고,0,0,1,0,차대사람 - 기타,보행자보호의무위반,건조,맑음,교차로 - 교차로횡단보도내,기타불명,기타불명,미분류,기타불명,보행자,여,23세,경상
2022091600100454,2022년 9월 16일 17시,금요일,대전광역시 서구 괴정동,중상사고,0,1,0,0,차대차 - 추돌,안전운전불이행,건조,맑음,단일로 - 기타,승용,남,75세,상해없음,승용,여,56세,중상
2022091600100518,2022년 9월 16일 18시,금요일,대전광역시 대덕구 신탄진동,중상사고,0,1,0,0,차대차 - 기타,안전운전불이행,건조,흐림,단일로 - 기타,자전거,남,70세,중상,승용,남,55세,상해없음
2022091600100519,2022년 9월 16일 18시,금요일,대전광역시 서구 둔산동,중상사고,0,1,0,0,차량단독 - 기타,안전운전불이행,건조,맑음,단일로 - 기타,승합,남,46세,기타불명,,,,
2022091600100619,2022년 9월 16일 20시,금요일,대전광역시 대덕구 신탄진동,중상사고,0,1,0,0,차대차 - 기타,안전운전불이행,건조,맑음,교차로 - 교차로안,승용,남,69세,상해없음,개인형이동수단(PM),남,23세,중상
2022091600100647,2022년 9월 16일 21시,금요일,대전광역시 서구 관저동,경상사고,0,0,1,0,차대차 - 측면충돌,안전운전불이행,건조,맑음,단일로 - 기타,자전거,남,13세,상해없음,자전거,여,29세,경상
2022091600100702,2022년 9월 16일 23시,금요일,대전광역시 대덕구 법동,경상사고,0,0,1,0,차대사람 - 기타,안전운전불이행,건조,맑음,단일로 - 기타,승용,남,41세,상해없음,보행자,남,18세,경상
2022091700100024,2022년 9월 17일 00시,토요일,대전광역시 유성구 궁동,경상사고,0,0,3,0,차대차 - 기타,안전운전불이행,건조,맑음,단일로 - 기타,승용,남,27세,상해없음,승용,남,69세,경상
2022091700100047,2022년 9월 17일 02시,토요일,대전광역시 중구 대흥동,경상사고,0,0,1,0,차대사람 - 기타,기타,건조,맑음,교차로 - 교차로안,승용,남,60세,상해없음,보행자,여,23세,경상
2022091700100067,2022년 9월 17일 04시,토요일,대전광역시 동구 자양동,경상사고,0,0,2,0,차대차 - 측면충돌,안전운전불이행,건조,맑음,교차로 - 교차로안,승용,남,65세,상해없음,승용,남,25세,경상
2022091700100154,2022년 9월 17일 09시,토요일,대전광역시 중구 유천동,경상사고,0,0,1,0,차대차 - 기타,중앙선침범,건조,맑음,단일로 - 기타,승용,남,53세,상해없음,승용,남,60세,경상
2022091700100155,2022년 9월 17일 09시,토요일,대전광역시 중구 대흥동,경상사고,0,0,1,0,차대사람 - 기타,안전운전불이행,건조,맑음,교차로 - 교차로부근,화물,남,22세,상해없음,보행자,여,72세,경상
2022091700100188,2022년 9월 17일 10시,토요일,대전광역시 중구 문화동,경상사고,0,0,1,0,차대차 - 추돌,안전운전불이행,건조,맑음,교차로 - 교차로부근,승용,남,29세,상해없음,승용,남,62세,경상
2022091700100211,2022년 9월 17일 11시,토요일,대전광역시 유성구 방현동,경상사고,0,0,2,0,차대차 - 추돌,안전운전불이행,건조,맑음,단일로 - 기타,승용,남,25세,상해없음,승용,남,41세,경상
2022091700100226,2022년 9월 17일 11시,토요일,대전광역시 대덕구 읍내동,경상사고,0,0,1,0,차대차 - 측면충돌,신호위반,건조,맑음,교차로 - 교차로안,승용,여,70세,상해없음,승용,남,67세,경상
2022091700100263,2022년 9월 17일 12시,토요일,대전광역시 대덕구 오정동,부상신고사고,0,0,0,1,차대차 - 기타,교차로운행방법위반,건조,맑음,교차로 - 교차로부근,승용,남,44세,상해없음,건설기계,남,57세,부상신고
2022091700100264,2022년 9월 17일 12시,토요일,대전광역시 유성구 원신흥동,중상사고,0,1,2,0,차대차 - 기타,안전운전불이행,건조,맑음,단일로 - 기타,승용,남,78세,상해없음,승용,여,40세,중상
2022091700100292,2022년 9월 17일 13시,토요일,대전광역시 중구 문창동,경상사고,0,0,1,0,차대차 - 측면충돌,안전거리미확보,건조,맑음,단일로 - 기타,승용,남,25세,기타불명,이륜,여,40세,경상
2022091700100293,2022년 9월 17일 13시,토요일,대전광역시 동구 자양동,중상사고,0,1,0,0,차대차 - 측면충돌,안전거리미확보,건조,맑음,단일로 - 기타,이륜,남,35세,상해없음,이륜,남,56세,중상
2022091700100294,2022년 9월 17일 13시,토요일,대전광역시 서구 도마동,경상사고,0,0,1,0,차대사람 - 기타,안전운전불이행,건조,맑음,단일로 - 기타,이륜,남,59세,상해없음,보행자,여,74세,경상
2022091700100295,2022년 9월 17일 13시,토요일,대전광역시 서구 갈마동,중상사고,0,1,0,0,차대차 - 기타,안전운전불이행,건조,맑음,교차로 - 교차로부근,승용,남,28세,상해없음,이륜,남,33세,중상
2022091700100333,2022년 9월 17일 14시,토요일,대전광역시 중구 오류동,경상사고,0,0,3,0,차대차 - 측면충돌,신호위반,건조,맑음,교차로 - 교차로안,승용,여,63세,상해없음,승용,남,49세,경상
2022091700100334,2022년 9월 17일 14시,토요일,대전광역시 유성구 덕명동,경상사고,0,0,2,1,차대차 - 측면충돌,안전운전불이행,건조,맑음,교차로 - 교차로안,승용,남,68세,상해없음,승용,남,37세,경상
2022091700100366,2022년 9월 17일 15시,토요일,대전광역시 중구 대흥동,경상사고,0,0,2,0,차대차 - 측면충돌,안전거리미확보,건조,맑음,단일로 - 기타,승용,남,60세,상해없음,승용,남,21세,경상
2022091700100402,2022년 9월 17일 16시,토요일,대전광역시 중구 대흥동,경상사고,0,0,2,0,차대차 - 기타,안전운전불이행,건조,맑음,단일로 - 기타,승용,남,47세,경상,이륜,남,38세,경상
2022091700100403,2022년 9월 17일 16시,토요일,대전광역시 서구 가수원동,경상사고,0,0,1,0,차대차 - 추돌,안전운전불이행,건조,맑음,교차로 - 교차로부근,승용,여,55세,상해없음,화물,남,40세,경상
2022091700100404,2022년 9월 17일 16시,토요일,대전광역시 유성구 용산동,중상사고,0,1,2,0,차대차 - 측면충돌,신호위반,건조,맑음,교차로 - 교차로안,승용,여,49세,상해없음,승용,여,34세,중상
2022091700100405,2022년 9월 17일 16시,토요일,대전광역시 유성구 도룡동,중상사고,0,1,0,3,차대차 - 추돌,안전운전불이행,건조,맑음,교차로 - 교차로부근,화물,남,64세,상해없음,승용,남,48세,중상
2022091700100450,2022년 9월 17일 17시,토요일,대전광역시 대덕구 신탄진동,경상사고,0,0,2,2,차대차 - 측면충돌,안전운전불이행,건조,맑음,교차로 - 교차로안,특수,남,61세,상해없음,승용,여,36세,경상
2022091700100451,2022년 9월 17일 17시,토요일,대전광역시 서구 둔산동,경상사고,0,0,1,0,차대사람 - 횡단중,보행자보호의무위반,건조,맑음,단일로 - 기타,승용,남,53세,상해없음,보행자,여,14세,경상
2022091700100491,2022년 9월 17일 18시,토요일,대전광역시 서구 도안동,중상사고,0,2,0,0,차대차 - 측면충돌,신호위반,건조,맑음,교차로 - 교차로안,이륜,남,51세,중상,이륜,남,28세,중상
2022091700100492,2022년 9월 17일 18시,토요일,대전광역시 서구 만년동,중상사고,0,1,0,0,차대차 - 기타,안전운전불이행,건조,맑음,기타 - 기타,자전거,남,61세,상해없음,자전거,여,57세,중상
2022091700100550,2022년 9월 17일 20시,토요일,대전광역시 서구 관저동,경상사고,0,0,1,0,차대차 - 기타,안전운전불이행,건조,맑음,단일로 - 기타,승용,여,55세,상해없음,승용,남,30세,경상
2022091700100568,2022년 9월 17일 20시,토요일,대전광역시 중구 태평동,경상사고,0,0,1,0,차대차 - 측면충돌,교차로운행방법위반,건조,맑음,교차로 - 교차로안,승용,남,61세,상해없음,자전거,남,17세,경상
2022091700100588,2022년 9월 17일 21시,토요일,대전광역시 동구 가오동,경상사고,0,0,1,0,차대사람 - 횡단중,안전운전불이행,건조,맑음,단일로 - 기타,승용,남,25세,기타불명,보행자,여,71세,경상
2022091800100013,2022년 9월 18일 01시,일요일,대전광역시 서구 둔산동,경상사고,0,0,1,0,차대사람 - 기타,안전운전불이행,건조,맑음,단일로 - 기타,승용,남,48세,상해없음,보행자,남,22세,경상
2022091800100026,2022년 9월 18일 03시,일요일,대전광역시 서구 둔산동,경상사고,0,0,1,0,차대사람 - 기타,안전운전불이행,건조,맑음,교차로 - 교차로안,승용,남,64세,상해없음,보행자,남,24세,경상
2022091800100177,2022년 9월 18일 13시,일요일,대전광역시 중구 태평동,경상사고,0,0,1,0,차대차 - 기타,안전운전불이행,건조,맑음,교차로 - 교차로안,승용,여,46세,상해없음,승용,남,37세,경상
2022091800100178,2022년 9월 18일 13시,일요일,대전광역시 유성구 전민동,부상신고사고,0,0,0,1,차대사람 - 기타,기타,건조,맑음,기타 - 기타,개인형이동수단(PM),여,16세,상해없음,보행자,여,27세,부상신고
2022091800100179,2022년 9월 18일 13시,일요일,대전광역시 유성구 구암동,경상사고,0,0,4,1,차대차 - 측면충돌,안전거리미확보,건조,맑음,단일로 - 기타,승용,여,56세,경상,승용,여,27세,경상
2022091800100294,2022년 9월 18일 17시,일요일,대전광역시 중구 태평동,중상사고,0,1,0,0,차대차 - 기타,교차로운행방법위반,건조,맑음,교차로 - 교차로횡단보도내,화물,남,64세,상해없음,자전거,여,59세,중상
2022091800100295,2022년 9월 18일 17시,일요일,대전광역시 서구 둔산동,경상사고,0,0,1,0,차대차 - 기타,안전운전불이행,건조,맑음,교차로 - 교차로안,승용,여,54세,상해없음,승용,남,55세,경상
2022091800100390,2022년 9월 18일 20시,일요일,대전광역시 중구 대사동,경상사고,0,0,1,0,차대차 - 기타,안전운전불이행,건조,맑음,교차로 - 교차로안,승용,남,51세,상해없음,이륜,남,53세,경상
2022091800100391,2022년 9월 18일 20시,일요일,대전광역시 서구 정림동,중상사고,0,1,0,0,차대차 - 기타,안전운전불이행,건조,기타,교차로 - 교차로횡단보도내,승용,남,61세,기타불명,승합,여,67세,상해없음
2022091800100442,2022년 9월 18일 23시,일요일,대전광역시 중구 대흥동,중상사고,0,1,0,0,차대사람 - 기타,보행자보호의무위반,건조,맑음,교차로 - 교차로부근,기타불명,기타불명,미분류,기타불명,보행자,남,30세,중상
2022091900100013,2022년 9월 19일 01시,월요일,대전광역시 유성구 원내동,경상사고,0,0,1,0,차대차 - 측면충돌,안전운전불이행,건조,맑음,교차로 - 교차로안,승용,남,58세,상해없음,승용,남,26세,경상
2022091900100104,2022년 9월 19일 08시,월요일,대전광역시 동구 삼성동,중상사고,0,1,0,0,차대차 - 측면충돌,안전운전불이행,건조,맑음,교차로 - 교차로안,승용,남,39세,상해없음,자전거,남,66세,중상
2022091900100105,2022년 9월 19일 08시,월요일,대전광역시 유성구 장대동,경상사고,0,0,1,0,차대차 - 기타,신호위반,건조,맑음,교차로 - 교차로안,승용,남,59세,기타불명,승용,여,42세,경상
2022091900100132,2022년 9월 19일 09시,월요일,대전광역시 유성구 덕명동,중상사고,0,1,0,0,차대사람 - 기타,안전운전불이행,건조,맑음,기타 - 기타,승용,여,20세,상해없음,보행자,여,22세,중상
2022091900100162,2022년 9월 19일 10시,월요일,대전광역시 중구 오류동,경상사고,0,0,1,0,차대사람 - 기타,안전운전불이행,건조,맑음,교차로 - 교차로부근,승용,남,87세,상해없음,보행자,여,16세,경상
2022091900100163,2022년 9월 19일 10시,월요일,대전광역시 대덕구 읍내동,경상사고,0,0,2,0,차대차 - 기타,안전거리미확보,건조,맑음,단일로 - 기타,화물,남,67세,경상,승용,남,23세,경상
2022091900100164,2022년 9월 19일 10시,월요일,대전광역시 대덕구 송촌동,경상사고,0,0,4,0,차대차 - 기타,안전운전불이행,건조,맑음,단일로 - 기타,승용,남,65세,상해없음,승용,남,53세,경상
2022091900100239,2022년 9월 19일 13시,월요일,대전광역시 중구 산성동,경상사고,0,0,1,0,차대차 - 기타,안전운전불이행,건조,맑음,단일로 - 기타,승용,남,49세,상해없음,개인형이동수단(PM),남,25세,경상
2022091900100277,2022년 9월 19일 14시,월요일,대전광역시 중구 유천동,경상사고,0,0,2,0,차대차 - 기타,안전운전불이행,건조,맑음,단일로 - 기타,승용,남,47세,상해없음,승용,남,38세,경상
2022091900100314,2022년 9월 19일 15시,월요일,대전광역시 중구 대흥동,경상사고,0,0,2,0,차대차 - 추돌,안전운전불이행,건조,맑음,단일로 - 기타,승용,남,77세,상해없음,승용,여,28세,경상
2022091900100315,2022년 9월 19일 15시,월요일,대전광역시 서구 갈마동,경상사고,0,0,2,0,차대차 - 측면충돌,안전운전불이행,건조,맑음,단일로 - 기타,승용,남,62세,상해없음,승용,여,28세,경상
2022091900100316,2022년 9월 19일 15시,월요일,대전광역시 유성구 계산동,경상사고,0,0,1,0,차대차 - 기타,기타,건조,맑음,교차로 - 교차로횡단보도내,승용,여,38세,상해없음,자전거,남,8세,경상
2022091900100358,2022년 9월 19일 16시,월요일,대전광역시 중구 용두동,경상사고,0,0,1,0,차대차 - 기타,안전거리미확보,건조,맑음,교차로 - 교차로안,승용,여,50세,상해없음,원동기,남,23세,경상
2022091900100403,2022년 9월 19일 17시,월요일,대전광역시 동구 가오동,경상사고,0,0,1,0,차대차 - 측면충돌,안전운전불이행,건조,맑음,교차로 - 교차로횡단보도내,자전거,남,9세,경상,승용,남,49세,상해없음
2022091900100404,2022년 9월 19일 17시,월요일,대전광역시 서구 도마동,중상사고,0,1,0,0,차대차 - 측면충돌,안전운전불이행,건조,맑음,교차로 - 교차로안,화물,남,68세,상해없음,개인형이동수단(PM),여,56세,중상
2022091900100444,2022년 9월 19일 18시,월요일,대전광역시 서구 도마동,경상사고,0,0,1,0,차대차 - 기타,안전운전불이행,건조,맑음,기타 - 기타,승용,남,38세,상해없음,이륜,남,21세,경상
2022091900100480,2022년 9월 19일 19시,월요일,대전광역시 중구 유천동,경상사고,0,0,1,0,차대사람 - 차도통행중,안전운전불이행,건조,맑음,단일로 - 기타,승용,남,66세,상해없음,보행자,남,59세,경상
2022091900100481,2022년 9월 19일 19시,월요일,대전광역시 대덕구 오정동,경상사고,0,0,1,0,차대차 - 정면충돌,중앙선침범,건조,맑음,교차로 - 교차로부근,승용,남,32세,상해없음,승합,남,62세,경상
2022091900100554,2022년 9월 19일 22시,월요일,대전광역시 서구 변동,경상사고,0,0,3,0,차대차 - 측면충돌,신호위반,건조,맑음,교차로 - 교차로부근,이륜,남,31세,상해없음,승용,남,71세,경상
2022091900100555,2022년 9월 19일 22시,월요일,대전광역시 서구 가장동,경상사고,0,0,1,0,차대차 - 추돌,안전운전불이행,건조,맑음,단일로 - 기타,승용,남,53세,경상,승합,남,51세,기타불명
2022091900100568,2022년 9월 19일 23시,월요일,대전광역시 유성구 관평동,경상사고,0,0,2,0,차대차 - 추돌,안전운전불이행,건조,맑음,교차로 - 교차로부근,승용,남,34세,상해없음,승용,남,53세,경상
2022092000100031,2022년 9월 20일 04시,화요일,대전광역시 대덕구 상서동,경상사고,0,0,1,0,차대차 - 측면충돌,안전운전불이행,건조,맑음,단일로 - 기타,특수,남,59세,상해없음,승용,남,50세,경상
2022092000100080,2022년 9월 20일 07시,화요일,대전광역시 서구 정림동,경상사고,0,0,2,0,차대차 - 측면충돌,안전거리미확보,건조,맑음,단일로 - 기타,승용,남,43세,경상,승합,남,73세,경상
2022092000100081,2022년 9월 20일 07시,화요일,대전광역시 유성구 장대동,경상사고,0,0,1,0,차대차 - 측면충돌,안전거리미확보,건조,맑음,단일로 - 기타,승용,여,31세,기타불명,승용,남,33세,경상
2022092000100128,2022년 9월 20일 08시,화요일,대전광역시 대덕구 오정동,중상사고,0,1,0,0,차대사람 - 차도통행중,안전운전불이행,건조,맑음,교차로 - 교차로안,승용,여,47세,상해없음,보행자,여,63세,중상
2022092000100183,2022년 9월 20일 10시,화요일,대전광역시 중구 유천동,중상사고,0,1,0,0,차대사람 - 차도통행중,안전운전불이행,건조,맑음,교차로 - 교차로부근,화물,남,72세,상해없음,보행자,여,77세,중상
2022092000100184,2022년 9월 20일 10시,화요일,대전광역시 서구 가장동,경상사고,0,0,2,0,차대차 - 측면충돌,교차로운행방법위반,건조,맑음,단일로 - 기타,승용,남,48세,경상,승용,남,29세,경상
2022092000100185,2022년 9월 20일 10시,화요일,대전광역시 대덕구 읍내동,경상사고,0,0,1,0,차대차 - 측면충돌,안전운전불이행,건조,맑음,교차로 - 교차로안,화물,남,73세,상해없음,승용,남,56세,경상
2022092000100228,2022년 9월 20일 11시,화요일,대전광역시 대덕구 오정동,경상사고,0,0,2,0,차대차 - 추돌,안전거리미확보,건조,맑음,교차로 - 교차로부근,승용,남,48세,상해없음,승용,남,40세,경상
2022092000100290,2022년 9월 20일 13시,화요일,대전광역시 서구 갈마동,경상사고,0,0,1,0,차대차 - 기타,안전운전불이행,건조,맑음,단일로 - 기타,화물,남,62세,상해없음,승용,여,28세,경상
2022092000100321,2022년 9월 20일 14시,화요일,대전광역시 중구 은행동,경상사고,0,0,1,0,차대차 - 측면충돌,안전운전불이행,건조,맑음,단일로 - 기타,건설기계,남,63세,상해없음,승용,남,29세,상해없음
2022092000100322,2022년 9월 20일 14시,화요일,대전광역시 동구 자양동,부상신고사고,0,0,0,1,차대사람 - 길가장자리구역통행중,기타,건조,맑음,단일로 - 기타,승용,남,47세,상해없음,보행자,남,58세,부상신고
2022092000100323,2022년 9월 20일 14시,화요일,대전광역시 유성구 반석동,경상사고,0,0,1,0,차대차 - 추돌,안전거리미확보,건조,맑음,교차로 - 교차로부근,화물,남,22세,상해없음,승용,남,59세,경상
2022092000100367,2022년 9월 20일 15시,화요일,대전광역시 대덕구 중리동,경상사고,0,0,3,0,차대차 - 추돌,안전운전불이행,건조,맑음,교차로 - 교차로부근,화물,남,56세,상해없음,승용,여,61세,경상
2022092000100368,2022년 9월 20일 15시,화요일,대전광역시 유성구 원신흥동,중상사고,0,1,0,0,차대차 - 기타,안전운전불이행,건조,맑음,교차로 - 교차로안,승용,여,43세,상해없음,이륜,남,41세,중상
2022092000100413,2022년 9월 20일 16시,화요일,대전광역시 서구 관저동,경상사고,0,0,1,0,차대사람 - 차도통행중,안전운전불이행,건조,맑음,단일로 - 기타,승용,남,64세,상해없음,보행자,남,18세,경상
2022092000100507,2022년 9월 20일 18시,화요일,대전광역시 대덕구 오정동,중상사고,0,1,0,0,차대차 - 기타,안전운전불이행,건조,맑음,교차로 - 교차로부근,승용,남,73세,상해없음,자전거,여,70세,중상
2022092000100543,2022년 9월 20일 19시,화요일,대전광역시 중구 문화동,중상사고,0,1,0,0,차대차 - 기타,안전운전불이행,건조,맑음,교차로 - 교차로횡단보도내,승합,남,73세,상해없음,자전거,여,55세,중상
2022092000100544,2022년 9월 20일 19시,화요일,대전광역시 대덕구 송촌동,경상사고,0,0,1,0,차대사람 - 기타,교차로운행방법위반,건조,흐림,교차로 - 교차로안,승용,남,59세,상해없음,보행자,여,17세,경상
2022092000100545,2022년 9월 20일 19시,화요일,대전광역시 대덕구 법동,부상신고사고,0,0,0,3,차대차 - 기타,안전거리미확보,건조,맑음,단일로 - 기타,승용,남,30세,부상신고,화물,남,48세,부상신고
2022092000100546,2022년 9월 20일 19시,화요일,대전광역시 서구 갈마동,경상사고,0,0,1,0,차대차 - 측면충돌,신호위반,건조,맑음,교차로 - 교차로부근,승용,여,53세,상해없음,개인형이동수단(PM),남,14세,상해없음
2022092000100576,2022년 9월 20일 20시,화요일,대전광역시 서구 갈마동,경상사고,0,0,2,0,차대차 - 측면충돌,안전운전불이행,건조,맑음,단일로 - 기타,개인형이동수단(PM),여,29세,경상,이륜,남,28세,경상
2022092100100064,2022년 9월 21일 07시,수요일,대전광역시 동구 자양동,경상사고,0,0,1,0,차대사람 - 횡단중,안전운전불이행,건조,맑음,교차로 - 교차로부근,승용,남,59세,상해없음,보행자,남,21세,경상
2022092100100065,2022년 9월 21일 07시,수요일,대전광역시 유성구 용계동,경상사고,0,0,1,0,차대차 - 기타,안전운전불이행,건조,맑음,교차로 - 교차로부근,화물,남,42세,상해없음,승용,여,45세,경상
2022092100100160,2022년 9월 21일 09시,수요일,대전광역시 대덕구 읍내동,경상사고,0,0,2,0,차대차 - 추돌,안전운전불이행,건조,맑음,교차로 - 교차로안,승용,여,41세,상해없음,승용,여,62세,경상
2022092100100199,2022년 9월 21일 10시,수요일,대전광역시 중구 문화동,경상사고,0,0,1,0,차대사람 - 기타,안전운전불이행,건조,맑음,기타 - 기타,승용,여,50세,상해없음,보행자,여,85세,경상
2022092100100200,2022년 9월 21일 10시,수요일,대전광역시 대덕구 비래동,경상사고,0,0,1,0,차대차 - 기타,교차로운행방법위반,건조,맑음,교차로 - 교차로횡단보도내,화물,남,53세,기타불명,승용,여,38세,경상
2022092100100233,2022년 9월 21일 11시,수요일,대전광역시 서구 변동,경상사고,0,0,2,0,차대차 - 기타,중앙선침범,건조,맑음,단일로 - 기타,이륜,남,73세,상해없음,승용,남,49세,경상
2022092100100234,2022년 9월 21일 11시,수요일,대전광역시 서구 도안동,중상사고,0,1,0,0,차대차 - 기타,신호위반,건조,맑음,교차로 - 교차로부근,승용,여,36세,상해없음,원동기,남,35세,중상
2022092100100235,2022년 9월 21일 11시,수요일,대전광역시 유성구 상대동,경상사고,0,0,1,0,차대차 - 기타,안전운전불이행,건조,맑음,단일로 - 기타,승용,여,62세,상해없음,승용,여,48세,경상
2022092100100236,2022년 9월 21일 11시,수요일,대전광역시 유성구 봉명동,경상사고,0,0,1,0,차대차 - 후진중충돌,안전운전불이행,건조,맑음,기타 - 기타,화물,남,25세,상해없음,승용,남,29세,경상
2022092100100270,2022년 9월 21일 12시,수요일,대전광역시 대덕구 법동,경상사고,0,0,1,0,차대차 - 추돌,안전운전불이행,건조,맑음,단일로 - 기타,승용,여,51세,상해없음,화물,남,46세,경상
2022092100100271,2022년 9월 21일 12시,수요일,대전광역시 대덕구 석봉동,경상사고,0,0,1,0,차대차 - 기타,교차로운행방법위반,건조,맑음,교차로 - 교차로안,승용,여,48세,상해없음,이륜,남,44세,경상
2022092100100327,2022년 9월 21일 14시,수요일,대전광역시 동구 삼괴동,중상사고,0,1,7,0,차대차 - 추돌,안전운전불이행,건조,맑음,기타 - 기타,화물,남,58세,상해없음,승용,남,63세,경상
2022092100100338,2022년 9월 21일 14시,수요일,대전광역시 대덕구 상서동,경상사고,0,0,1,0,차대차 - 측면충돌,안전운전불이행,건조,맑음,단일로 - 기타,화물,남,36세,상해없음,승용,여,53세,경상
2022092100100339,2022년 9월 21일 14시,수요일,대전광역시 서구 만년동,경상사고,0,0,3,0,차대차 - 기타,안전거리미확보,건조,맑음,단일로 - 기타,승용,남,75세,상해없음,승용,남,53세,경상