사고번호,사고일시,요일,시군구,사고내용,사망자수,중상자수,경상자수,부상신고자수,사고유형,법규위반,노면상태,기상상태,도로형태,가해운전자 차종,가해운전자 성별,가해운전자 연령,가해운전자 상해정도,피해운전자 차종,피해운전자 성별,피해운전자 연령,피해운전자 상해정도
2022100700100627,2022년 10월 7일 20시,금요일,대전광역시 서구 괴정동,경상사고,0,0,1,0,차대차 - 측면충돌,안전운전불이행,건조,맑음,교차로 - 교차로안,승용,여,56세,상해없음,승용,남,29세,경상
2022100700100628,2022년 10월 7일 20시,금요일,대전광역시 대덕구 중리동,경상사고,0,0,1,0,차대차 - 기타,안전운전불이행,건조,맑음,교차로 - 교차로부근,화물,남,39세,상해없음,승합,남,40세,상해없음
2022100700100629,2022년 10월 7일 20시,금요일,대전광역시 서구 둔산동,경상사고,0,0,1,0,차대차 - 기타,신호위반,건조,맑음,교차로 - 교차로안,승용,여,54세,상해없음,이륜,남,36세,경상
2022100700100664,2022년 10월 7일 21시,금요일,대전광역시 서구 도안동,경상사고,0,0,1,0,차대차 - 추돌,안전거리미확보,건조,맑음,기타 - 기타,이륜,남,45세,상해없음,승용,남,67세,경상
2022100700100692,2022년 10월 7일 22시,금요일,대전광역시 서구 만년동,경상사고,0,0,1,0,차대차 - 기타,중앙선침범,건조,맑음,기타 - 기타,승용,남,67세,상해없음,화물,남,54세,경상
2022100800100016,2022년 10월 8일 00시,토요일,대전광역시 유성구 반석동,경상사고,0,0,1,0,차대차 - 기타,신호위반,건조,맑음,교차로 - 교차로안,승용,남,49세,상해없음,승용,남,61세,경상
2022100800100029,2022년 10월 8일 01시,토요일,대전광역시 동구 가양동,경상사고,0,0,2,0,차대사람 - 횡단중,보행자보호의무위반,건조,맑음,교차로 - 교차로횡단보도내,승용,남,62세,상해없음,보행자,남,22세,경상
2022100800100042,2022년 10월 8일 02시,토요일,대전광역시 서구 둔산동,경상사고,0,0,1,0,차대차 - 기타,안전운전불이행,건조,맑음,단일로 - 기타,승용,여,23세,상해없음,승용,남,27세,경상
2022100800100115,2022년 10월 8일 08시,토요일,대전광역시 대덕구 신대동,경상사고,0,0,1,0,차대차 - 기타,안전운전불이행,건조,맑음,단일로 - 기타,승용,여,26세,상해없음,화물,남,63세,경상
2022100800100150,2022년 10월 8일 09시,토요일,대전광역시 동구 판암동,중상사고,0,1,0,0,차대사람 - 횡단중,기타,건조,맑음,교차로 - 교차로부근,승용,여,51세,상해없음,보행자,여,84세,중상
2022100800100229,2022년 10월 8일 11시,토요일,대전광역시 대덕구 읍내동,중상사고,0,1,0,0,차대차 - 추돌,안전운전불이행,건조,맑음,교차로 - 교차로안,승용,남,59세,상해없음,승용,남,48세,중상
2022100800100275,2022년 10월 8일 12시,토요일,대전광역시 중구 은행동,경상사고,0,0,1,0,차대차 - 기타,안전운전불이행,건조,맑음,단일로 - 기타,화물,남,68세,상해없음,이륜,남,66세,경상
2022100800100276,2022년 10월 8일 12시,토요일,대전광역시 대덕구 신탄진동,경상사고,0,0,2,0,차대차 - 추돌,안전운전불이행,건조,맑음,교차로 - 교차로부근,화물,남,67세,상해없음,승합,여,62세,경상
2022100800100277,2022년 10월 8일 12시,토요일,대전광역시 서구 월평동,중상사고,0,1,0,0,차대차 - 기타,안전운전불이행,건조,맑음,교차로 - 교차로안,화물,남,59세,상해없음,승용,남,34세,중상
2022100800100278,2022년 10월 8일 12시,토요일,대전광역시 유성구 장대동,경상사고,0,0,1,0,차대차 - 추돌,안전거리미확보,건조,맑음,기타 - 기타,승용,남,65세,상해없음,승용,남,36세,경상
2022100800100564,2022년 10월 8일 19시,토요일,대전광역시 서구 갈마동,중상사고,0,1,0,0,차대차 - 기타,신호위반,건조,맑음,단일로 - 기타,원동기,남,25세,기타불명,원동기,남,31세,중상
2022100800100599,2022년 10월 8일 20시,토요일,대전광역시 동구 용전동,경상사고,0,0,1,0,차대차 - 기타,교차로운행방법위반,건조,맑음,교차로 - 교차로안,승용,남,65세,상해없음,이륜,남,35세,경상
2022100800100600,2022년 10월 8일 20시,토요일,대전광역시 유성구 구암동,경상사고,0,0,5,0,차대차 - 측면충돌,교차로운행방법위반,건조,맑음,교차로 - 교차로안,승용,여,40세,기타불명,승용,남,32세,경상
2022100800100628,2022년 10월 8일 21시,토요일,대전광역시 유성구 덕명동,경상사고,0,0,1,0,차대차 - 측면충돌,신호위반,건조,맑음,교차로 - 교차로안,승용,남,56세,상해없음,승용,남,34세,경상
2022100900100051,2022년 10월 9일 04시,일요일,대전광역시 서구 괴정동,부상신고사고,0,0,0,1,차대차 - 측면충돌,안전운전불이행,건조,맑음,단일로 - 기타,승용,남,24세,상해없음,승용,남,76세,부상신고
2022100900100058,2022년 10월 9일 05시,일요일,대전광역시 서구 갈마동,경상사고,0,0,1,0,차대차 - 후진중충돌,안전운전불이행,젖음/습기,비,단일로 - 기타,승용,여,28세,상해없음,승용,남,80세,경상
2022100900100064,2022년 10월 9일 06시,일요일,대전광역시 동구 정동,사망사고,1,0,0,0,차대사람 - 횡단중,안전운전불이행,젖음/습기,흐림,단일로 - 기타,화물,남,80세,상해없음,보행자,남,74세,사망
2022100900100065,2022년 10월 9일 06시,일요일,대전광역시 유성구 구암동,경상사고,0,0,1,0,차대차 - 추돌,안전운전불이행,건조,맑음,교차로 - 교차로부근,승용,남,34세,상해없음,승용,남,50세,경상
2022100900100143,2022년 10월 9일 11시,일요일,대전광역시 서구 관저동,경상사고,0,0,1,0,차대차 - 기타,안전운전불이행,젖음/습기,비,교차로 - 교차로부근,승용,남,70세,기타불명,승용,남,51세,경상
2022100900100178,2022년 10월 9일 12시,일요일,대전광역시 동구 용전동,경상사고,0,0,1,0,차대차 - 후진중충돌,안전운전불이행,건조,맑음,교차로 - 교차로안,화물,남,35세,상해없음,이륜,남,35세,경상
2022100900100293,2022년 10월 9일 16시,일요일,대전광역시 서구 괴정동,중상사고,0,1,0,0,차대차 - 기타,안전운전불이행,건조,맑음,교차로 - 교차로안,승용,남,76세,상해없음,이륜,남,43세,중상
2022100900100318,2022년 10월 9일 17시,일요일,대전광역시 중구 은행동,경상사고,0,0,1,0,차대차 - 추돌,안전거리미확보,젖음/습기,비,단일로 - 기타,승용,남,60세,상해없음,승용,남,29세,상해없음
2022100900100319,2022년 10월 9일 17시,일요일,대전광역시 서구 도안동,경상사고,0,0,1,0,차대차 - 기타,신호위반,젖음/습기,비,교차로 - 교차로부근,승용,여,62세,경상,승용,남,63세,상해없음
2022100900100369,2022년 10월 9일 18시,일요일,대전광역시 중구 선화동,중상사고,0,1,0,0,차대차 - 측면충돌,안전운전불이행,젖음/습기,비,교차로 - 교차로안,이륜,남,39세,중상,승용,여,59세,상해없음
2022100900100370,2022년 10월 9일 18시,일요일,대전광역시 동구 중동,경상사고,0,0,4,0,차대차 - 측면충돌,안전운전불이행,젖음/습기,비,단일로 - 기타,승용,여,26세,기타불명,승용,남,28세,경상
2022100900100371,2022년 10월 9일 18시,일요일,대전광역시 동구 중동,경상사고,0,0,1,0,차대차 - 기타,안전거리미확보,젖음/습기,비,단일로 - 기타,승합,남,47세,상해없음,승용,여,62세,경상
2022100900100372,2022년 10월 9일 18시,일요일,대전광역시 유성구 봉명동,중상사고,0,1,0,0,차대사람 - 횡단중,안전운전불이행,젖음/습기,비,교차로 - 교차로부근,승용,남,19세,상해없음,보행자,남,47세,중상
2022100900100373,2022년 10월 9일 18시,일요일,대전광역시 유성구 봉명동,경상사고,0,0,1,0,차대차 - 후진중충돌,안전운전불이행,젖음/습기,비,단일로 - 기타,승용,여,20세,상해없음,승용,남,51세,경상
2022100900100461,2022년 10월 9일 20시,일요일,대전광역시 서구 용문동,중상사고,0,1,0,0,차대사람 - 길가장자리구역통행중,안전운전불이행,젖음/습기,비,기타 - 기타,승용,여,40세,상해없음,보행자,여,25세,중상
2022100900100462,2022년 10월 9일 20시,일요일,대전광역시 유성구 봉명동,중상사고,0,1,0,0,차대차 - 기타,중앙선침범,젖음/습기,비,단일로 - 기타,이륜,남,44세,상해없음,이륜,남,26세,중상
2022100900100483,2022년 10월 9일 21시,일요일,대전광역시 서구 정림동,경상사고,0,0,1,0,차대차 - 추돌,안전운전불이행,젖음/습기,비,교차로 - 교차로부근,승용,남,55세,상해없음,승용,여,50세,경상
2022100900100484,2022년 10월 9일 21시,일요일,대전광역시 서구 둔산동,경상사고,0,0,1,0,차량단독 - 기타,안전운전불이행,젖음/습기,비,단일로 - 기타,승용,남,51세,상해없음,,,,
2022101000100030,2022년 10월 10일 03시,월요일,대전광역시 대덕구 오정동,경상사고,0,0,1,0,차대차 - 추돌,안전운전불이행,건조,맑음,교차로 - 교차로부근,승용,남,34세,상해없음,승용,남,59세,경상
2022101000100069,2022년 10월 10일 08시,월요일,대전광역시 동구 판암동,경상사고,0,0,2,0,차대차 - 측면충돌,신호위반,건조,맑음,교차로 - 교차로안,이륜,남,84세,경상,승용,남,72세,경상
2022101000100108,2022년 10월 10일 10시,월요일,대전광역시 대덕구 오정동,중상사고,0,1,7,0,차대차 - 측면충돌,신호위반,건조,맑음,교차로 - 교차로부근,승용,여,69세,상해없음,승합,남,44세,경상
2022101000100130,2022년 10월 10일 11시,월요일,대전광역시 유성구 도룡동,경상사고,0,0,1,0,차대차 - 측면충돌,안전운전불이행,건조,맑음,교차로 - 교차로안,승용,여,38세,상해없음,이륜,남,30세,경상
2022101000100155,2022년 10월 10일 12시,월요일,대전광역시 서구 관저동,중상사고,0,1,0,0,차대차 - 기타,안전거리미확보,건조,흐림,단일로 - 기타,승용,남,70세,기타불명,이륜,여,60세,중상
2022101000100191,2022년 10월 10일 13시,월요일,대전광역시 중구 산성동,경상사고,0,0,2,0,차대차 - 기타,교차로운행방법위반,건조,맑음,교차로 - 교차로안,승용,남,68세,상해없음,승용,남,63세,경상
2022101000100228,2022년 10월 10일 14시,월요일,대전광역시 대덕구 덕암동,경상사고,0,0,1,0,차대사람 - 횡단중,신호위반,젖음/습기,비,교차로 - 교차로부근,화물,남,69세,상해없음,보행자,남,57세,경상
2022101000100229,2022년 10월 10일 14시,월요일,대전광역시 서구 둔산동,경상사고,0,0,1,0,차대차 - 기타,안전운전불이행,건조,맑음,교차로 - 교차로안,승용,남,88세,상해없음,화물,남,44세,경상
2022101000100269,2022년 10월 10일 15시,월요일,대전광역시 중구 태평동,경상사고,0,0,2,0,차대차 - 정면충돌,신호위반,건조,맑음,교차로 - 교차로안,승용,남,83세,상해없음,승용,여,63세,경상
2022101000100270,2022년 10월 10일 15시,월요일,대전광역시 중구 부사동,경상사고,0,0,1,0,차대차 - 측면충돌,교차로운행방법위반,건조,맑음,교차로 - 교차로안,승용,남,29세,상해없음,승용,남,39세,경상
2022101000100271,2022년 10월 10일 15시,월요일,대전광역시 대덕구 중리동,경상사고,0,0,2,0,차대차 - 후진중충돌,안전운전불이행,건조,맑음,교차로 - 교차로안,승용,남,49세,상해없음,승용,남,34세,경상
2022101000100345,2022년 10월 10일 17시,월요일,대전광역시 서구 용문동,경상사고,0,0,1,0,차대차 - 기타,안전운전불이행,건조,맑음,기타 - 기타,승용,여,57세,상해없음,이륜,남,28세,경상
2022101000100360,2022년 10월 10일 18시,월요일,대전광역시 대덕구 연축동,경상사고,0,0,2,0,차대차 - 추돌,안전운전불이행,젖음/습기,흐림,단일로 - 지하차도(도로)내,화물,남,63세,상해없음,승용,여,44세,경상
2022101000100379,2022년 10월 10일 18시,월요일,대전광역시 서구 복수동,경상사고,0,0,4,0,차대차 - 측면충돌,신호위반,젖음/습기,비,교차로 - 교차로안,승용,여,61세,상해없음,화물,남,51세,경상
2022101000100456,2022년 10월 10일 21시,월요일,대전광역시 중구 유천동,경상사고,0,0,1,1,차대차 - 기타,안전운전불이행,건조,맑음,교차로 - 교차로안,화물,남,66세,부상신고,화물,남,60세,경상
2022101000100457,2022년 10월 10일 21시,월요일,대전광역시 서구 도마동,중상사고,0,1,0,0,차대사람 - 기타,안전운전불이행,건조,흐림,기타 - 기타,승용,남,48세,상해없음,보행자,남,44세,중상
2022101000100474,2022년 10월 10일 22시,월요일,대전광역시 유성구 관평동,경상사고,0,0,1,0,차대차 - 측면충돌,안전운전불이행,건조,맑음,교차로 - 교차로안,승용,남,71세,상해없음,승용,남,27세,경상
2022101000100475,2022년 10월 10일 22시,월요일,대전광역시 유성구 봉명동,경상사고,0,0,1,0,차대차 - 기타,안전운전불이행,건조,맑음,단일로 - 기타,승용,남,39세,상해없음,승용,남,24세,경상
2022101000100483,2022년 10월 10일 23시,월요일,대전광역시 대덕구 오정동,경상사고,0,0,2,0,차대차 - 측면충돌,신호위반,건조,맑음,교차로 - 교차로안,승용,남,31세,상해없음,승용,남,35세,경상
2022101100100013,2022년 10월 11일 01시,화요일,대전광역시 서구 괴정동,중상사고,0,1,0,0,차대차 - 측면충돌,교차로운행방법위반,건조,맑음,교차로 - 교차로안,특수,남,22세,상해없음,이륜,남,29세,중상
2022101100100023,2022년 10월 11일 04시,화요일,대전광역시 유성구 봉명동,경상사고,0,0,1,0,차대사람 - 기타,안전운전불이행,건조,맑음,교차로 - 교차로안,승용,남,29세,상해없음,보행자,남,32세,경상
2022101100100083,2022년 10월 11일 07시,화요일,대전광역시 서구 월평동,중상사고,0,1,0,0,차대차 - 측면충돌,신호위반,건조,맑음,교차로 - 교차로안,승용,여,48세,기타불명,승용,여,54세,중상
2022101100100128,2022년 10월 11일 08시,화요일,대전광역시 동구 정동,경상사고,0,0,1,0,차대차 - 측면충돌,안전운전불이행,건조,맑음,단일로 - 기타,승합,남,63세,상해없음,승합,남,56세,경상
2022101100100129,2022년 10월 11일 08시,화요일,대전광역시 유성구 원내동,경상사고,0,0,1,0,차대차 - 측면충돌,안전운전불이행,건조,맑음,교차로 - 교차로부근,승용,남,49세,상해없음,자전거,남,56세,경상
2022101100100170,2022년 10월 11일 09시,화요일,대전광역시 동구 인동,경상사고,0,0,1,0,차대차 - 추돌,안전거리미확보,건조,맑음,교차로 - 교차로부근,승용,여,58세,상해없음,승용,남,36세,경상
2022101100100273,2022년 10월 11일 12시,화요일,대전광역시 동구 대성동,중상사고,0,1,0,0,차대차 - 정면충돌,신호위반,건조,맑음,교차로 - 교차로안,이륜,남,17세,중상,화물,남,37세,상해없음
2022101100100274,2022년 10월 11일 12시,화요일,대전광역시 대덕구 법동,경상사고,0,0,1,0,차대차 - 추돌,안전거리미확보,건조,맑음,단일로 - 기타,승용,여,67세,상해없음,승용,여,63세,경상
2022101100100275,2022년 10월 11일 12시,화요일,대전광역시 유성구 봉명동,경상사고,0,0,1,0,차대차 - 기타,신호위반,건조,맑음,교차로 - 교차로안,승용,여,29세,상해없음,승용,여,40세,경상
2022101100100355,2022년 10월 11일 14시,화요일,대전광역시 대덕구 비래동,경상사고,0,0,1,0,차대차 - 기타,안전운전불이행,건조,맑음,단일로 - 기타,승용,남,59세,기타불명,승용,남,38세,경상
2022101100100404,2022년 10월 11일 15시,화요일,대전광역시 동구 삼성동,경상사고,0,0,1,0,차대차 - 추돌,안전운전불이행,건조,맑음,단일로 - 기타,승용,남,64세,상해없음,승용,여,43세,경상
2022101100100405,2022년 10월 11일 15시,화요일,대전광역시 동구 판암동,경상사고,0,0,1,0,차대사람 - 길가장자리구역통행중,안전운전불이행,건조,맑음,기타 - 기타,승용,여,53세,상해없음,보행자,남,42세,경상
2022101100100406,2022년 10월 11일 15시,화요일,대전광역시 서구 탄방동,경상사고,0,0,3,0,차대차 - 추돌,안전운전불이행,건조,맑음,단일로 - 기타,승용,여,60세,상해없음,승용,남,62세,경상
2022101100100448,2022년 10월 11일 16시,화요일,대전광역시 대덕구 목상동,경상사고,0,0,1,0,차대차 - 측면충돌,안전운전불이행,건조,맑음,단일로 - 기타,화물,남,61세,상해없음,승용,남,69세,경상
2022101100100504,2022년 10월 11일 17시,화요일,대전광역시 중구 유천동,중상사고,0,1,0,0,차대사람 - 기타,기타,건조,맑음,교차로 - 교차로안,화물,남,57세,상해없음,보행자,남,8세,중상
2022101100100505,2022년 10월 11일 17시,화요일,대전광역시 대덕구 송촌동,중상사고,0,1,1,0,차대차 - 측면충돌,신호위반,건조,맑음,교차로 - 교차로안,승용,여,65세,상해없음,승용,여,45세,중상
2022101100100558,2022년 10월 11일 18시,화요일,대전광역시 서구 둔산동,중상사고,0,1,0,0,차대사람 - 기타,안전운전불이행,건조,맑음,단일로 - 기타,승용,남,34세,상해없음,보행자,남,22세,중상
2022101100100559,2022년 10월 11일 18시,화요일,대전광역시 대덕구 목상동,경상사고,0,0,1,0,차대차 - 측면충돌,안전운전불이행,건조,맑음,교차로 - 교차로부근,승용,여,22세,경상,승용,여,41세,상해없음
2022101100100560,2022년 10월 11일 18시,화요일,대전광역시 유성구 원신흥동,경상사고,0,0,1,0,차대사람 - 횡단중,보행자보호의무위반,건조,맑음,교차로 - 교차로안,승용,남,42세,상해없음,보행자,남,9세,경상
2022101100100562,2022년 10월 11일 18시,화요일,대전광역시 유성구 궁동,경상사고,0,0,1,0,차대차 - 기타,신호위반,건조,맑음,단일로 - 지하차도(도로)내,승용,여,23세,상해없음,승용,남,32세,경상
2022101100100670,2022년 10월 11일 22시,화요일,대전광역시 중구 선화동,경상사고,0,0,1,0,차량단독 - 기타,안전운전불이행,건조,맑음,단일로 - 기타,승용,남,67세,기타불명,,,,
2022101100100686,2022년 10월 11일 23시,화요일,대전광역시 동구 대동,경상사고,0,0,1,0,차대차 - 측면충돌,안전운전불이행,건조,맑음,교차로 - 교차로횡단보도내,승용,남,66세,상해없음,자전거,남,31세,경상
2022101200100007,2022년 10월 12일 00시,수요일,대전광역시 서구 둔산동,경상사고,0,0,1,0,차대사람 - 기타,안전운전불이행,건조,맑음,기타 - 기타,승용,여,26세,상해없음,보행자,남,29세,경상
2022101200100052,2022년 10월 12일 06시,수요일,대전광역시 유성구 노은동,경상사고,0,0,2,0,차대차 - 기타,신호위반,건조,맑음,교차로 - 교차로안,승용,여,65세,상해없음,승용,남,51세,경상
2022101200100079,2022년 10월 12일 07시,수요일,대전광역시 동구 판암동,경상사고,0,0,1,0,차대차 - 측면충돌,안전거리미확보,건조,맑음,단일로 - 기타,건설기계,남,58세,상해없음,승용,남,52세,경상
2022101200100173,2022년 10월 12일 09시,수요일,대전광역시 대덕구 송촌동,경상사고,0,0,3,0,차대차 - 기타,안전운전불이행,건조,맑음,단일로 - 기타,승용,남,57세,상해없음,승용,남,29세,경상
2022101200100174,2022년 10월 12일 09시,수요일,대전광역시 유성구 덕명동,경상사고,0,0,1,0,차대사람 - 횡단중,안전운전불이행,건조,맑음,교차로 - 교차로부근,승용,여,26세,상해없음,보행자,여,20세,경상
2022101200100201,2022년 10월 12일 10시,수요일,대전광역시 대덕구 읍내동,경상사고,0,0,1,0,차대차 - 측면충돌,신호위반,건조,맑음,단일로 - 교량,화물,남,42세,상해없음,승용,남,32세,경상
2022101200100235,2022년 10월 12일 11시,수요일,대전광역시 유성구 구암동,중상사고,0,1,0,0,차대차 - 측면충돌,안전거리미확보,건조,맑음,교차로 - 교차로부근,승용,남,27세,상해없음,이륜,남,27세,중상
2022101200100270,2022년 10월 12일 12시,수요일,대전광역시 대덕구 목상동,경상사고,0,0,1,0,차대차 - 후진중충돌,안전운전불이행,건조,맑음,교차로 - 교차로안,승용,남,42세,경상,승용,남,36세,상해없음
2022101200100339,2022년 10월 12일 14시,수요일,대전광역시 중구 문창동,경상사고,0,0,1,0,차대사람 - 보도통행중,기타,건조,맑음,교차로 - 교차로횡단보도내,승용,여,64세,상해없음,보행자,남,10세,경상
2022101200100340,2022년 10월 12일 14시,수요일,대전광역시 동구 용전동,중상사고,0,1,0,0,차대사람 - 기타,안전운전불이행,건조,맑음,단일로 - 기타,승용,남,66세,상해없음,보행자,여,74세,중상
2022101200100341,2022년 10월 12일 14시,수요일,대전광역시 서구 둔산동,경상사고,0,0,1,0,차대차 - 측면충돌,안전운전불이행,건조,맑음,기타 - 기타,승용,여,41세,상해없음,승용,여,52세,경상
2022101200100414,2022년 10월 12일 16시,수요일,대전광역시 동구 세천동,경상사고,0,0,1,0,차대차 - 기타,안전운전불이행,건조,맑음,단일로 - 기타,승합,남,54세,경상,승용,여,59세,상해없음
2022101200100415,2022년 10월 12일 16시,수요일,대전광역시 서구 변동,경상사고,0,0,2,0,차대차 - 기타,교차로운행방법위반,건조,맑음,교차로 - 교차로부근,승용,남,26세,경상,이륜,남,42세,경상
2022101200100465,2022년 10월 12일 17시,수요일,대전광역시 서구 도마동,중상사고,0,1,0,0,차대차 - 기타,안전운전불이행,건조,맑음,기타 - 기타,승용,여,52세,상해없음,개인형이동수단(PM),남,55세,중상
2022101200100466,2022년 10월 12일 17시,수요일,대전광역시 대덕구 중리동,중상사고,0,1,0,0,차대차 - 기타,안전운전불이행,건조,맑음,교차로 - 교차로안,승용,남,46세,상해없음,이륜,남,25세,중상
2022101200100505,2022년 10월 12일 18시,수요일,대전광역시 동구 용전동,경상사고,0,0,1,0,차대차 - 측면충돌,신호위반,건조,맑음,교차로 - 교차로부근,승용,남,70세,상해없음,개인형이동수단(PM),남,27세,경상
2022101200100506,2022년 10월 12일 18시,수요일,대전광역시 서구 가수원동,중상사고,0,1,2,0,차대차 - 추돌,안전운전불이행,건조,맑음,단일로 - 기타,승용,여,33세,상해없음,이륜,남,43세,중상
2022101200100507,2022년 10월 12일 18시,수요일,대전광역시 서구 용문동,경상사고,0,0,2,0,차대차 - 기타,안전운전불이행,건조,맑음,기타 - 기타,승용,남,47세,경상,승용,남,28세,경상
2022101200100508,2022년 10월 12일 18시,수요일,대전광역시 유성구 어은동,경상사고,0,0,1,0,차대사람 - 기타,안전운전불이행,건조,맑음,교차로 - 교차로안,승용,여,59세,상해없음,보행자,여,24세,경상
2022101200100563,2022년 10월 12일 19시,수요일,대전광역시 서구 정림동,경상사고,0,0,1,0,차대차 - 기타,직진우회전진행방해,건조,맑음,교차로 - 교차로안,승용,여,30세,상해없음,이륜,남,43세,경상
2022101200100564,2022년 10월 12일 19시,수요일,대전광역시 유성구 봉명동,경상사고,0,0,1,0,차대차 - 기타,안전운전불이행,건조,맑음,교차로 - 교차로부근,이륜,남,44세,경상,승용,남,27세,상해없음
2022101200100565,2022년 10월 12일 19시,수요일,대전광역시 유성구 구암동,경상사고,0,0,3,0,차대차 - 측면충돌,안전운전불이행,건조,맑음,교차로 - 교차로안,승용,남,24세,기타불명,승용,남,33세,경상
2022101200100592,2022년 10월 12일 20시,수요일,대전광역시 서구 둔산동,경상사고,0,0,1,0,차대차 - 기타,신호위반,건조,맑음,교차로 - 교차로안,승용,남,67세,상해없음,승용,여,50세,경상
2022101200100593,2022년 10월 12일 20시,수요일,대전광역시 유성구 장대동,경상사고,0,0,2,0,차대차 - 측면충돌,안전거리미확보,건조,맑음,단일로 - 기타,승용,여,18세,상해없음,승용,여,30세,경상
2022101200100618,2022년 10월 12일 21시,수요일,대전광역시 유성구 봉명동,경상사고,0,0,1,0,차대차 - 측면충돌,안전운전불이행,건조,맑음,단일로 - 기타,승용,남,54세,상해없음,승용,여,22세,상해없음
2022101200100637,2022년 10월 12일 22시,수요일,대전광역시 서구 관저동,경상사고,0,0,1,0,차대차 - 기타,신호위반,건조,맑음,교차로 - 교차로부근,승용,여,62세,상해없음,승용,여,41세,경상
2022101300100061,2022년 10월 13일 06시,목요일,대전광역시 서구 둔산동,경상사고,0,0,3,0,차대차 - 기타,안전운전불이행,건조,맑음,기타 - 기타,승용,남,23세,상해없음,승용,남,32세,경상
2022101300100062,2022년 10월 13일 06시,목요일,대전광역시 서구 둔산동,경상사고,0,0,2,0,차대차 - 측면충돌,중앙선침범,건조,맑음,교차로 - 교차로안,승용,남,23세,상해없음,승용,남,51세,경상
2022101300100086,2022년 10월 13일 07시,목요일,대전광역시 대덕구 와동,경상사고,0,0,1,0,차대차 - 정면충돌,안전거리미확보,건조,맑음,단일로 - 고가도로위,건설기계,남,62세,상해없음,승용,여,50세,경상
2022101300100087,2022년 10월 13일 07시,목요일,대전광역시 대덕구 오정동,경상사고,0,0,4,0,차대차 - 측면충돌,안전운전불이행,건조,맑음,교차로 - 교차로안,화물,남,67세,상해없음,승합,남,53세,경상
2022101300100088,2022년 10월 13일 07시,목요일,대전광역시 유성구 갑동,경상사고,0,0,1,0,차대차 - 측면충돌,안전운전불이행,건조,맑음,교차로 - 교차로부근,화물,남,51세,상해없음,승용,남,55세,경상
2022101300100174,2022년 10월 13일 09시,목요일,대전광역시 중구 오류동,중상사고,0,1,0,0,차대차 - 기타,교차로운행방법위반,건조,맑음,교차로 - 교차로안,승용,여,68세,상해없음,승용,남,70세,중상
2022101300100175,2022년 10월 13일 09시,목요일,대전광역시 유성구 구암동,경상사고,0,0,3,0,차대차 - 측면충돌,안전운전불이행,건조,맑음,단일로 - 기타,화물,여,63세,상해없음,승용,남,23세,경상
2022101300100246,2022년 10월 13일 11시,목요일,대전광역시 동구 홍도동,경상사고,0,0,1,0,차대사람 - 횡단중,안전운전불이행,건조,맑음,단일로 - 기타,승용,남,68세,상해없음,보행자,남,53세,경상
2022101300100247,2022년 10월 13일 11시,목요일,대전광역시 유성구 상대동,경상사고,0,0,1,0,차대차 - 기타,안전운전불이행,건조,맑음,교차로 - 교차로부근,이륜,남,62세,상해없음,승용,여,42세,경상
2022101300100266,2022년 10월 13일 12시,목요일,대전광역시 서구 관저동,경상사고,0,0,1,0,차대사람 - 보도통행중,기타,건조,맑음,기타 - 기타,원동기,남,83세,상해없음,보행자,여,50세,경상
2022101300100267,2022년 10월 13일 12시,목요일,대전광역시 대덕구 오정동,경상사고,0,0,2,0,차대차 - 기타,교차로운행방법위반,건조,맑음,교차로 - 교차로안,승용,여,46세,상해없음,승합,남,63세,경상
2022101300100309,2022년 10월 13일 13시,목요일,대전광역시 중구 대사동,부상신고사고,0,0,0,1,차대차 - 기타,안전운전불이행,건조,맑음,단일로 - 기타,원동기,여,60세,부상신고,승용,남,66세,상해없음
2022101300100338,2022년 10월 13일 14시,목요일,대전광역시 동구 원동,경상사고,0,0,1,0,차대사람 - 차도통행중,안전운전불이행,건조,맑음,교차로 - 교차로부근,승합,남,34세,상해없음,보행자,남,58세,경상
2022101300100339,2022년 10월 13일 14시,목요일,대전광역시 유성구 봉명동,경상사고,0,0,1,0,차대사람 - 기타,기타,건조,맑음,단일로 - 기타,승용,여,44세,상해없음,보행자,남,57세,경상
2022101300100376,2022년 10월 13일 15시,목요일,대전광역시 유성구 원촌동,중상사고,0,1,0,0,차대차 - 기타,안전운전불이행,건조,맑음,단일로 - 기타,화물,남,44세,상해없음,이륜,남,70세,중상
2022101300100418,2022년 10월 13일 16시,목요일,대전광역시 동구 가양동,경상사고,0,0,1,0,차대차 - 기타,교차로운행방법위반,건조,맑음,교차로 - 교차로안,원동기,남,63세,상해없음,이륜,남,24세,경상
2022101300100471,2022년 10월 13일 17시,목요일,대전광역시 동구 용전동,경상사고,0,0,1,0,차대차 - 기타,안전거리미확보,건조,맑음,단일로 - 기타,승합,남,49세,상해없음,승용,남,33세,경상
2022101300100472,2022년 10월 13일 17시,목요일,대전광역시 유성구 봉명동,경상사고,0,0,1,0,차대차 - 기타,안전운전불이행,건조,맑음,단일로 - 기타,승용,남,46세,상해없음,승용,남,32세,경상
2022101300100566,2022년 10월 13일 19시,목요일,대전광역시 서구 갈마동,중상사고,0,1,0,0,차대차 - 기타,신호위반,건조,맑음,교차로 - 교차로안,승용,남,28세,상해없음,이륜,남,27세,중상