사고번호,사고일시,요일,시군구,사고내용,사망자수,중상자수,경상자수,부상신고자수,사고유형,법규위반,노면상태,기상상태,도로형태,가해운전자 차종,가해운전자 성별,가해운전자 연령,가해운전자 상해정도,피해운전자 차종,피해운전자 성별,피해운전자 연령,피해운전자 상해정도
2022101900100581,2022년 10월 19일 19시,수요일,대전광역시 서구 갈마동,경상사고,0,0,2,0,차대차 - 기타,안전운전불이행,건조,맑음,교차로 - 교차로안,승용,여,34세,상해없음,이륜,남,19세,경상
2022101900100582,2022년 10월 19일 19시,수요일,대전광역시 서구 탄방동,경상사고,0,0,1,0,차대차 - 기타,안전거리미확보,건조,맑음,교차로 - 교차로부근,승용,여,52세,상해없음,승용,남,32세,경상
2022101900100631,2022년 10월 19일 21시,수요일,대전광역시 중구 은행동,경상사고,0,0,1,0,차대사람 - 기타,안전운전불이행,건조,맑음,단일로 - 기타,승용,남,44세,상해없음,보행자,남,26세,경상
2022101900100632,2022년 10월 19일 21시,수요일,대전광역시 유성구 궁동,경상사고,0,0,1,0,차대사람 - 기타,안전운전불이행,건조,맑음,기타 - 기타,승용,남,61세,상해없음,보행자,남,26세,경상
2022102000100052,2022년 10월 20일 06시,목요일,대전광역시 대덕구 덕암동,중상사고,0,1,0,0,차대사람 - 길가장자리구역통행중,안전운전불이행,건조,맑음,교차로 - 교차로부근,승용,남,52세,상해없음,보행자,남,72세,중상
2022102000100106,2022년 10월 20일 08시,목요일,대전광역시 대덕구 비래동,경상사고,0,0,1,0,차대차 - 측면충돌,안전운전불이행,건조,맑음,단일로 - 기타,특수,남,45세,상해없음,승용,여,39세,경상
2022102000100126,2022년 10월 20일 08시,목요일,대전광역시 유성구 봉명동,경상사고,0,0,1,0,차대차 - 기타,안전운전불이행,건조,맑음,교차로 - 교차로안,승용,남,74세,상해없음,승용,여,29세,경상
2022102000100271,2022년 10월 20일 12시,목요일,대전광역시 동구 가양동,경상사고,0,0,1,0,차대차 - 측면충돌,신호위반,건조,맑음,교차로 - 교차로안,승용,남,74세,상해없음,이륜,남,67세,경상
2022102000100272,2022년 10월 20일 12시,목요일,대전광역시 동구 인동,중상사고,0,2,0,0,차대사람 - 횡단중,신호위반,건조,맑음,교차로 - 교차로횡단보도내,화물,남,74세,기타불명,보행자,여,69세,중상
2022102000100313,2022년 10월 20일 13시,목요일,대전광역시 대덕구 중리동,중상사고,0,1,0,0,차량단독 - 기타,안전운전불이행,건조,맑음,단일로 - 기타,승합,남,50세,기타불명,,,,
2022102000100354,2022년 10월 20일 14시,목요일,대전광역시 서구 가장동,경상사고,0,0,4,0,차대차 - 측면충돌,안전거리미확보,건조,맑음,교차로 - 교차로안,승용,여,58세,경상,승용,여,25세,경상
2022102000100355,2022년 10월 20일 14시,목요일,대전광역시 서구 변동,경상사고,0,0,1,0,차대차 - 기타,안전운전불이행,건조,맑음,단일로 - 기타,승합,남,52세,상해없음,자전거,여,66세,경상
2022102000100356,2022년 10월 20일 14시,목요일,대전광역시 서구 가수원동,중상사고,0,4,1,0,차대차 - 기타,기타,건조,맑음,교차로 - 교차로안,승용,남,19세,중상,이륜,남,19세,기타불명
2022102000100446,2022년 10월 20일 16시,목요일,대전광역시 유성구 장대동,경상사고,0,0,2,1,차대차 - 측면충돌,안전운전불이행,건조,맑음,교차로 - 교차로안,승용,남,31세,부상신고,승합,남,61세,경상
2022102000100551,2022년 10월 20일 18시,목요일,대전광역시 중구 선화동,경상사고,0,0,2,0,차대차 - 기타,안전거리미확보,건조,맑음,단일로 - 기타,승용,남,72세,상해없음,승용,남,31세,경상
2022102000100552,2022년 10월 20일 18시,목요일,대전광역시 서구 둔산동,경상사고,0,0,1,0,차대차 - 추돌,안전운전불이행,건조,맑음,교차로 - 교차로부근,승용,여,44세,상해없음,승용,남,76세,경상
2022102000100596,2022년 10월 20일 19시,목요일,대전광역시 중구 유천동,경상사고,0,0,1,0,차대사람 - 횡단중,보행자보호의무위반,건조,맑음,교차로 - 교차로횡단보도내,승용,남,46세,상해없음,보행자,여,32세,경상
2022102000100597,2022년 10월 20일 19시,목요일,대전광역시 유성구 구성동,경상사고,0,0,2,1,차대차 - 측면충돌,신호위반,건조,맑음,교차로 - 교차로안,승용,남,28세,경상,승용,여,23세,부상신고
2022102000100632,2022년 10월 20일 20시,목요일,대전광역시 중구 태평동,경상사고,0,0,2,0,차대차 - 기타,안전운전불이행,건조,맑음,교차로 - 교차로안,승용,남,57세,상해없음,승용,여,44세,경상
2022102000100633,2022년 10월 20일 20시,목요일,대전광역시 유성구 원촌동,경상사고,0,0,1,0,차대차 - 측면충돌,안전거리미확보,건조,맑음,단일로 - 기타,승합,남,65세,상해없음,승용,여,60세,경상
2022102000100654,2022년 10월 20일 21시,목요일,대전광역시 서구 탄방동,경상사고,0,0,4,0,차대차 - 기타,신호위반,건조,맑음,교차로 - 교차로부근,이륜,남,28세,경상,승용,남,43세,경상
2022102100100042,2022년 10월 21일 05시,금요일,대전광역시 중구 태평동,경상사고,0,0,1,0,차대차 - 기타,신호위반,건조,흐림,교차로 - 교차로안,승용,남,47세,상해없음,승용,남,63세,경상
2022102100100062,2022년 10월 21일 06시,금요일,대전광역시 유성구 장대동,경상사고,0,0,3,0,차대차 - 측면충돌,안전운전불이행,건조,맑음,교차로 - 교차로안,승용,남,39세,경상,승용,남,67세,경상
2022102100100092,2022년 10월 21일 07시,금요일,대전광역시 대덕구 중리동,경상사고,0,0,1,0,차대차 - 추돌,안전거리미확보,건조,맑음,단일로 - 기타,이륜,남,39세,상해없음,승용,남,32세,경상
2022102100100094,2022년 10월 21일 07시,금요일,대전광역시 유성구 신성동,경상사고,0,0,1,0,차대차 - 측면충돌,안전운전불이행,건조,맑음,교차로 - 교차로횡단보도내,승용,남,30세,기타불명,자전거,남,53세,경상
2022102100100095,2022년 10월 21일 07시,금요일,대전광역시 유성구 상대동,경상사고,0,0,3,0,차대차 - 추돌,안전운전불이행,건조,맑음,교차로 - 교차로부근,승용,여,25세,상해없음,승용,남,42세,경상
2022102100100096,2022년 10월 21일 07시,금요일,대전광역시 유성구 관평동,경상사고,0,0,1,2,차대차 - 기타,안전거리미확보,건조,맑음,교차로 - 교차로부근,승용,여,52세,상해없음,승합,남,61세,상해없음
2022102100100127,2022년 10월 21일 08시,금요일,대전광역시 동구 판암동,경상사고,0,0,1,0,차대차 - 측면충돌,안전운전불이행,건조,맑음,단일로 - 기타,승용,남,68세,상해없음,승용,남,32세,경상
2022102100100141,2022년 10월 21일 08시,금요일,대전광역시 서구 괴정동,경상사고,0,0,1,0,차대사람 - 기타,기타,건조,맑음,단일로 - 기타,승용,남,60세,상해없음,보행자,여,22세,경상
2022102100100142,2022년 10월 21일 08시,금요일,대전광역시 서구 둔산동,경상사고,0,0,1,0,차대차 - 측면충돌,신호위반,건조,맑음,교차로 - 교차로부근,화물,남,71세,상해없음,승용,남,27세,경상
2022102100100172,2022년 10월 21일 09시,금요일,대전광역시 동구 삼성동,경상사고,0,0,3,0,차대차 - 추돌,안전거리미확보,건조,맑음,단일로 - 기타,승용,여,48세,경상,승용,남,38세,상해없음
2022102100100264,2022년 10월 21일 12시,금요일,대전광역시 유성구 봉명동,경상사고,0,0,1,0,차대차 - 후진중충돌,안전운전불이행,건조,맑음,단일로 - 기타,승용,남,76세,상해없음,승용,남,30세,경상
2022102100100285,2022년 10월 21일 13시,금요일,대전광역시 중구 대흥동,경상사고,0,0,2,0,차대차 - 기타,안전운전불이행,건조,맑음,단일로 - 기타,원동기,남,66세,상해없음,승용,남,41세,경상
2022102100100286,2022년 10월 21일 13시,금요일,대전광역시 대덕구 중리동,경상사고,0,0,1,0,차대차 - 기타,안전운전불이행,건조,맑음,교차로 - 교차로안,승용,남,44세,상해없음,자전거,남,56세,경상
2022102100100341,2022년 10월 21일 15시,금요일,대전광역시 중구 부사동,경상사고,0,0,1,0,차대차 - 후진중충돌,안전운전불이행,건조,맑음,교차로 - 교차로안,승용,여,49세,상해없음,화물,남,30세,경상
2022102100100342,2022년 10월 21일 15시,금요일,대전광역시 대덕구 읍내동,경상사고,0,0,2,0,차대차 - 측면충돌,중앙선침범,건조,맑음,단일로 - 기타,승용,남,55세,상해없음,승용,여,49세,경상
2022102100100343,2022년 10월 21일 15시,금요일,대전광역시 유성구 노은동,경상사고,0,0,1,0,차대사람 - 기타,안전운전불이행,건조,맑음,기타 - 기타,화물,남,64세,상해없음,보행자,여,61세,경상
2022102100100381,2022년 10월 21일 16시,금요일,대전광역시 서구 도마동,경상사고,0,0,2,0,차대차 - 기타,신호위반,건조,맑음,기타 - 기타,승용,남,61세,상해없음,승용,여,23세,경상
2022102100100382,2022년 10월 21일 16시,금요일,대전광역시 유성구 관평동,경상사고,0,0,1,0,차대차 - 기타,안전운전불이행,건조,맑음,단일로 - 기타,승용,여,54세,상해없음,이륜,남,50세,경상
2022102100100383,2022년 10월 21일 16시,금요일,대전광역시 유성구 반석동,중상사고,0,1,0,0,차대차 - 기타,안전운전불이행,건조,맑음,단일로 - 기타,원동기,남,63세,상해없음,승용,여,44세,중상
2022102100100442,2022년 10월 21일 17시,금요일,대전광역시 서구 도마동,경상사고,0,0,1,0,차대차 - 기타,안전거리미확보,건조,맑음,단일로 - 기타,건설기계,남,63세,상해없음,승용,남,72세,경상
2022102100100443,2022년 10월 21일 17시,금요일,대전광역시 서구 갈마동,경상사고,0,0,1,0,차대차 - 기타,안전운전불이행,건조,맑음,교차로 - 교차로부근,승용,여,66세,상해없음,승용,남,56세,경상
2022102100100505,2022년 10월 21일 18시,금요일,대전광역시 서구 도안동,부상신고사고,0,0,0,1,차대차 - 기타,안전운전불이행,건조,맑음,교차로 - 교차로안,승용,여,48세,상해없음,이륜,남,16세,부상신고
2022102100100506,2022년 10월 21일 18시,금요일,대전광역시 서구 도안동,경상사고,0,0,2,0,차대차 - 기타,안전운전불이행,건조,맑음,교차로 - 교차로안,승용,여,27세,상해없음,승용,남,67세,경상
2022102100100507,2022년 10월 21일 18시,금요일,대전광역시 대덕구 비래동,중상사고,0,1,0,0,차대사람 - 기타,안전운전불이행,건조,맑음,단일로 - 기타,승용,남,49세,상해없음,보행자,남,51세,중상
2022102100100508,2022년 10월 21일 18시,금요일,대전광역시 유성구 봉명동,경상사고,0,0,1,0,차대차 - 기타,안전거리미확보,건조,맑음,교차로 - 교차로부근,승용,여,44세,상해없음,승용,여,64세,경상
2022102100100559,2022년 10월 21일 19시,금요일,대전광역시 동구 가양동,경상사고,0,0,1,0,차대사람 - 횡단중,보행자보호의무위반,건조,맑음,교차로 - 교차로부근,이륜,남,74세,기타불명,보행자,남,76세,경상
2022102100100560,2022년 10월 21일 19시,금요일,대전광역시 서구 가수원동,경상사고,0,0,1,0,차대차 - 후진중충돌,안전운전불이행,건조,맑음,단일로 - 기타,화물,남,63세,상해없음,원동기,남,42세,경상
2022102100100596,2022년 10월 21일 20시,금요일,대전광역시 동구 용전동,경상사고,0,0,1,0,차대차 - 측면충돌,안전운전불이행,건조,맑음,단일로 - 기타,승용,남,38세,상해없음,이륜,남,36세,경상
2022102100100597,2022년 10월 21일 20시,금요일,대전광역시 동구 대동,경상사고,0,0,1,0,차대차 - 측면충돌,안전운전불이행,건조,맑음,교차로 - 교차로안,승용,남,29세,상해없음,승용,남,30세,경상
2022102100100598,2022년 10월 21일 20시,금요일,대전광역시 서구 괴곡동,중상사고,0,1,0,0,차대차 - 정면충돌,중앙선침범,건조,맑음,단일로 - 기타,승용,여,70세,상해없음,승용,여,61세,중상
2022102100100599,2022년 10월 21일 20시,금요일,대전광역시 대덕구 신탄진동,경상사고,0,0,1,0,차대차 - 기타,안전운전불이행,건조,맑음,교차로 - 교차로부근,승용,남,56세,상해없음,이륜,남,33세,경상
2022102100100669,2022년 10월 21일 23시,금요일,대전광역시 서구 탄방동,경상사고,0,0,1,0,차대차 - 기타,기타,건조,맑음,교차로 - 교차로부근,승용,남,69세,상해없음,이륜,남,30세,경상
2022102100100670,2022년 10월 21일 23시,금요일,대전광역시 유성구 노은동,경상사고,0,0,1,0,차대차 - 기타,신호위반,건조,맑음,교차로 - 교차로안,승용,남,42세,상해없음,승용,남,51세,경상
2022102200100012,2022년 10월 22일 00시,토요일,대전광역시 서구 탄방동,경상사고,0,0,1,0,차대차 - 기타,안전운전불이행,건조,맑음,교차로 - 교차로안,승용,남,27세,상해없음,승용,남,65세,경상
2022102200100028,2022년 10월 22일 01시,토요일,대전광역시 유성구 원신흥동,중상사고,0,1,0,0,차대차 - 기타,안전운전불이행,건조,맑음,교차로 - 교차로부근,승용,남,56세,상해없음,승용,남,43세,중상
2022102200100036,2022년 10월 22일 02시,토요일,대전광역시 서구 월평동,경상사고,0,0,1,0,차대차 - 기타,신호위반,건조,맑음,교차로 - 교차로안,승용,남,26세,상해없음,승용,남,62세,경상
2022102200100070,2022년 10월 22일 05시,토요일,대전광역시 중구 선화동,경상사고,0,0,1,0,차대차 - 후진중충돌,안전운전불이행,건조,맑음,교차로 - 교차로부근,승용,남,32세,상해없음,승용,남,44세,경상
2022102200100088,2022년 10월 22일 06시,토요일,대전광역시 유성구 덕명동,중상사고,0,1,0,0,차량단독 - 기타,안전운전불이행,건조,맑음,단일로 - 기타,승합,남,40세,상해없음,,,,
2022102200100148,2022년 10월 22일 09시,토요일,대전광역시 서구 도안동,경상사고,0,0,1,0,차대사람 - 보도통행중,보행자보호의무위반,건조,맑음,단일로 - 기타,승용,남,20세,상해없음,보행자,남,62세,경상
2022102200100149,2022년 10월 22일 09시,토요일,대전광역시 서구 둔산동,경상사고,0,0,1,0,차대사람 - 기타,안전운전불이행,건조,맑음,기타 - 기타,승용,남,65세,상해없음,보행자,남,23세,경상
2022102200100185,2022년 10월 22일 10시,토요일,대전광역시 중구 산성동,경상사고,0,0,1,0,차대사람 - 차도통행중,안전운전불이행,건조,맑음,교차로 - 교차로부근,승용,남,54세,상해없음,보행자,여,76세,경상
2022102200100220,2022년 10월 22일 11시,토요일,대전광역시 서구 내동,경상사고,0,0,1,0,차대사람 - 기타,신호위반,건조,맑음,기타 - 기타,원동기,남,37세,상해없음,보행자,남,10세,경상
2022102200100254,2022년 10월 22일 12시,토요일,대전광역시 서구 도마동,경상사고,0,0,3,0,차대차 - 측면충돌,안전운전불이행,건조,맑음,교차로 - 교차로부근,승용,여,73세,상해없음,승용,여,72세,경상
2022102200100255,2022년 10월 22일 12시,토요일,대전광역시 대덕구 평촌동,경상사고,0,0,3,0,차대차 - 기타,안전운전불이행,건조,맑음,단일로 - 기타,승용,여,41세,경상,승용,남,33세,경상
2022102200100301,2022년 10월 22일 13시,토요일,대전광역시 동구 신상동,경상사고,0,0,4,0,차대차 - 기타,기타,건조,맑음,단일로 - 교량,승용,남,31세,경상,승용,여,30세,경상
2022102200100346,2022년 10월 22일 14시,토요일,대전광역시 서구 용문동,경상사고,0,0,1,0,차대차 - 측면충돌,신호위반,건조,맑음,교차로 - 교차로안,승용,남,36세,상해없음,이륜,남,73세,경상
2022102200100347,2022년 10월 22일 14시,토요일,대전광역시 대덕구 문평동,사망사고,1,0,0,0,차대차 - 추돌,안전운전불이행,건조,맑음,단일로 - 기타,이륜,남,27세,사망,화물,남,58세,상해없음
2022102200100472,2022년 10월 22일 17시,토요일,대전광역시 동구 정동,경상사고,0,0,1,0,차대사람 - 횡단중,안전운전불이행,건조,맑음,단일로 - 기타,승용,남,71세,상해없음,보행자,남,35세,경상
2022102200100473,2022년 10월 22일 17시,토요일,대전광역시 서구 만년동,경상사고,0,0,3,0,차대차 - 기타,안전거리미확보,건조,맑음,교차로 - 교차로부근,승용,여,48세,상해없음,승용,남,32세,경상
2022102200100474,2022년 10월 22일 17시,토요일,대전광역시 유성구 반석동,경상사고,0,0,3,0,차대차 - 추돌,안전운전불이행,건조,맑음,단일로 - 기타,승합,남,64세,상해없음,승용,남,48세,경상
2022102200100513,2022년 10월 22일 18시,토요일,대전광역시 서구 복수동,경상사고,0,0,1,0,차대차 - 기타,신호위반,건조,맑음,교차로 - 교차로안,승용,여,28세,상해없음,승용,남,70세,경상
2022102200100554,2022년 10월 22일 19시,토요일,대전광역시 서구 관저동,경상사고,0,0,5,0,차대차 - 측면충돌,신호위반,건조,맑음,단일로 - 기타,승용,남,72세,경상,화물,남,32세,경상
2022102200100555,2022년 10월 22일 19시,토요일,대전광역시 유성구 원내동,경상사고,0,0,1,0,차대차 - 추돌,안전운전불이행,건조,맑음,교차로 - 교차로부근,승용,남,46세,상해없음,승용,남,59세,경상
2022102200100582,2022년 10월 22일 20시,토요일,대전광역시 서구 갈마동,경상사고,0,0,1,0,차대차 - 측면충돌,안전거리미확보,건조,맑음,단일로 - 기타,승용,남,56세,상해없음,승용,남,29세,경상
2022102200100632,2022년 10월 22일 22시,토요일,대전광역시 중구 유천동,중상사고,0,1,0,0,차대차 - 기타,안전운전불이행,건조,맑음,단일로 - 기타,승용,남,65세,상해없음,원동기,남,38세,중상
2022102200100653,2022년 10월 22일 23시,토요일,대전광역시 유성구 계산동,사망사고,1,0,0,0,차대사람 - 기타,안전운전불이행,건조,맑음,단일로 - 기타,승용,남,63세,상해없음,보행자,남,59세,사망
2022102300100013,2022년 10월 23일 00시,일요일,대전광역시 유성구 봉명동,중상사고,0,1,0,0,차대사람 - 기타,불법유턴,건조,맑음,단일로 - 기타,승용,남,34세,상해없음,보행자,남,37세,중상
2022102300100029,2022년 10월 23일 02시,일요일,대전광역시 서구 둔산동,경상사고,0,0,1,0,차대사람 - 길가장자리구역통행중,안전운전불이행,건조,맑음,단일로 - 기타,승용,남,19세,상해없음,보행자,여,22세,경상
2022102300100064,2022년 10월 23일 07시,일요일,대전광역시 서구 가수원동,경상사고,0,0,1,0,차대차 - 정면충돌,신호위반,건조,맑음,교차로 - 교차로안,승합,남,73세,상해없음,승용,여,66세,경상
2022102300100100,2022년 10월 23일 09시,일요일,대전광역시 유성구 장대동,경상사고,0,0,1,0,차대차 - 측면충돌,안전운전불이행,건조,맑음,교차로 - 교차로부근,승용,남,35세,상해없음,화물,남,33세,경상
2022102300100171,2022년 10월 23일 12시,일요일,대전광역시 서구 정림동,경상사고,0,0,1,0,차대차 - 기타,안전운전불이행,건조,맑음,단일로 - 기타,이륜,남,53세,상해없음,승용,남,26세,경상
2022102300100172,2022년 10월 23일 12시,일요일,대전광역시 서구 정림동,경상사고,0,0,1,0,차대차 - 기타,안전운전불이행,건조,맑음,기타 - 기타,승용,여,50세,상해없음,승용,남,53세,경상
2022102300100173,2022년 10월 23일 12시,일요일,대전광역시 서구 갈마동,경상사고,0,0,1,0,차대차 - 측면충돌,안전운전불이행,건조,맑음,교차로 - 교차로안,화물,남,60세,상해없음,승합,여,62세,경상
2022102300100174,2022년 10월 23일 12시,일요일,대전광역시 유성구 방동,경상사고,0,0,1,0,차대차 - 측면충돌,안전거리미확보,건조,맑음,단일로 - 기타,승용,남,64세,상해없음,이륜,남,50세,경상
2022102300100292,2022년 10월 23일 16시,일요일,대전광역시 유성구 구성동,경상사고,0,0,2,0,차대차 - 정면충돌,교차로운행방법위반,건조,맑음,교차로 - 교차로안,승용,여,39세,기타불명,승용,남,63세,경상
2022102300100325,2022년 10월 23일 17시,일요일,대전광역시 유성구 궁동,부상신고사고,0,0,0,2,차대차 - 기타,안전운전불이행,건조,맑음,기타 - 기타,승용,남,20세,기타불명,승용,남,27세,부상신고
2022102300100356,2022년 10월 23일 18시,일요일,대전광역시 서구 둔산동,중상사고,0,1,0,0,차대차 - 기타,안전운전불이행,건조,맑음,교차로 - 교차로부근,이륜,남,26세,기타불명,승용,남,40세,중상
2022102300100357,2022년 10월 23일 18시,일요일,대전광역시 유성구 궁동,경상사고,0,0,1,0,차대차 - 후진중충돌,안전운전불이행,건조,맑음,단일로 - 기타,승용,여,63세,상해없음,이륜,남,60세,경상
2022102300100387,2022년 10월 23일 19시,일요일,대전광역시 유성구 노은동,경상사고,0,0,1,0,차대차 - 기타,안전거리미확보,건조,맑음,교차로 - 교차로부근,승용,남,25세,상해없음,승용,남,40세,경상
2022102300100422,2022년 10월 23일 21시,일요일,대전광역시 중구 문화동,경상사고,0,0,2,0,차대차 - 후진중충돌,안전운전불이행,건조,맑음,교차로 - 교차로안,승용,남,52세,상해없음,승용,남,49세,경상
2022102300100434,2022년 10월 23일 22시,일요일,대전광역시 동구 용전동,중상사고,0,1,0,0,차대차 - 측면충돌,안전운전불이행,건조,맑음,단일로 - 기타,승용,여,25세,상해없음,이륜,남,35세,중상
2022102300100435,2022년 10월 23일 22시,일요일,대전광역시 대덕구 신탄진동,경상사고,0,0,1,0,차대사람 - 기타,안전운전불이행,건조,맑음,단일로 - 기타,승용,남,25세,상해없음,보행자,남,31세,경상
2022102300100442,2022년 10월 23일 23시,일요일,대전광역시 동구 소제동,경상사고,0,0,1,0,차대차 - 측면충돌,신호위반,건조,맑음,교차로 - 교차로안,승용,남,72세,상해없음,이륜,남,56세,경상
2022102400100044,2022년 10월 24일 06시,월요일,대전광역시 동구 홍도동,경상사고,0,0,2,0,차대차 - 기타,안전운전불이행,건조,맑음,교차로 - 교차로안,화물,남,58세,상해없음,승용,남,63세,경상
2022102400100086,2022년 10월 24일 07시,월요일,대전광역시 서구 도마동,중상사고,0,1,1,0,차대차 - 기타,안전거리미확보,건조,맑음,교차로 - 교차로부근,이륜,남,69세,중상,승용,여,31세,경상
2022102400100143,2022년 10월 24일 08시,월요일,대전광역시 대덕구 중리동,경상사고,0,0,1,0,차대사람 - 기타,안전운전불이행,건조,맑음,단일로 - 기타,승용,여,63세,상해없음,보행자,남,13세,경상
2022102400100185,2022년 10월 24일 09시,월요일,대전광역시 서구 복수동,경상사고,0,0,1,0,차대차 - 기타,안전운전불이행,건조,맑음,기타 - 기타,승용,남,70세,상해없음,승용,남,69세,경상
2022102400100186,2022년 10월 24일 09시,월요일,대전광역시 대덕구 오정동,사망사고,1,0,0,0,차대차 - 기타,안전운전불이행,건조,맑음,교차로 - 교차로횡단보도내,건설기계,남,65세,상해없음,자전거,여,21세,사망
2022102400100187,2022년 10월 24일 09시,월요일,대전광역시 서구 갈마동,경상사고,0,0,1,0,차대차 - 측면충돌,안전운전불이행,건조,맑음,교차로 - 교차로부근,승용,남,46세,상해없음,승용,남,44세,경상
2022102400100188,2022년 10월 24일 09시,월요일,대전광역시 유성구 봉명동,경상사고,0,0,1,0,차량단독 - 기타,안전운전불이행,건조,맑음,교차로 - 교차로부근,승합,남,60세,상해없음,,,,
2022102400100189,2022년 10월 24일 09시,월요일,대전광역시 유성구 지족동,경상사고,0,0,1,0,차대차 - 측면충돌,안전운전불이행,건조,맑음,단일로 - 기타,특수,남,46세,상해없음,승용,여,33세,경상
2022102400100230,2022년 10월 24일 10시,월요일,대전광역시 서구 갈마동,경상사고,0,0,4,0,차대차 - 기타,안전운전불이행,건조,맑음,단일로 - 기타,승용,남,62세,경상,승용,여,31세,경상
2022102400100306,2022년 10월 24일 12시,월요일,대전광역시 유성구 봉명동,경상사고,0,0,1,0,차대차 - 측면충돌,신호위반,건조,맑음,교차로 - 교차로횡단보도내,승용,여,27세,상해없음,자전거,남,62세,경상
2022102400100307,2022년 10월 24일 12시,월요일,대전광역시 유성구 봉명동,중상사고,0,1,0,0,차량단독 - 기타,안전운전불이행,건조,맑음,기타 - 기타,승합,남,30세,상해없음,,,,
2022102400100340,2022년 10월 24일 13시,월요일,대전광역시 동구 삼성동,중상사고,0,1,1,0,차대차 - 측면충돌,중앙선침범,건조,맑음,교차로 - 교차로부근,화물,남,56세,경상,원동기,남,19세,중상
2022102400100445,2022년 10월 24일 16시,월요일,대전광역시 대덕구 중리동,경상사고,0,0,2,0,차대차 - 기타,교차로운행방법위반,건조,맑음,교차로 - 교차로안,화물,남,28세,상해없음,승용,남,19세,경상
2022102400100485,2022년 10월 24일 17시,월요일,대전광역시 서구 둔산동,경상사고,0,0,2,0,차대차 - 기타,안전운전불이행,건조,맑음,단일로 - 기타,승용,남,55세,경상,승용,남,68세,상해없음
2022102400100551,2022년 10월 24일 18시,월요일,대전광역시 서구 둔산동,경상사고,0,0,1,0,차대차 - 기타,신호위반,건조,맑음,교차로 - 교차로부근,승용,남,35세,상해없음,승용,여,38세,경상
2022102400100552,2022년 10월 24일 18시,월요일,대전광역시 유성구 봉명동,부상신고사고,0,0,0,1,차대차 - 측면충돌,안전운전불이행,건조,맑음,단일로 - 기타,승용,남,26세,상해없음,승용,남,66세,부상신고
2022102400100553,2022년 10월 24일 18시,월요일,대전광역시 유성구 봉산동,경상사고,0,0,1,0,차대사람 - 횡단중,안전운전불이행,건조,맑음,단일로 - 기타,승용,남,44세,상해없음,보행자,남,8세,경상
2022102400100554,2022년 10월 24일 18시,월요일,대전광역시 유성구 노은동,경상사고,0,0,1,0,차대차 - 추돌,안전운전불이행,건조,맑음,교차로 - 교차로부근,화물,남,46세,상해없음,승용,여,41세,경상
2022102400100587,2022년 10월 24일 19시,월요일,대전광역시 서구 월평동,경상사고,0,0,1,0,차대사람 - 횡단중,안전운전불이행,건조,맑음,교차로 - 교차로부근,승용,여,38세,상해없음,보행자,남,59세,경상
2022102500100018,2022년 10월 25일 01시,화요일,대전광역시 중구 선화동,중상사고,0,1,1,0,차대차 - 기타,안전운전불이행,건조,맑음,교차로 - 교차로부근,승용,남,41세,상해없음,이륜,남,55세,중상
2022102500100121,2022년 10월 25일 08시,화요일,대전광역시 서구 만년동,경상사고,0,0,2,0,차량단독 - 기타,기타,건조,맑음,단일로 - 기타,승용,남,72세,기타불명,,,,
2022102500100122,2022년 10월 25일 08시,화요일,대전광역시 유성구 궁동,경상사고,0,0,1,0,차대차 - 기타,안전운전불이행,건조,맑음,단일로 - 기타,승용,남,26세,상해없음,승용,남,42세,상해없음
2022102500100157,2022년 10월 25일 09시,화요일,대전광역시 서구 관저동,경상사고,0,0,1,0,차대차 - 측면충돌,안전운전불이행,건조,맑음,교차로 - 교차로안,승용,남,69세,상해없음,승용,여,48세,경상
2022102500100158,2022년 10월 25일 09시,화요일,대전광역시 유성구 봉명동,경상사고,0,0,1,0,차대차 - 기타,안전운전불이행,건조,맑음,단일로 - 기타,승용,여,44세,상해없음,승용,여,33세,경상
2022102500100222,2022년 10월 25일 11시,화요일,대전광역시 유성구 노은동,경상사고,0,0,1,0,차대차 - 기타,안전운전불이행,건조,맑음,단일로 - 기타,건설기계,남,58세,상해없음,승용,남,54세,경상
2022102500100320,2022년 10월 25일 14시,화요일,대전광역시 중구 대사동,경상사고,0,0,2,0,차대차 - 측면충돌,안전거리미확보,건조,맑음,단일로 - 기타,승용,남,82세,상해없음,승용,남,69세,경상
2022102500100370,2022년 10월 25일 15시,화요일,대전광역시 중구 선화동,경상사고,0,0,2,0,차대차 - 기타,안전운전불이행,건조,맑음,교차로 - 교차로안,승용,남,52세,상해없음,승용,남,43세,상해없음
2022102500100423,2022년 10월 25일 16시,화요일,대전광역시 서구 용문동,경상사고,0,0,2,0,차대차 - 측면충돌,신호위반,건조,맑음,교차로 - 교차로안,화물,남,49세,상해없음,승용,남,40세,경상
2022102500100424,2022년 10월 25일 16시,화요일,대전광역시 대덕구 읍내동,경상사고,0,0,1,0,차대차 - 측면충돌,안전운전불이행,건조,맑음,단일로 - 기타,화물,남,50세,상해없음,승용,남,72세,경상
2022102500100469,2022년 10월 25일 17시,화요일,대전광역시 서구 괴정동,경상사고,0,0,1,0,차대차 - 기타,안전거리미확보,건조,맑음,단일로 - 기타,승합,남,44세,상해없음,승용,여,51세,경상