사고번호,사고일시,요일,시군구,사고내용,사망자수,중상자수,경상자수,부상신고자수,사고유형,법규위반,노면상태,기상상태,도로형태,가해운전자 차종,가해운전자 성별,가해운전자 연령,가해운전자 상해정도,피해운전자 차종,피해운전자 성별,피해운전자 연령,피해운전자 상해정도
2022111700100142,2022년 11월 17일 09시,목요일,대전광역시 동구 삼성동,경상사고,0,0,1,0,차대차 - 측면충돌,안전거리미확보,건조,맑음,교차로 - 교차로안,화물,남,64세,상해없음,승용,남,24세,경상
2022111700100167,2022년 11월 17일 10시,목요일,대전광역시 동구 가양동,경상사고,0,0,1,0,차대차 - 측면충돌,안전운전불이행,건조,맑음,단일로 - 기타,승용,남,26세,경상,승용,남,75세,상해없음
2022111700100168,2022년 11월 17일 10시,목요일,대전광역시 서구 가장동,중상사고,0,1,2,0,차대차 - 추돌,안전거리미확보,건조,맑음,교차로 - 교차로부근,특수,남,28세,상해없음,화물,남,63세,중상
2022111700100169,2022년 11월 17일 10시,목요일,대전광역시 서구 도마동,경상사고,0,0,1,0,차대차 - 기타,안전거리미확보,건조,맑음,단일로 - 기타,승용,남,81세,상해없음,승용,여,28세,경상
2022111700100170,2022년 11월 17일 10시,목요일,대전광역시 대덕구 오정동,경상사고,0,0,2,0,차대차 - 측면충돌,안전운전불이행,건조,맑음,교차로 - 교차로안,승용,남,83세,상해없음,승용,남,27세,경상
2022111700100210,2022년 11월 17일 11시,목요일,대전광역시 유성구 궁동,중상사고,0,1,0,0,차대차 - 기타,안전운전불이행,건조,맑음,단일로 - 기타,승용,남,26세,상해없음,이륜,남,45세,중상
2022111700100231,2022년 11월 17일 12시,목요일,대전광역시 대덕구 송촌동,경상사고,0,0,1,0,차대차 - 측면충돌,안전운전불이행,건조,맑음,기타 - 기타,승용,여,62세,상해없음,승용,남,44세,경상
2022111700100243,2022년 11월 17일 12시,목요일,대전광역시 대덕구 오정동,경상사고,0,0,1,0,차대차 - 측면충돌,신호위반,건조,맑음,교차로 - 교차로안,승합,남,63세,기타불명,화물,남,70세,경상
2022111700100310,2022년 11월 17일 14시,목요일,대전광역시 대덕구 오정동,경상사고,0,0,2,0,차대차 - 기타,안전운전불이행,건조,맑음,교차로 - 교차로안,이륜,남,33세,경상,화물,남,40세,경상
2022111700100339,2022년 11월 17일 15시,목요일,대전광역시 동구 가오동,경상사고,0,0,1,0,차대차 - 측면충돌,안전운전불이행,건조,맑음,교차로 - 교차로부근,승용,남,62세,상해없음,승용,남,65세,경상
2022111700100340,2022년 11월 17일 15시,목요일,대전광역시 동구 중동,경상사고,0,0,1,0,차대차 - 측면충돌,신호위반,건조,맑음,단일로 - 기타,승용,남,50세,상해없음,이륜,남,78세,경상
2022111700100368,2022년 11월 17일 16시,목요일,대전광역시 중구 선화동,경상사고,0,0,1,0,차대차 - 기타,안전거리미확보,건조,맑음,단일로 - 기타,승용,남,73세,상해없음,승합,남,44세,상해없음
2022111700100369,2022년 11월 17일 16시,목요일,대전광역시 동구 가양동,경상사고,0,0,1,0,차대차 - 측면충돌,안전운전불이행,건조,맑음,단일로 - 기타,승용,여,44세,기타불명,승합,남,56세,경상
2022111700100370,2022년 11월 17일 16시,목요일,대전광역시 서구 복수동,중상사고,0,1,0,0,차대차 - 측면충돌,신호위반,건조,맑음,교차로 - 교차로안,승용,여,71세,상해없음,승용,여,45세,중상
2022111700100371,2022년 11월 17일 16시,목요일,대전광역시 서구 월평동,경상사고,0,0,2,0,차대차 - 기타,안전운전불이행,건조,맑음,단일로 - 기타,승용,남,76세,경상,승용,여,34세,경상
2022111700100427,2022년 11월 17일 17시,목요일,대전광역시 서구 가장동,중상사고,0,1,0,0,차대차 - 정면충돌,안전운전불이행,건조,맑음,단일로 - 기타,이륜,남,51세,중상,승용,남,69세,상해없음
2022111700100487,2022년 11월 17일 18시,목요일,대전광역시 중구 은행동,경상사고,0,0,1,0,차대사람 - 기타,안전운전불이행,건조,맑음,단일로 - 기타,이륜,남,30세,상해없음,보행자,여,31세,경상
2022111700100488,2022년 11월 17일 18시,목요일,대전광역시 동구 삼성동,경상사고,0,0,1,0,차대차 - 기타,안전운전불이행,건조,맑음,교차로 - 교차로횡단보도내,승용,여,66세,상해없음,자전거,여,23세,경상
2022111700100540,2022년 11월 17일 19시,목요일,대전광역시 서구 만년동,중상사고,0,1,0,0,차대사람 - 횡단중,보행자보호의무위반,건조,맑음,교차로 - 교차로횡단보도내,승용,여,53세,상해없음,보행자,여,61세,중상
2022111700100541,2022년 11월 17일 19시,목요일,대전광역시 서구 둔산동,경상사고,0,0,1,0,차대차 - 기타,안전운전불이행,건조,맑음,교차로 - 교차로횡단보도내,승용,여,27세,상해없음,자전거,남,12세,경상
2022111700100569,2022년 11월 17일 20시,목요일,대전광역시 유성구 상대동,경상사고,0,0,1,0,차대차 - 측면충돌,안전운전불이행,건조,맑음,단일로 - 기타,화물,남,54세,상해없음,승용,남,30세,경상
2022111700100629,2022년 11월 17일 23시,목요일,대전광역시 대덕구 와동,경상사고,0,0,1,0,차대차 - 정면충돌,중앙선침범,건조,맑음,교차로 - 교차로부근,승용,남,39세,상해없음,승합,남,60세,경상
2022111800100066,2022년 11월 18일 06시,금요일,대전광역시 동구 원동,중상사고,0,1,0,0,차대사람 - 횡단중,보행자보호의무위반,건조,맑음,교차로 - 교차로횡단보도내,승용,남,55세,상해없음,보행자,남,59세,중상
2022111800100067,2022년 11월 18일 06시,금요일,대전광역시 유성구 원내동,경상사고,0,0,1,0,차대차 - 측면충돌,안전운전불이행,건조,맑음,교차로 - 교차로부근,승용,남,60세,상해없음,승용,남,36세,경상
2022111800100111,2022년 11월 18일 08시,금요일,대전광역시 동구 효동,경상사고,0,0,1,0,차대차 - 기타,교차로운행방법위반,건조,맑음,교차로 - 교차로안,승용,여,46세,상해없음,승용,여,46세,경상
2022111800100112,2022년 11월 18일 08시,금요일,대전광역시 서구 정림동,경상사고,0,0,1,0,차대차 - 측면충돌,중앙선침범,건조,맑음,단일로 - 기타,승용,여,61세,상해없음,이륜,남,35세,경상
2022111800100145,2022년 11월 18일 09시,금요일,대전광역시 중구 문화동,경상사고,0,0,1,0,차대사람 - 보도통행중,기타,건조,맑음,단일로 - 기타,개인형이동수단(PM),여,15세,상해없음,보행자,여,55세,경상
2022111800100146,2022년 11월 18일 09시,금요일,대전광역시 서구 가수원동,경상사고,0,0,1,0,차량단독 - 기타,안전운전불이행,건조,맑음,기타 - 기타,승합,남,45세,상해없음,,,,
2022111800100147,2022년 11월 18일 09시,금요일,대전광역시 대덕구 신대동,경상사고,0,0,3,0,차대차 - 추돌,안전운전불이행,건조,맑음,단일로 - 기타,승용,남,60세,경상,승합,남,36세,경상
2022111800100177,2022년 11월 18일 10시,금요일,대전광역시 서구 도안동,경상사고,0,0,3,0,차대차 - 추돌,안전운전불이행,건조,맑음,단일로 - 기타,승합,남,48세,상해없음,승합,남,23세,경상
2022111800100210,2022년 11월 18일 11시,금요일,대전광역시 동구 용전동,경상사고,0,0,2,0,차대차 - 추돌,안전운전불이행,건조,맑음,교차로 - 교차로부근,승용,남,67세,상해없음,승용,남,56세,경상
2022111800100211,2022년 11월 18일 11시,금요일,대전광역시 서구 만년동,경상사고,0,0,1,0,차대차 - 측면충돌,안전운전불이행,건조,맑음,교차로 - 교차로횡단보도내,승용,남,58세,상해없음,개인형이동수단(PM),여,26세,경상
2022111800100274,2022년 11월 18일 13시,금요일,대전광역시 중구 대흥동,경상사고,0,0,2,0,차대차 - 기타,안전운전불이행,건조,맑음,단일로 - 기타,화물,남,60세,상해없음,승용,남,51세,경상
2022111800100275,2022년 11월 18일 13시,금요일,대전광역시 서구 도마동,경상사고,0,0,1,0,차대차 - 측면충돌,안전운전불이행,건조,맑음,단일로 - 기타,승용,여,58세,상해없음,승용,남,30세,경상
2022111800100276,2022년 11월 18일 13시,금요일,대전광역시 서구 도마동,경상사고,0,0,1,0,차대사람 - 길가장자리구역통행중,안전운전불이행,건조,맑음,단일로 - 기타,승용,남,21세,상해없음,보행자,남,23세,경상
2022111800100319,2022년 11월 18일 14시,금요일,대전광역시 유성구 도룡동,경상사고,0,0,1,0,차대차 - 기타,신호위반,건조,맑음,교차로 - 교차로안,승용,여,39세,상해없음,승용,남,29세,경상
2022111800100359,2022년 11월 18일 15시,금요일,대전광역시 서구 관저동,경상사고,0,0,1,0,차대사람 - 기타,불법유턴,건조,맑음,단일로 - 기타,승용,여,39세,상해없음,보행자,남,15세,경상
2022111800100360,2022년 11월 18일 15시,금요일,대전광역시 대덕구 오정동,경상사고,0,0,1,0,차대차 - 측면충돌,안전운전불이행,건조,맑음,단일로 - 기타,승용,여,74세,상해없음,승용,남,32세,경상
2022111800100361,2022년 11월 18일 15시,금요일,대전광역시 대덕구 오정동,경상사고,0,0,1,0,차대차 - 측면충돌,교차로운행방법위반,건조,맑음,교차로 - 교차로안,승용,여,36세,기타불명,건설기계,남,50세,경상
2022111800100362,2022년 11월 18일 15시,금요일,대전광역시 유성구 구성동,중상사고,0,2,2,2,차대차 - 측면충돌,안전운전불이행,건조,맑음,교차로 - 교차로안,화물,남,57세,경상,승용,남,67세,중상
2022111800100400,2022년 11월 18일 16시,금요일,대전광역시 서구 도안동,경상사고,0,0,1,0,차대차 - 측면충돌,안전운전불이행,건조,맑음,단일로 - 기타,승용,남,44세,상해없음,승용,남,42세,경상
2022111800100401,2022년 11월 18일 16시,금요일,대전광역시 대덕구 신탄진동,경상사고,0,0,2,0,차대차 - 기타,안전운전불이행,건조,맑음,단일로 - 기타,승용,여,61세,상해없음,승용,남,26세,경상
2022111800100466,2022년 11월 18일 17시,금요일,대전광역시 동구 용전동,경상사고,0,0,1,0,차대차 - 추돌,안전운전불이행,건조,맑음,교차로 - 교차로부근,승용,남,42세,상해없음,승용,여,51세,경상
2022111800100467,2022년 11월 18일 17시,금요일,대전광역시 서구 둔산동,경상사고,0,0,1,0,차대차 - 추돌,안전운전불이행,건조,맑음,교차로 - 교차로부근,승용,남,35세,상해없음,승용,남,51세,경상
2022111800100544,2022년 11월 18일 18시,금요일,대전광역시 동구 가오동,중상사고,0,1,0,0,차대사람 - 횡단중,안전운전불이행,건조,맑음,교차로 - 교차로부근,승합,남,43세,상해없음,보행자,여,79세,중상
2022111800100545,2022년 11월 18일 18시,금요일,대전광역시 대덕구 대화동,경상사고,0,0,1,0,차대차 - 후진중충돌,안전운전불이행,건조,맑음,단일로 - 기타,승용,여,55세,상해없음,개인형이동수단(PM),여,29세,경상
2022111800100546,2022년 11월 18일 18시,금요일,대전광역시 유성구 노은동,중상사고,0,1,2,0,차대차 - 기타,안전운전불이행,건조,맑음,단일로 - 기타,승용,남,29세,경상,원동기,남,55세,중상
2022111800100547,2022년 11월 18일 18시,금요일,대전광역시 유성구 상대동,경상사고,0,0,2,0,차대차 - 측면충돌,신호위반,건조,맑음,교차로 - 교차로부근,승합,남,67세,경상,승용,남,23세,경상
2022111800100675,2022년 11월 18일 22시,금요일,대전광역시 서구 둔산동,경상사고,0,0,1,0,차대차 - 추돌,안전운전불이행,건조,맑음,기타 - 기타,승용,남,48세,상해없음,이륜,남,22세,경상
2022111900100030,2022년 11월 19일 01시,토요일,대전광역시 서구 괴정동,경상사고,0,0,3,0,차대차 - 추돌,안전운전불이행,건조,맑음,단일로 - 기타,승용,남,43세,상해없음,승용,여,38세,경상
2022111900100074,2022년 11월 19일 06시,토요일,대전광역시 유성구 봉명동,경상사고,0,0,1,0,차대차 - 추돌,안전운전불이행,건조,맑음,교차로 - 교차로부근,승용,여,43세,기타불명,승용,여,45세,경상
2022111900100083,2022년 11월 19일 07시,토요일,대전광역시 서구 둔산동,중상사고,0,1,3,0,차대차 - 추돌,기타,건조,맑음,교차로 - 교차로부근,승용,남,28세,상해없음,승용,남,66세,경상
2022111900100188,2022년 11월 19일 11시,토요일,대전광역시 서구 둔산동,경상사고,0,0,1,0,차대차 - 기타,안전운전불이행,건조,맑음,기타 - 기타,승용,여,51세,상해없음,이륜,남,43세,경상
2022111900100189,2022년 11월 19일 11시,토요일,대전광역시 유성구 자운동,경상사고,0,0,1,0,차대차 - 정면충돌,안전운전불이행,건조,맑음,단일로 - 기타,승용,여,49세,기타불명,승용,여,45세,경상
2022111900100190,2022년 11월 19일 11시,토요일,대전광역시 유성구 장대동,경상사고,0,0,1,0,차대차 - 기타,안전운전불이행,건조,맑음,교차로 - 교차로안,승용,남,38세,상해없음,승용,남,31세,경상
2022111900100225,2022년 11월 19일 12시,토요일,대전광역시 유성구 외삼동,경상사고,0,0,1,0,차대차 - 기타,안전거리미확보,건조,맑음,기타 - 기타,승용,남,73세,상해없음,승용,여,58세,경상
2022111900100257,2022년 11월 19일 13시,토요일,대전광역시 동구 원동,경상사고,0,0,2,0,차대차 - 추돌,안전거리미확보,건조,맑음,단일로 - 기타,승용,남,19세,상해없음,승용,남,32세,경상
2022111900100258,2022년 11월 19일 13시,토요일,대전광역시 대덕구 중리동,경상사고,0,0,1,0,차대사람 - 횡단중,중앙선침범,건조,맑음,교차로 - 교차로안,개인형이동수단(PM),남,16세,상해없음,보행자,여,26세,경상
2022111900100296,2022년 11월 19일 14시,토요일,대전광역시 서구 월평동,경상사고,0,0,2,0,차대차 - 기타,안전운전불이행,건조,맑음,단일로 - 기타,승합,남,21세,상해없음,승용,남,36세,경상
2022111900100328,2022년 11월 19일 15시,토요일,대전광역시 서구 도마동,경상사고,0,0,5,0,차대차 - 기타,기타,건조,맑음,교차로 - 교차로안,승용,남,42세,경상,승용,여,45세,경상
2022111900100417,2022년 11월 19일 17시,토요일,대전광역시 동구 용전동,경상사고,0,0,1,0,차대차 - 측면충돌,직진우회전진행방해,건조,맑음,교차로 - 교차로안,개인형이동수단(PM),남,25세,경상,승용,남,71세,상해없음
2022111900100418,2022년 11월 19일 17시,토요일,대전광역시 유성구 용산동,경상사고,0,0,2,0,차대차 - 측면충돌,신호위반,건조,맑음,교차로 - 교차로안,승용,남,60세,상해없음,승용,남,28세,상해없음
2022111900100581,2022년 11월 19일 22시,토요일,대전광역시 중구 태평동,경상사고,0,0,3,0,차대차 - 기타,교차로운행방법위반,건조,맑음,교차로 - 교차로안,승용,남,21세,상해없음,승용,남,35세,경상
2022112000100014,2022년 11월 20일 00시,일요일,대전광역시 유성구 죽동,부상신고사고,0,0,0,1,차대차 - 기타,안전거리미확보,건조,맑음,단일로 - 기타,이륜,남,54세,상해없음,승용,여,50세,부상신고
2022112000100054,2022년 11월 20일 06시,일요일,대전광역시 서구 월평동,경상사고,0,0,1,0,차대차 - 측면충돌,신호위반,건조,맑음,교차로 - 교차로안,승용,남,37세,상해없음,승용,여,43세,경상
2022112000100102,2022년 11월 20일 10시,일요일,대전광역시 중구 오류동,경상사고,0,0,1,0,차대차 - 추돌,안전운전불이행,건조,맑음,단일로 - 교량,화물,남,28세,상해없음,승용,남,33세,경상
2022112000100123,2022년 11월 20일 11시,일요일,대전광역시 서구 괴정동,경상사고,0,0,1,0,차대차 - 측면충돌,안전운전불이행,건조,맑음,교차로 - 교차로안,승용,남,44세,상해없음,승용,여,60세,경상
2022112000100189,2022년 11월 20일 13시,일요일,대전광역시 서구 둔산동,경상사고,0,0,1,0,차대사람 - 기타,안전운전불이행,건조,맑음,단일로 - 기타,이륜,남,41세,상해없음,보행자,여,57세,경상
2022112000100190,2022년 11월 20일 13시,일요일,대전광역시 유성구 용산동,경상사고,0,0,2,0,차대차 - 측면충돌,교차로운행방법위반,건조,맑음,교차로 - 교차로안,승용,남,40세,경상,승용,여,25세,경상
2022112000100218,2022년 11월 20일 14시,일요일,대전광역시 동구 삼성동,경상사고,0,0,1,0,차대차 - 측면충돌,안전거리미확보,건조,맑음,교차로 - 교차로안,승용,남,67세,기타불명,승용,남,33세,경상
2022112000100248,2022년 11월 20일 15시,일요일,대전광역시 동구 가양동,중상사고,0,1,4,0,차대차 - 측면충돌,직진우회전진행방해,건조,맑음,교차로 - 교차로안,승용,여,56세,경상,승용,남,64세,중상
2022112000100272,2022년 11월 20일 16시,일요일,대전광역시 동구 삼성동,경상사고,0,0,3,0,차대차 - 추돌,안전운전불이행,건조,맑음,교차로 - 교차로부근,승용,남,29세,상해없음,승용,남,47세,경상
2022112000100273,2022년 11월 20일 16시,일요일,대전광역시 서구 도마동,경상사고,0,0,1,0,차대사람 - 기타,안전운전불이행,건조,맑음,단일로 - 기타,승용,여,67세,상해없음,보행자,남,8세,경상
2022112000100274,2022년 11월 20일 16시,일요일,대전광역시 서구 변동,중상사고,0,1,0,0,차대차 - 후진중충돌,안전운전불이행,건조,맑음,단일로 - 기타,승용,여,55세,상해없음,승용,남,32세,중상
2022112000100275,2022년 11월 20일 16시,일요일,대전광역시 유성구 봉명동,경상사고,0,0,2,0,차대차 - 측면충돌,안전거리미확보,건조,맑음,단일로 - 기타,승용,여,24세,기타불명,화물,여,58세,경상
2022112000100414,2022년 11월 20일 20시,일요일,대전광역시 중구 태평동,경상사고,0,0,1,0,차대차 - 기타,안전운전불이행,건조,맑음,교차로 - 교차로안,승용,남,56세,경상,승용,남,29세,기타불명
2022112000100451,2022년 11월 20일 23시,일요일,대전광역시 중구 선화동,경상사고,0,0,1,0,차대차 - 기타,신호위반,건조,맑음,교차로 - 교차로안,승용,남,58세,상해없음,승용,남,69세,경상
2022112000100452,2022년 11월 20일 23시,일요일,대전광역시 동구 신흥동,경상사고,0,0,3,0,차대차 - 기타,신호위반,건조,맑음,교차로 - 교차로부근,승용,남,39세,상해없음,승용,남,62세,상해없음
2022112100100070,2022년 11월 21일 07시,월요일,대전광역시 서구 도안동,중상사고,0,1,0,0,차대차 - 기타,신호위반,건조,맑음,교차로 - 교차로안,승용,남,25세,상해없음,승용,여,30세,중상
2022112100100117,2022년 11월 21일 08시,월요일,대전광역시 중구 안영동,경상사고,0,0,1,0,차대차 - 추돌,안전운전불이행,건조,흐림,교차로 - 교차로부근,승용,남,70세,상해없음,승용,여,53세,상해없음
2022112100100118,2022년 11월 21일 08시,월요일,대전광역시 동구 용운동,중상사고,0,1,0,0,차대사람 - 차도통행중,교차로운행방법위반,건조,맑음,교차로 - 교차로안,승용,남,69세,상해없음,보행자,여,47세,중상
2022112100100151,2022년 11월 21일 09시,월요일,대전광역시 서구 복수동,사망사고,1,0,0,0,차대사람 - 횡단중,신호위반,건조,맑음,교차로 - 교차로안,건설기계,남,51세,기타불명,보행자,남,67세,사망
2022112100100179,2022년 11월 21일 10시,월요일,대전광역시 서구 둔산동,경상사고,0,0,1,0,차대차 - 기타,안전운전불이행,건조,맑음,교차로 - 교차로안,승용,여,48세,기타불명,승용,남,35세,경상
2022112100100215,2022년 11월 21일 11시,월요일,대전광역시 중구 대흥동,중상사고,0,1,0,0,차대사람 - 보도통행중,기타,건조,맑음,교차로 - 교차로부근,기타불명,기타불명,미분류,기타불명,보행자,여,55세,중상
2022112100100216,2022년 11월 21일 11시,월요일,대전광역시 동구 용전동,경상사고,0,0,3,0,차대차 - 추돌,안전거리미확보,건조,맑음,단일로 - 기타,승용,남,61세,상해없음,승용,여,36세,경상
2022112100100217,2022년 11월 21일 11시,월요일,대전광역시 서구 탄방동,경상사고,0,0,1,0,차대차 - 추돌,안전운전불이행,건조,맑음,기타 - 기타,화물,남,61세,상해없음,승용,남,34세,경상
2022112100100252,2022년 11월 21일 12시,월요일,대전광역시 대덕구 법동,경상사고,0,0,1,0,차대차 - 기타,안전거리미확보,건조,맑음,단일로 - 기타,승용,여,52세,상해없음,이륜,남,40세,경상
2022112100100322,2022년 11월 21일 15시,월요일,대전광역시 서구 내동,경상사고,0,0,1,0,차대차 - 추돌,안전운전불이행,건조,맑음,단일로 - 기타,승용,남,62세,상해없음,승용,남,58세,경상
2022112100100323,2022년 11월 21일 15시,월요일,대전광역시 서구 월평동,경상사고,0,0,1,0,차대차 - 측면충돌,안전운전불이행,건조,맑음,교차로 - 교차로안,승용,남,72세,상해없음,자전거,남,13세,경상
2022112100100324,2022년 11월 21일 15시,월요일,대전광역시 유성구 봉명동,경상사고,0,0,1,0,차대차 - 기타,안전운전불이행,건조,맑음,기타 - 기타,화물,남,21세,상해없음,승용,여,36세,경상
2022112100100364,2022년 11월 21일 16시,월요일,대전광역시 중구 오류동,경상사고,0,0,3,0,차대차 - 추돌,안전운전불이행,건조,맑음,단일로 - 기타,승용,남,61세,상해없음,승용,여,40세,경상
2022112100100365,2022년 11월 21일 16시,월요일,대전광역시 중구 문화동,경상사고,0,0,1,0,차대차 - 기타,안전거리미확보,건조,맑음,단일로 - 기타,승용,여,75세,상해없음,승용,남,29세,경상
2022112100100417,2022년 11월 21일 17시,월요일,대전광역시 중구 대흥동,경상사고,0,0,1,0,차대사람 - 기타,안전운전불이행,건조,맑음,기타 - 기타,자전거,여,58세,기타불명,보행자,여,64세,경상
2022112100100418,2022년 11월 21일 17시,월요일,대전광역시 중구 태평동,경상사고,0,0,1,0,차대사람 - 기타,신호위반,건조,맑음,교차로 - 교차로안,개인형이동수단(PM),남,14세,상해없음,보행자,여,55세,경상
2022112100100419,2022년 11월 21일 17시,월요일,대전광역시 동구 용전동,경상사고,0,0,1,0,차대차 - 측면충돌,안전운전불이행,건조,맑음,단일로 - 기타,승용,남,58세,상해없음,승용,남,30세,경상
2022112100100480,2022년 11월 21일 18시,월요일,대전광역시 서구 괴정동,경상사고,0,0,2,0,차대차 - 측면충돌,안전운전불이행,건조,기타,단일로 - 기타,승용,남,40세,상해없음,승용,남,49세,경상
2022112100100481,2022년 11월 21일 18시,월요일,대전광역시 유성구 노은동,경상사고,0,0,1,0,차대차 - 기타,안전거리미확보,건조,맑음,단일로 - 기타,승용,남,65세,상해없음,승용,여,31세,경상
2022112100100517,2022년 11월 21일 19시,월요일,대전광역시 중구 태평동,경상사고,0,0,1,0,차대사람 - 기타,보행자보호의무위반,건조,맑음,교차로 - 교차로안,승용,남,53세,상해없음,보행자,여,35세,경상
2022112100100518,2022년 11월 21일 19시,월요일,대전광역시 서구 도안동,경상사고,0,0,1,0,차대사람 - 횡단중,신호위반,건조,맑음,기타 - 기타,승용,남,60세,상해없음,보행자,여,16세,경상
2022112100100536,2022년 11월 21일 20시,월요일,대전광역시 서구 괴정동,경상사고,0,0,3,0,차대차 - 기타,안전거리미확보,건조,맑음,단일로 - 기타,승용,여,64세,상해없음,승용,남,19세,경상
2022112200100015,2022년 11월 22일 01시,화요일,대전광역시 서구 둔산동,경상사고,0,0,1,0,차대사람 - 기타,안전운전불이행,건조,맑음,단일로 - 기타,승용,남,59세,상해없음,보행자,여,26세,경상
2022112200100034,2022년 11월 22일 05시,화요일,대전광역시 서구 내동,경상사고,0,0,1,0,차대차 - 기타,안전운전불이행,건조,맑음,교차로 - 교차로안,승용,남,27세,상해없음,승용,남,61세,경상
2022112200100073,2022년 11월 22일 07시,화요일,대전광역시 유성구 용산동,경상사고,0,0,2,0,차대차 - 기타,교차로운행방법위반,건조,맑음,교차로 - 교차로안,화물,남,27세,상해없음,승용,남,73세,경상
2022112200100243,2022년 11월 22일 13시,화요일,대전광역시 동구 세천동,경상사고,0,0,1,0,차대차 - 측면충돌,안전운전불이행,젖음/습기,흐림,주차장 - 주차장,승용,남,29세,상해없음,승용,남,48세,경상
2022112200100277,2022년 11월 22일 14시,화요일,대전광역시 중구 태평동,경상사고,0,0,1,0,차대차 - 측면충돌,안전거리미확보,건조,흐림,단일로 - 기타,승용,남,30세,상해없음,승용,남,35세,경상
2022112200100279,2022년 11월 22일 14시,화요일,대전광역시 대덕구 읍내동,경상사고,0,0,1,0,차대차 - 추돌,안전운전불이행,젖음/습기,흐림,교차로 - 교차로안,승용,남,26세,상해없음,승용,남,55세,경상
2022112200100339,2022년 11월 22일 16시,화요일,대전광역시 유성구 구암동,경상사고,0,0,1,0,차대차 - 기타,안전운전불이행,건조,맑음,교차로 - 교차로횡단보도내,화물,남,52세,상해없음,승용,남,33세,경상
2022112200100403,2022년 11월 22일 17시,화요일,대전광역시 동구 성남동,경상사고,0,0,1,0,차대차 - 측면충돌,안전운전불이행,젖음/습기,비,교차로 - 교차로부근,승용,남,62세,상해없음,승용,여,43세,경상
2022112200100404,2022년 11월 22일 17시,화요일,대전광역시 대덕구 석봉동,중상사고,0,1,0,0,차대차 - 기타,안전운전불이행,건조,맑음,단일로 - 기타,승용,남,58세,상해없음,이륜,남,69세,중상
2022112200100466,2022년 11월 22일 18시,화요일,대전광역시 대덕구 오정동,경상사고,0,0,1,0,차대사람 - 차도통행중,안전운전불이행,젖음/습기,비,단일로 - 기타,승용,남,64세,상해없음,보행자,남,44세,경상
2022112200100467,2022년 11월 22일 18시,화요일,대전광역시 유성구 도룡동,중상사고,0,1,0,0,차대차 - 측면충돌,안전운전불이행,건조,맑음,단일로 - 기타,승합,남,42세,상해없음,승용,남,49세,중상
2022112200100468,2022년 11월 22일 18시,화요일,대전광역시 유성구 관평동,경상사고,0,0,1,0,차대차 - 기타,안전운전불이행,젖음/습기,비,교차로 - 교차로안,승용,여,35세,기타불명,이륜,남,33세,경상
2022112200100522,2022년 11월 22일 19시,화요일,대전광역시 서구 관저동,중상사고,0,1,0,0,차대차 - 기타,안전운전불이행,건조,맑음,단일로 - 기타,승용,남,19세,상해없음,이륜,남,50세,중상
2022112200100523,2022년 11월 22일 19시,화요일,대전광역시 유성구 지족동,중상사고,0,1,0,0,차대차 - 기타,안전운전불이행,젖음/습기,흐림,단일로 - 기타,승합,남,21세,상해없음,이륜,남,32세,중상
2022112200100524,2022년 11월 22일 19시,화요일,대전광역시 유성구 원신흥동,경상사고,0,0,1,0,차대차 - 기타,안전운전불이행,건조,맑음,단일로 - 기타,승용,남,34세,상해없음,승용,남,34세,상해없음
2022112200100555,2022년 11월 22일 20시,화요일,대전광역시 대덕구 법동,경상사고,0,0,1,0,차대사람 - 횡단중,보행자보호의무위반,건조,맑음,교차로 - 교차로횡단보도내,기타불명,기타불명,미분류,기타불명,보행자,여,18세,경상
2022112200100584,2022년 11월 22일 21시,화요일,대전광역시 유성구 반석동,경상사고,0,0,3,0,차대차 - 추돌,안전운전불이행,건조,맑음,단일로 - 기타,승용,남,54세,상해없음,승용,남,39세,경상
2022112200100613,2022년 11월 22일 22시,화요일,대전광역시 중구 대흥동,경상사고,0,0,2,0,차대사람 - 횡단중,보행자보호의무위반,젖음/습기,비,교차로 - 교차로안,승용,여,52세,상해없음,보행자,남,35세,경상
2022112200100614,2022년 11월 22일 22시,화요일,대전광역시 서구 탄방동,경상사고,0,0,1,0,차대차 - 기타,안전운전불이행,젖음/습기,비,교차로 - 교차로부근,화물,남,46세,기타불명,화물,남,27세,경상
2022112200100615,2022년 11월 22일 22시,화요일,대전광역시 유성구 봉명동,경상사고,0,0,1,0,차대차 - 기타,안전운전불이행,건조,맑음,교차로 - 교차로안,화물,남,43세,상해없음,승용,남,47세,경상
2022112200100635,2022년 11월 22일 23시,화요일,대전광역시 서구 탄방동,경상사고,0,0,2,0,차대차 - 기타,안전운전불이행,건조,맑음,단일로 - 기타,승용,남,56세,기타불명,승용,남,59세,경상
2022112300100014,2022년 11월 23일 03시,수요일,대전광역시 유성구 궁동,경상사고,0,0,2,0,차대차 - 기타,안전운전불이행,건조,맑음,교차로 - 교차로안,승용,남,24세,경상,승용,남,48세,상해없음
2022112300100067,2022년 11월 23일 07시,수요일,대전광역시 유성구 장대동,중상사고,0,1,0,0,차대사람 - 횡단중,보행자보호의무위반,건조,맑음,교차로 - 교차로횡단보도내,화물,여,54세,상해없음,보행자,여,82세,중상