사고번호,사고일시,요일,시군구,사고내용,사망자수,중상자수,경상자수,부상신고자수,사고유형,법규위반,노면상태,기상상태,도로형태,가해운전자 차종,가해운전자 성별,가해운전자 연령,가해운전자 상해정도,피해운전자 차종,피해운전자 성별,피해운전자 연령,피해운전자 상해정도
2022112300100098,2022년 11월 23일 08시,수요일,대전광역시 중구 선화동,경상사고,0,0,1,0,차대차 - 측면충돌,안전운전불이행,건조,맑음,교차로 - 교차로안,승용,남,27세,상해없음,승용,남,31세,경상
2022112300100099,2022년 11월 23일 08시,수요일,대전광역시 서구 둔산동,중상사고,0,1,0,0,차대차 - 기타,안전운전불이행,건조,맑음,교차로 - 교차로부근,승용,남,23세,상해없음,승용,남,35세,중상
2022112300100185,2022년 11월 23일 11시,수요일,대전광역시 서구 도마동,경상사고,0,0,1,0,차대차 - 기타,안전운전불이행,건조,맑음,교차로 - 교차로안,승용,남,42세,상해없음,개인형이동수단(PM),남,43세,경상
2022112300100208,2022년 11월 23일 12시,수요일,대전광역시 중구 안영동,경상사고,0,0,2,0,차대차 - 측면충돌,안전운전불이행,건조,맑음,단일로 - 기타,화물,남,32세,상해없음,승용,여,61세,경상
2022112300100209,2022년 11월 23일 12시,수요일,대전광역시 동구 가양동,경상사고,0,0,1,0,차대차 - 측면충돌,안전운전불이행,건조,맑음,단일로 - 기타,승용,남,66세,상해없음,이륜,남,48세,경상
2022112300100210,2022년 11월 23일 12시,수요일,대전광역시 서구 변동,경상사고,0,0,2,0,차대차 - 기타,안전운전불이행,건조,맑음,교차로 - 교차로안,승용,여,54세,경상,승용,남,36세,경상
2022112300100233,2022년 11월 23일 13시,수요일,대전광역시 유성구 장대동,중상사고,0,2,0,0,차대차 - 기타,신호위반,건조,맑음,교차로 - 교차로안,화물,남,68세,상해없음,특수,남,58세,상해없음
2022112300100266,2022년 11월 23일 14시,수요일,대전광역시 유성구 지족동,부상신고사고,0,0,0,1,차대사람 - 횡단중,보행자보호의무위반,건조,맑음,교차로 - 교차로횡단보도내,승용,남,74세,상해없음,보행자,남,11세,부상신고
2022112300100267,2022년 11월 23일 14시,수요일,대전광역시 유성구 구암동,중상사고,0,1,0,0,차대차 - 기타,안전거리미확보,건조,맑음,단일로 - 기타,승용,남,38세,상해없음,승합,남,46세,상해없음
2022112300100345,2022년 11월 23일 16시,수요일,대전광역시 중구 태평동,경상사고,0,0,1,0,차대사람 - 횡단중,보행자보호의무위반,건조,맑음,단일로 - 기타,승용,남,67세,상해없음,보행자,여,61세,경상
2022112300100385,2022년 11월 23일 17시,수요일,대전광역시 동구 홍도동,중상사고,0,1,0,0,차대차 - 측면충돌,안전운전불이행,건조,맑음,교차로 - 교차로안,이륜,남,34세,상해없음,이륜,남,44세,중상
2022112300100386,2022년 11월 23일 17시,수요일,대전광역시 대덕구 송촌동,경상사고,0,0,1,0,차대사람 - 횡단중,안전운전불이행,건조,맑음,단일로 - 기타,화물,남,55세,상해없음,보행자,여,9세,경상
2022112300100387,2022년 11월 23일 17시,수요일,대전광역시 서구 둔산동,경상사고,0,0,1,0,차량단독 - 기타,기타,건조,맑음,단일로 - 기타,승합,남,60세,기타불명,,,,
2022112300100388,2022년 11월 23일 17시,수요일,대전광역시 유성구 지족동,경상사고,0,0,2,0,차대차 - 측면충돌,신호위반,건조,맑음,교차로 - 교차로안,승용,여,25세,상해없음,승용,남,52세,경상
2022112300100447,2022년 11월 23일 18시,수요일,대전광역시 대덕구 석봉동,경상사고,0,0,1,0,차대차 - 기타,안전운전불이행,건조,맑음,교차로 - 교차로안,화물,남,77세,상해없음,이륜,남,21세,경상
2022112300100448,2022년 11월 23일 18시,수요일,대전광역시 유성구 전민동,경상사고,0,0,1,0,차대차 - 기타,안전운전불이행,건조,맑음,단일로 - 기타,승용,남,25세,기타불명,이륜,남,29세,경상
2022112300100522,2022년 11월 23일 20시,수요일,대전광역시 동구 인동,경상사고,0,0,1,0,차대차 - 측면충돌,교차로운행방법위반,건조,맑음,교차로 - 교차로안,승용,남,68세,상해없음,승용,남,53세,경상
2022112300100523,2022년 11월 23일 20시,수요일,대전광역시 서구 도마동,경상사고,0,0,1,0,차대차 - 추돌,안전운전불이행,건조,기타,교차로 - 교차로부근,승용,여,29세,기타불명,승용,남,35세,경상
2022112300100524,2022년 11월 23일 20시,수요일,대전광역시 유성구 관평동,경상사고,0,0,1,0,차대차 - 측면충돌,안전운전불이행,건조,맑음,교차로 - 교차로부근,승용,여,23세,상해없음,승용,여,25세,경상
2022112300100561,2022년 11월 23일 22시,수요일,대전광역시 유성구 관평동,경상사고,0,0,2,0,차대차 - 추돌,안전운전불이행,건조,맑음,교차로 - 교차로부근,승용,남,37세,상해없음,승용,여,47세,경상
2022112400100010,2022년 11월 24일 00시,목요일,대전광역시 서구 둔산동,경상사고,0,0,1,0,차대사람 - 횡단중,안전운전불이행,건조,맑음,교차로 - 교차로안,승용,남,47세,상해없음,보행자,여,22세,경상
2022112400100011,2022년 11월 24일 00시,목요일,대전광역시 유성구 용산동,경상사고,0,0,2,0,차대차 - 측면충돌,신호위반,건조,맑음,교차로 - 교차로안,승용,여,35세,상해없음,승용,남,55세,경상
2022112400100051,2022년 11월 24일 06시,목요일,대전광역시 대덕구 오정동,경상사고,0,0,1,0,차대차 - 측면충돌,안전운전불이행,건조,맑음,교차로 - 교차로안,승용,남,66세,상해없음,승용,남,44세,경상
2022112400100071,2022년 11월 24일 07시,목요일,대전광역시 대덕구 와동,경상사고,0,0,1,0,차대차 - 측면충돌,안전거리미확보,건조,맑음,단일로 - 기타,화물,남,50세,기타불명,승용,여,61세,경상
2022112400100121,2022년 11월 24일 08시,목요일,대전광역시 동구 삼성동,경상사고,0,0,2,0,차대차 - 측면충돌,안전운전불이행,건조,맑음,교차로 - 교차로부근,승용,여,57세,상해없음,승용,여,29세,경상
2022112400100122,2022년 11월 24일 08시,목요일,대전광역시 서구 둔산동,경상사고,0,0,1,0,차대차 - 측면충돌,안전운전불이행,건조,맑음,단일로 - 기타,승용,남,64세,상해없음,승용,남,51세,경상
2022112400100123,2022년 11월 24일 08시,목요일,대전광역시 유성구 원내동,경상사고,0,0,2,0,차대차 - 측면충돌,교차로운행방법위반,건조,맑음,교차로 - 교차로안,승용,여,36세,상해없음,승용,여,40세,경상
2022112400100189,2022년 11월 24일 10시,목요일,대전광역시 대덕구 덕암동,경상사고,0,0,1,0,차대차 - 기타,신호위반,건조,맑음,기타 - 기타,승용,남,55세,상해없음,승용,남,34세,경상
2022112400100241,2022년 11월 24일 12시,목요일,대전광역시 서구 도안동,경상사고,0,0,3,0,차대차 - 기타,신호위반,건조,맑음,단일로 - 기타,승용,여,47세,상해없음,승합,남,49세,경상
2022112400100242,2022년 11월 24일 12시,목요일,대전광역시 대덕구 중리동,경상사고,0,0,1,0,차대사람 - 기타,안전운전불이행,건조,맑음,단일로 - 기타,승용,남,40세,상해없음,보행자,여,42세,경상
2022112400100243,2022년 11월 24일 12시,목요일,대전광역시 유성구 전민동,경상사고,0,0,1,0,차대차 - 측면충돌,교차로운행방법위반,건조,맑음,교차로 - 교차로안,승용,남,54세,상해없음,승용,여,34세,경상
2022112400100276,2022년 11월 24일 13시,목요일,대전광역시 서구 관저동,경상사고,0,0,1,0,차대차 - 기타,안전거리미확보,건조,맑음,단일로 - 기타,승용,여,52세,상해없음,승용,남,36세,경상
2022112400100314,2022년 11월 24일 14시,목요일,대전광역시 동구 용전동,경상사고,0,0,1,0,차대사람 - 횡단중,안전운전불이행,건조,맑음,교차로 - 교차로안,승용,남,28세,상해없음,보행자,여,7세,경상
2022112400100394,2022년 11월 24일 16시,목요일,대전광역시 중구 용두동,경상사고,0,0,8,0,차대차 - 기타,신호위반,건조,맑음,교차로 - 교차로부근,승합,남,37세,상해없음,승용,남,68세,경상
2022112400100437,2022년 11월 24일 17시,목요일,대전광역시 서구 가수원동,경상사고,0,0,1,0,차대사람 - 기타,안전운전불이행,건조,맑음,단일로 - 기타,승용,남,32세,상해없음,보행자,남,66세,경상
2022112400100438,2022년 11월 24일 17시,목요일,대전광역시 서구 둔산동,경상사고,0,0,1,0,차대차 - 기타,교차로운행방법위반,건조,맑음,교차로 - 교차로안,승용,여,62세,상해없음,승용,남,39세,경상
2022112400100439,2022년 11월 24일 17시,목요일,대전광역시 유성구 둔곡동,중상사고,0,2,0,0,차대차 - 기타,교차로운행방법위반,건조,맑음,교차로 - 교차로안,승용,여,63세,상해없음,승용,남,27세,중상
2022112400100495,2022년 11월 24일 18시,목요일,대전광역시 서구 갈마동,경상사고,0,0,2,0,차대차 - 추돌,안전운전불이행,건조,맑음,단일로 - 기타,승용,남,58세,상해없음,승용,남,29세,경상
2022112400100496,2022년 11월 24일 18시,목요일,대전광역시 유성구 외삼동,경상사고,0,0,4,0,차대차 - 기타,안전운전불이행,건조,맑음,단일로 - 기타,승용,남,56세,상해없음,승용,남,43세,경상
2022112400100536,2022년 11월 24일 19시,목요일,대전광역시 서구 둔산동,경상사고,0,0,1,0,차대사람 - 횡단중,보행자보호의무위반,건조,맑음,교차로 - 교차로횡단보도내,승용,남,70세,기타불명,보행자,여,11세,경상
2022112400100537,2022년 11월 24일 19시,목요일,대전광역시 서구 만년동,경상사고,0,0,1,0,차대차 - 추돌,안전운전불이행,건조,맑음,교차로 - 교차로부근,승용,남,63세,상해없음,승용,남,33세,경상
2022112400100570,2022년 11월 24일 20시,목요일,대전광역시 유성구 송강동,경상사고,0,0,1,0,차대사람 - 기타,안전운전불이행,건조,맑음,교차로 - 교차로부근,승용,남,70세,상해없음,보행자,남,46세,경상
2022112400100615,2022년 11월 24일 22시,목요일,대전광역시 유성구 어은동,경상사고,0,0,2,0,차대차 - 기타,안전운전불이행,건조,맑음,교차로 - 교차로부근,이륜,남,29세,상해없음,승용,남,54세,경상
2022112400100632,2022년 11월 24일 23시,목요일,대전광역시 유성구 원신흥동,경상사고,0,0,1,0,차대차 - 기타,안전운전불이행,건조,맑음,기타 - 기타,승용,여,37세,상해없음,승용,남,66세,상해없음
2022112500100015,2022년 11월 25일 00시,금요일,대전광역시 중구 목동,경상사고,0,0,1,0,차대차 - 측면충돌,안전거리미확보,건조,맑음,교차로 - 교차로부근,승용,남,33세,상해없음,이륜,남,19세,경상
2022112500100016,2022년 11월 25일 00시,금요일,대전광역시 서구 도마동,경상사고,0,0,1,0,차대차 - 기타,안전운전불이행,건조,맑음,기타 - 기타,승용,남,20세,상해없음,이륜,남,44세,경상
2022112500100026,2022년 11월 25일 01시,금요일,대전광역시 동구 구도동,경상사고,0,0,1,0,차대차 - 기타,안전운전불이행,건조,맑음,기타 - 기타,특수,남,48세,상해없음,화물,남,49세,경상
2022112500100056,2022년 11월 25일 06시,금요일,대전광역시 중구 옥계동,중상사고,0,1,0,0,차대사람 - 보도통행중,중앙선침범,건조,맑음,교차로 - 교차로안,화물,남,54세,상해없음,보행자,남,67세,중상
2022112500100076,2022년 11월 25일 07시,금요일,대전광역시 중구 문화동,경상사고,0,0,3,0,차대차 - 기타,안전운전불이행,건조,맑음,단일로 - 기타,승용,여,55세,기타불명,승합,남,60세,상해없음
2022112500100077,2022년 11월 25일 07시,금요일,대전광역시 중구 산성동,경상사고,0,0,1,0,차대차 - 측면충돌,안전운전불이행,건조,맑음,교차로 - 교차로안,화물,남,66세,상해없음,승용,남,63세,경상
2022112500100114,2022년 11월 25일 08시,금요일,대전광역시 동구 인동,중상사고,0,1,0,0,차대차 - 측면충돌,신호위반,건조,맑음,교차로 - 교차로횡단보도내,승용,여,75세,상해없음,자전거,남,90세,중상
2022112500100129,2022년 11월 25일 09시,금요일,대전광역시 대덕구 덕암동,경상사고,0,0,1,0,차대차 - 추돌,안전운전불이행,건조,맑음,단일로 - 기타,화물,남,56세,상해없음,승용,여,32세,경상
2022112500100137,2022년 11월 25일 09시,금요일,대전광역시 유성구 방동,경상사고,0,0,1,0,차대차 - 기타,중앙선침범,건조,맑음,단일로 - 기타,특수,남,25세,상해없음,승용,여,31세,경상
2022112500100209,2022년 11월 25일 11시,금요일,대전광역시 유성구 장대동,경상사고,0,0,1,0,차대차 - 기타,안전거리미확보,건조,맑음,단일로 - 기타,승용,여,61세,상해없음,승용,남,38세,경상
2022112500100233,2022년 11월 25일 12시,금요일,대전광역시 동구 판암동,경상사고,0,0,1,0,차대차 - 기타,신호위반,건조,맑음,교차로 - 교차로안,승용,여,62세,상해없음,이륜,남,55세,경상
2022112500100253,2022년 11월 25일 13시,금요일,대전광역시 서구 만년동,경상사고,0,0,1,0,차대차 - 기타,안전운전불이행,건조,맑음,교차로 - 교차로부근,승용,여,19세,상해없음,승용,여,51세,경상
2022112500100283,2022년 11월 25일 14시,금요일,대전광역시 서구 탄방동,경상사고,0,0,1,0,차대차 - 추돌,안전운전불이행,건조,맑음,단일로 - 기타,승용,여,38세,기타불명,승용,여,30세,경상
2022112500100323,2022년 11월 25일 15시,금요일,대전광역시 유성구 장대동,경상사고,0,0,1,0,차대차 - 기타,안전거리미확보,건조,맑음,교차로 - 교차로부근,승용,남,61세,상해없음,승용,남,24세,경상
2022112500100369,2022년 11월 25일 16시,금요일,대전광역시 서구 도마동,경상사고,0,0,3,0,차대차 - 기타,안전거리미확보,건조,맑음,교차로 - 교차로부근,승용,남,62세,상해없음,승용,여,64세,경상
2022112500100424,2022년 11월 25일 17시,금요일,대전광역시 서구 둔산동,경상사고,0,0,1,0,차대차 - 기타,안전운전불이행,건조,맑음,단일로 - 기타,승용,여,35세,기타불명,자전거,여,53세,경상
2022112500100425,2022년 11월 25일 17시,금요일,대전광역시 유성구 관평동,경상사고,0,0,2,0,차대차 - 기타,신호위반,건조,맑음,교차로 - 교차로안,승용,여,48세,상해없음,승용,남,27세,경상
2022112500100502,2022년 11월 25일 18시,금요일,대전광역시 중구 문화동,경상사고,0,0,1,1,차대차 - 기타,교차로운행방법위반,건조,맑음,교차로 - 교차로부근,승용,남,56세,부상신고,화물,남,44세,경상
2022112500100503,2022년 11월 25일 18시,금요일,대전광역시 동구 삼괴동,사망사고,1,0,0,0,차대사람 - 차도통행중,안전운전불이행,건조,맑음,단일로 - 기타,승용,남,22세,상해없음,보행자,남,80세,사망
2022112500100504,2022년 11월 25일 18시,금요일,대전광역시 서구 관저동,경상사고,0,0,1,0,차대차 - 기타,안전운전불이행,건조,맑음,교차로 - 교차로안,승용,남,48세,상해없음,승용,남,31세,경상
2022112500100505,2022년 11월 25일 18시,금요일,대전광역시 서구 도안동,경상사고,0,0,7,0,차대차 - 기타,안전운전불이행,건조,맑음,단일로 - 기타,기타불명,기타불명,미분류,기타불명,화물,남,48세,경상
2022112500100506,2022년 11월 25일 18시,금요일,대전광역시 서구 갈마동,경상사고,0,0,1,0,차대차 - 추돌,안전운전불이행,건조,맑음,교차로 - 교차로안,승용,남,20세,상해없음,화물,여,55세,경상
2022112500100507,2022년 11월 25일 18시,금요일,대전광역시 서구 탄방동,경상사고,0,0,2,0,차대차 - 기타,안전운전불이행,건조,맑음,교차로 - 교차로안,기타불명,기타불명,미분류,기타불명,승용,여,72세,경상
2022112500100550,2022년 11월 25일 19시,금요일,대전광역시 유성구 구암동,경상사고,0,0,1,0,차대차 - 추돌,안전운전불이행,건조,맑음,교차로 - 교차로부근,승용,남,65세,상해없음,화물,남,26세,경상
2022112500100579,2022년 11월 25일 20시,금요일,대전광역시 중구 문화동,경상사고,0,0,1,0,차대차 - 추돌,안전운전불이행,건조,맑음,교차로 - 교차로부근,승용,남,30세,상해없음,승용,남,40세,경상
2022112500100580,2022년 11월 25일 20시,금요일,대전광역시 서구 갈마동,중상사고,0,1,1,0,차대차 - 추돌,안전운전불이행,건조,맑음,교차로 - 교차로부근,승용,남,32세,기타불명,승용,남,64세,중상
2022112500100612,2022년 11월 25일 21시,금요일,대전광역시 유성구 원신흥동,경상사고,0,0,1,0,차량단독 - 기타,안전운전불이행,건조,맑음,기타 - 기타,승합,남,51세,상해없음,,,,
2022112500100666,2022년 11월 25일 23시,금요일,대전광역시 중구 선화동,경상사고,0,0,1,0,차대차 - 추돌,안전운전불이행,건조,맑음,교차로 - 교차로부근,승용,남,42세,상해없음,승용,남,58세,상해없음
2022112500100667,2022년 11월 25일 23시,금요일,대전광역시 동구 홍도동,경상사고,0,0,1,0,차대사람 - 기타,안전운전불이행,건조,맑음,교차로 - 교차로안,승용,남,48세,상해없음,보행자,남,55세,경상
2022112600100017,2022년 11월 26일 00시,토요일,대전광역시 대덕구 목상동,경상사고,0,0,1,0,차대차 - 측면충돌,안전운전불이행,건조,맑음,단일로 - 기타,승용,남,54세,상해없음,이륜,남,26세,경상
2022112600100081,2022년 11월 26일 07시,토요일,대전광역시 서구 관저동,경상사고,0,0,1,0,차대차 - 기타,불법유턴,건조,맑음,기타 - 기타,승용,남,70세,기타불명,승용,여,54세,경상
2022112600100101,2022년 11월 26일 08시,토요일,대전광역시 유성구 관평동,경상사고,0,0,1,1,차대차 - 추돌,안전운전불이행,건조,맑음,단일로 - 기타,승용,남,66세,상해없음,승용,여,39세,경상
2022112600100127,2022년 11월 26일 09시,토요일,대전광역시 대덕구 법동,중상사고,0,1,0,0,차대차 - 측면충돌,신호위반,건조,맑음,교차로 - 교차로부근,승용,남,62세,상해없음,화물,남,59세,중상
2022112600100175,2022년 11월 26일 11시,토요일,대전광역시 중구 오류동,경상사고,0,0,1,0,차대사람 - 횡단중,신호위반,건조,맑음,단일로 - 기타,화물,남,65세,상해없음,보행자,여,40세,경상
2022112600100218,2022년 11월 26일 12시,토요일,대전광역시 서구 용문동,경상사고,0,0,1,0,차대차 - 측면충돌,안전운전불이행,건조,맑음,단일로 - 기타,승용,여,35세,상해없음,승용,남,35세,경상
2022112600100245,2022년 11월 26일 13시,토요일,대전광역시 유성구 궁동,경상사고,0,0,1,0,차대차 - 기타,안전운전불이행,건조,맑음,단일로 - 기타,승용,남,64세,상해없음,승용,남,18세,경상
2022112600100246,2022년 11월 26일 13시,토요일,대전광역시 유성구 궁동,경상사고,0,0,1,0,차대사람 - 횡단중,보행자보호의무위반,건조,맑음,교차로 - 교차로횡단보도내,원동기,남,24세,상해없음,보행자,여,26세,경상
2022112600100311,2022년 11월 26일 15시,토요일,대전광역시 유성구 구암동,중상사고,0,1,0,0,차대차 - 기타,안전운전불이행,건조,맑음,단일로 - 기타,승용,여,58세,상해없음,이륜,남,76세,중상
2022112600100312,2022년 11월 26일 15시,토요일,대전광역시 유성구 궁동,경상사고,0,0,1,0,차대차 - 기타,안전운전불이행,건조,맑음,기타 - 기타,승용,남,59세,상해없음,승용,남,62세,경상
2022112600100346,2022년 11월 26일 16시,토요일,대전광역시 서구 도안동,경상사고,0,0,2,0,차대차 - 기타,안전운전불이행,건조,맑음,단일로 - 기타,이륜,남,39세,상해없음,승용,남,42세,경상
2022112600100347,2022년 11월 26일 16시,토요일,대전광역시 대덕구 미호동,중상사고,0,1,0,0,차대차 - 추돌,안전운전불이행,건조,맑음,교차로 - 교차로부근,승용,여,57세,상해없음,자전거,남,75세,중상
2022112600100348,2022년 11월 26일 16시,토요일,대전광역시 유성구 상대동,중상사고,0,1,0,0,차대사람 - 기타,신호위반,건조,맑음,단일로 - 기타,승용,남,78세,상해없음,보행자,여,12세,중상
2022112600100528,2022년 11월 26일 22시,토요일,대전광역시 서구 월평동,경상사고,0,0,1,0,차대차 - 측면충돌,안전운전불이행,건조,맑음,교차로 - 교차로부근,승용,남,41세,상해없음,이륜,남,38세,경상
2022112600100543,2022년 11월 26일 23시,토요일,대전광역시 중구 문화동,경상사고,0,0,2,0,차대차 - 측면충돌,신호위반,건조,맑음,교차로 - 교차로안,이륜,남,27세,상해없음,승용,남,33세,경상
2022112700100031,2022년 11월 27일 02시,일요일,대전광역시 중구 중촌동,경상사고,0,0,2,0,차대차 - 기타,중앙선침범,건조,맑음,단일로 - 기타,승용,남,29세,상해없음,승용,남,57세,경상
2022112700100053,2022년 11월 27일 05시,일요일,대전광역시 중구 태평동,부상신고사고,0,0,0,1,차대차 - 측면충돌,안전거리미확보,건조,맑음,단일로 - 기타,승용,여,46세,상해없음,원동기,남,19세,부상신고
2022112700100079,2022년 11월 27일 09시,일요일,대전광역시 서구 월평동,경상사고,0,0,1,0,차대차 - 기타,신호위반,건조,맑음,교차로 - 교차로부근,승용,남,33세,상해없음,승용,남,41세,경상
2022112700100080,2022년 11월 27일 09시,일요일,대전광역시 유성구 관평동,중상사고,0,1,0,0,차대차 - 기타,신호위반,건조,맑음,교차로 - 교차로안,승용,남,55세,상해없음,이륜,남,17세,중상
2022112700100149,2022년 11월 27일 12시,일요일,대전광역시 유성구 장대동,중상사고,0,1,0,0,차대차 - 기타,안전운전불이행,건조,맑음,기타 - 기타,승용,여,41세,상해없음,자전거,여,79세,중상
2022112700100264,2022년 11월 27일 16시,일요일,대전광역시 중구 태평동,경상사고,0,0,1,0,차대차 - 추돌,안전운전불이행,건조,맑음,단일로 - 기타,승용,남,58세,상해없음,승용,남,47세,상해없음
2022112700100297,2022년 11월 27일 17시,일요일,대전광역시 중구 은행동,경상사고,0,0,1,0,차대차 - 기타,안전운전불이행,건조,맑음,단일로 - 기타,승용,여,26세,상해없음,원동기,남,43세,경상
2022112700100383,2022년 11월 27일 20시,일요일,대전광역시 동구 판암동,경상사고,0,0,1,0,차대차 - 측면충돌,중앙선침범,건조,맑음,교차로 - 교차로부근,승용,여,59세,상해없음,이륜,남,41세,경상
2022112800100056,2022년 11월 28일 06시,월요일,대전광역시 대덕구 송촌동,경상사고,0,0,1,0,차대사람 - 기타,보행자보호의무위반,건조,맑음,단일로 - 기타,승용,여,28세,상해없음,보행자,여,54세,경상
2022112800100113,2022년 11월 28일 08시,월요일,대전광역시 서구 변동,중상사고,0,1,0,0,차대사람 - 기타,안전운전불이행,건조,맑음,단일로 - 기타,이륜,남,35세,상해없음,보행자,남,59세,중상
2022112800100141,2022년 11월 28일 09시,월요일,대전광역시 대덕구 신탄진동,경상사고,0,0,1,0,차대차 - 기타,안전거리미확보,건조,맑음,단일로 - 기타,건설기계,남,52세,상해없음,승용,여,31세,경상
2022112800100142,2022년 11월 28일 09시,월요일,대전광역시 유성구 반석동,중상사고,0,1,0,0,차대차 - 측면충돌,안전거리미확보,건조,맑음,단일로 - 기타,승용,여,66세,상해없음,승합,남,40세,중상
2022112800100229,2022년 11월 28일 12시,월요일,대전광역시 대덕구 목상동,중상사고,0,1,0,0,차대차 - 측면충돌,신호위반,젖음/습기,비,교차로 - 교차로안,승용,여,53세,상해없음,이륜,남,62세,중상
2022112800100260,2022년 11월 28일 13시,월요일,대전광역시 서구 갈마동,경상사고,0,0,2,0,차대차 - 추돌,안전운전불이행,젖음/습기,비,단일로 - 기타,화물,남,57세,상해없음,승용,여,26세,경상
2022112800100290,2022년 11월 28일 14시,월요일,대전광역시 동구 정동,경상사고,0,0,2,0,차대차 - 추돌,안전운전불이행,젖음/습기,비,단일로 - 기타,승용,남,33세,상해없음,승용,남,73세,경상
2022112800100330,2022년 11월 28일 15시,월요일,대전광역시 유성구 봉명동,경상사고,0,0,1,0,차대차 - 측면충돌,안전운전불이행,젖음/습기,비,교차로 - 교차로안,승용,남,42세,상해없음,승합,남,53세,경상
2022112800100365,2022년 11월 28일 16시,월요일,대전광역시 중구 오류동,경상사고,0,0,1,0,차대차 - 추돌,안전운전불이행,건조,맑음,단일로 - 기타,승용,여,59세,상해없음,승용,남,65세,경상
2022112800100400,2022년 11월 28일 17시,월요일,대전광역시 동구 비룡동,경상사고,0,0,1,0,차대차 - 추돌,안전운전불이행,건조,맑음,단일로 - 기타,승용,남,49세,상해없음,승용,남,58세,경상
2022112800100427,2022년 11월 28일 17시,월요일,대전광역시 서구 둔산동,부상신고사고,0,0,0,1,차대사람 - 기타,안전운전불이행,건조,맑음,기타 - 기타,승용,남,49세,상해없음,보행자,남,58세,부상신고
2022112800100495,2022년 11월 28일 18시,월요일,대전광역시 중구 대사동,중상사고,0,1,6,0,차대차 - 기타,중앙선침범,젖음/습기,비,단일로 - 기타,승용,남,24세,상해없음,승용,남,47세,중상
2022112800100496,2022년 11월 28일 18시,월요일,대전광역시 중구 태평동,경상사고,0,0,1,0,차대사람 - 보도통행중,보행자보호의무위반,건조,맑음,교차로 - 교차로부근,승용,남,53세,상해없음,보행자,남,43세,경상
2022112800100549,2022년 11월 28일 19시,월요일,대전광역시 대덕구 중리동,부상신고사고,0,0,0,1,차대사람 - 기타,안전운전불이행,건조,맑음,기타 - 기타,화물,남,50세,상해없음,보행자,남,21세,부상신고
2022112800100599,2022년 11월 28일 20시,월요일,대전광역시 서구 괴정동,경상사고,0,0,1,0,차대사람 - 횡단중,보행자보호의무위반,젖음/습기,비,단일로 - 기타,승용,남,35세,상해없음,보행자,여,27세,경상
2022112800100600,2022년 11월 28일 20시,월요일,대전광역시 서구 용문동,경상사고,0,0,2,0,차대차 - 측면충돌,안전거리미확보,건조,맑음,기타 - 기타,승용,남,52세,경상,승용,남,23세,경상
2022112800100601,2022년 11월 28일 20시,월요일,대전광역시 서구 둔산동,경상사고,0,0,1,0,차대차 - 기타,안전운전불이행,젖음/습기,비,교차로 - 교차로부근,승용,남,60세,상해없음,승용,남,21세,경상
2022112800100602,2022년 11월 28일 20시,월요일,대전광역시 유성구 교촌동,경상사고,0,0,1,0,차대사람 - 보도통행중,신호위반,젖음/습기,비,기타 - 기타,이륜,남,64세,상해없음,보행자,남,66세,경상
2022112800100603,2022년 11월 28일 20시,월요일,대전광역시 유성구 노은동,경상사고,0,0,1,0,차대차 - 추돌,안전운전불이행,젖음/습기,비,기타 - 기타,승용,남,44세,상해없음,승용,남,24세,경상
2022112800100604,2022년 11월 28일 20시,월요일,대전광역시 유성구 도룡동,경상사고,0,0,1,0,차대차 - 기타,안전운전불이행,젖음/습기,비,교차로 - 교차로부근,승용,남,30세,상해없음,승용,여,47세,경상
2022112800100650,2022년 11월 28일 21시,월요일,대전광역시 동구 가양동,경상사고,0,0,2,0,차대차 - 추돌,안전운전불이행,젖음/습기,비,교차로 - 교차로부근,승용,남,42세,상해없음,이륜,여,35세,경상
2022112800100651,2022년 11월 28일 21시,월요일,대전광역시 대덕구 상서동,경상사고,0,0,1,0,차대사람 - 차도통행중,안전운전불이행,젖음/습기,비,교차로 - 교차로부근,승용,남,54세,상해없음,보행자,남,54세,경상
2022112800100652,2022년 11월 28일 21시,월요일,대전광역시 대덕구 신대동,중상사고,0,1,0,0,차량단독 - 공작물충돌,기타,젖음/습기,비,단일로 - 기타,승용,남,64세,상해없음,,,,
2022112800100653,2022년 11월 28일 21시,월요일,대전광역시 유성구 원내동,중상사고,0,1,1,0,차대차 - 기타,신호위반,젖음/습기,비,교차로 - 교차로부근,승용,여,44세,상해없음,승용,남,49세,중상
2022112800100681,2022년 11월 28일 22시,월요일,대전광역시 동구 자양동,경상사고,0,0,1,0,차대차 - 추돌,안전운전불이행,젖음/습기,비,단일로 - 기타,이륜,남,21세,상해없음,이륜,남,42세,경상
2022112800100682,2022년 11월 28일 22시,월요일,대전광역시 서구 용문동,경상사고,0,0,1,0,차대사람 - 횡단중,신호위반,젖음/습기,비,단일로 - 기타,이륜,남,31세,상해없음,보행자,남,28세,경상
2022112800100704,2022년 11월 28일 23시,월요일,대전광역시 서구 도안동,경상사고,0,0,1,0,차량단독 - 공작물충돌,기타,젖음/습기,비,기타 - 기타,승용,남,48세,기타불명,,,,
2022112800100705,2022년 11월 28일 23시,월요일,대전광역시 대덕구 법동,경상사고,0,0,1,0,차대사람 - 횡단중,신호위반,젖음/습기,비,교차로 - 교차로횡단보도내,화물,남,54세,상해없음,보행자,여,15세,경상