사고번호,사고일시,요일,시군구,사고내용,사망자수,중상자수,경상자수,부상신고자수,사고유형,법규위반,노면상태,기상상태,도로형태,가해운전자 차종,가해운전자 성별,가해운전자 연령,가해운전자 상해정도,피해운전자 차종,피해운전자 성별,피해운전자 연령,피해운전자 상해정도
2022112900100076,2022년 11월 29일 06시,화요일,대전광역시 대덕구 신탄진동,중상사고,0,1,0,0,차대사람 - 횡단중,안전운전불이행,젖음/습기,비,교차로 - 교차로횡단보도내,승용,남,48세,상해없음,보행자,남,23세,중상
2022112900100142,2022년 11월 29일 08시,화요일,대전광역시 대덕구 대화동,경상사고,0,0,1,0,차대차 - 측면충돌,안전거리미확보,건조,맑음,단일로 - 기타,승용,여,26세,기타불명,승합,남,23세,경상
2022112900100143,2022년 11월 29일 08시,화요일,대전광역시 서구 탄방동,경상사고,0,0,1,0,차대사람 - 보도통행중,기타,젖음/습기,비,단일로 - 기타,이륜,남,54세,상해없음,보행자,남,49세,경상
2022112900100172,2022년 11월 29일 09시,화요일,대전광역시 서구 관저동,경상사고,0,0,1,0,차대차 - 추돌,안전운전불이행,젖음/습기,흐림,단일로 - 기타,승용,여,63세,상해없음,화물,남,25세,경상
2022112900100173,2022년 11월 29일 09시,화요일,대전광역시 서구 갈마동,경상사고,0,0,2,0,차대차 - 기타,안전운전불이행,건조,맑음,단일로 - 고가도로위,승용,남,28세,상해없음,승용,남,59세,경상
2022112900100174,2022년 11월 29일 09시,화요일,대전광역시 서구 갈마동,중상사고,0,1,0,0,차대사람 - 차도통행중,안전운전불이행,건조,맑음,단일로 - 기타,승용,남,36세,상해없음,보행자,여,76세,중상
2022112900100204,2022년 11월 29일 10시,화요일,대전광역시 서구 괴곡동,중상사고,0,1,0,0,차대차 - 기타,안전거리미확보,건조,맑음,단일로 - 기타,기타불명,기타불명,미분류,기타불명,이륜,남,68세,중상
2022112900100205,2022년 11월 29일 10시,화요일,대전광역시 유성구 용계동,경상사고,0,0,1,0,차대차 - 기타,안전거리미확보,건조,맑음,기타 - 기타,화물,남,70세,기타불명,승용,여,46세,경상
2022112900100233,2022년 11월 29일 11시,화요일,대전광역시 서구 갈마동,경상사고,0,0,1,0,차대사람 - 차도통행중,안전운전불이행,건조,맑음,단일로 - 기타,승용,여,61세,상해없음,보행자,여,25세,경상
2022112900100262,2022년 11월 29일 12시,화요일,대전광역시 동구 신상동,사망사고,1,0,1,0,차량단독 - 공작물충돌,안전운전불이행,건조,흐림,단일로 - 기타,승합,남,61세,기타불명,,,,
2022112900100263,2022년 11월 29일 12시,화요일,대전광역시 서구 도안동,경상사고,0,0,1,0,차대차 - 기타,신호위반,건조,맑음,교차로 - 교차로횡단보도내,승용,여,59세,기타불명,자전거,여,64세,경상
2022112900100302,2022년 11월 29일 13시,화요일,대전광역시 동구 가양동,경상사고,0,0,1,0,차대차 - 측면충돌,중앙선침범,건조,맑음,단일로 - 기타,승용,여,41세,상해없음,이륜,남,19세,경상
2022112900100335,2022년 11월 29일 14시,화요일,대전광역시 대덕구 오정동,중상사고,0,1,1,0,차대사람 - 기타,기타,건조,맑음,단일로 - 기타,승용,여,70세,상해없음,보행자,여,46세,중상
2022112900100356,2022년 11월 29일 15시,화요일,대전광역시 중구 은행동,경상사고,0,0,1,0,차대사람 - 보도통행중,기타,건조,맑음,단일로 - 기타,승용,남,62세,상해없음,보행자,남,34세,경상
2022112900100357,2022년 11월 29일 15시,화요일,대전광역시 동구 용전동,경상사고,0,0,1,0,차대차 - 측면충돌,신호위반,건조,맑음,단일로 - 기타,승용,여,52세,경상,화물,남,43세,상해없음
2022112900100475,2022년 11월 29일 18시,화요일,대전광역시 대덕구 오정동,경상사고,0,0,1,0,차대차 - 측면충돌,안전운전불이행,건조,흐림,단일로 - 기타,승용,남,43세,상해없음,화물,남,55세,경상
2022112900100554,2022년 11월 29일 22시,화요일,대전광역시 서구 둔산동,경상사고,0,0,1,0,차량단독 - 기타,기타,건조,맑음,단일로 - 기타,승합,남,51세,상해없음,,,,
2022112900100568,2022년 11월 29일 23시,화요일,대전광역시 서구 둔산동,경상사고,0,0,1,0,차대차 - 기타,안전운전불이행,건조,맑음,교차로 - 교차로안,승용,남,22세,상해없음,승용,남,59세,경상
2022113000100013,2022년 11월 30일 00시,수요일,대전광역시 유성구 봉명동,경상사고,0,0,1,0,차대차 - 측면충돌,교차로운행방법위반,건조,맑음,교차로 - 교차로부근,승용,남,75세,상해없음,승용,남,66세,상해없음
2022113000100030,2022년 11월 30일 04시,수요일,대전광역시 유성구 방현동,중상사고,0,1,0,0,차대차 - 추돌,안전운전불이행,건조,맑음,단일로 - 기타,승용,남,34세,상해없음,화물,남,42세,중상
2022113000100036,2022년 11월 30일 05시,수요일,대전광역시 서구 가수원동,중상사고,0,1,0,0,차대차 - 기타,안전운전불이행,건조,맑음,교차로 - 교차로부근,승합,남,58세,상해없음,이륜,남,72세,중상
2022113000100104,2022년 11월 30일 08시,수요일,대전광역시 유성구 관평동,경상사고,0,0,1,0,차대차 - 기타,안전운전불이행,건조,맑음,교차로 - 교차로안,승용,남,28세,상해없음,승용,여,31세,경상
2022113000100131,2022년 11월 30일 09시,수요일,대전광역시 동구 낭월동,경상사고,0,0,1,0,차대차 - 측면충돌,안전거리미확보,건조,맑음,단일로 - 기타,승용,남,58세,상해없음,승합,남,60세,경상
2022113000100132,2022년 11월 30일 09시,수요일,대전광역시 대덕구 신탄진동,중상사고,0,1,0,0,차대사람 - 기타,안전운전불이행,건조,맑음,단일로 - 기타,승용,여,60세,상해없음,보행자,남,46세,중상
2022113000100182,2022년 11월 30일 11시,수요일,대전광역시 중구 문화동,경상사고,0,0,2,1,차대차 - 기타,안전운전불이행,건조,맑음,교차로 - 교차로안,원동기,남,28세,부상신고,승용,여,53세,경상
2022113000100183,2022년 11월 30일 11시,수요일,대전광역시 동구 삼성동,중상사고,0,1,0,0,차대차 - 정면충돌,불법유턴,건조,맑음,교차로 - 교차로횡단보도내,자전거,남,63세,중상,승용,남,60세,상해없음
2022113000100184,2022년 11월 30일 11시,수요일,대전광역시 서구 둔산동,경상사고,0,0,1,0,차대차 - 기타,안전운전불이행,건조,맑음,교차로 - 교차로안,승용,남,46세,상해없음,승용,여,31세,경상
2022113000100211,2022년 11월 30일 12시,수요일,대전광역시 중구 중촌동,중상사고,0,1,0,0,차량단독 - 주/정차차량 충돌,안전운전불이행,건조,맑음,단일로 - 기타,화물,남,65세,중상,,,,
2022113000100308,2022년 11월 30일 15시,수요일,대전광역시 중구 옥계동,중상사고,0,1,0,0,차량단독 - 기타,안전운전불이행,건조,기타,기타 - 기타,승합,남,59세,상해없음,,,,
2022113000100335,2022년 11월 30일 16시,수요일,대전광역시 대덕구 법동,경상사고,0,0,1,0,차대사람 - 횡단중,보행자보호의무위반,건조,맑음,단일로 - 기타,승용,남,61세,상해없음,보행자,여,6세,경상
2022113000100380,2022년 11월 30일 17시,수요일,대전광역시 대덕구 문평동,중상사고,0,1,0,0,차대차 - 측면충돌,교차로운행방법위반,건조,맑음,교차로 - 교차로안,승용,남,39세,상해없음,승용,남,67세,중상
2022113000100381,2022년 11월 30일 17시,수요일,대전광역시 서구 탄방동,경상사고,0,0,1,0,차대차 - 후진중충돌,안전운전불이행,건조,맑음,단일로 - 기타,화물,남,29세,상해없음,승용,여,28세,경상
2022113000100382,2022년 11월 30일 17시,수요일,대전광역시 유성구 원신흥동,경상사고,0,0,1,0,차대차 - 추돌,안전운전불이행,건조,맑음,단일로 - 기타,승용,남,56세,상해없음,승용,여,39세,경상
2022113000100383,2022년 11월 30일 17시,수요일,대전광역시 유성구 학하동,경상사고,0,0,2,0,차대차 - 기타,신호위반,건조,맑음,교차로 - 교차로안,화물,남,73세,상해없음,화물,남,64세,경상
2022113000100413,2022년 11월 30일 18시,수요일,대전광역시 대덕구 읍내동,경상사고,0,0,1,0,차대차 - 측면충돌,안전운전불이행,건조,맑음,단일로 - 기타,기타불명,기타불명,미분류,기타불명,승용,여,59세,경상
2022113000100430,2022년 11월 30일 18시,수요일,대전광역시 동구 가오동,경상사고,0,0,1,0,차대차 - 기타,신호위반,건조,맑음,교차로 - 교차로부근,승용,남,55세,상해없음,승합,남,52세,경상
2022113000100431,2022년 11월 30일 18시,수요일,대전광역시 대덕구 오정동,경상사고,0,0,1,0,차대차 - 측면충돌,기타,건조,맑음,교차로 - 교차로부근,화물,남,68세,상해없음,화물,남,48세,경상
2022113000100432,2022년 11월 30일 18시,수요일,대전광역시 유성구 반석동,경상사고,0,0,1,0,차대차 - 기타,중앙선침범,건조,맑음,단일로 - 기타,승용,남,71세,상해없음,승용,여,48세,경상
2022113000100534,2022년 11월 30일 22시,수요일,대전광역시 서구 도안동,경상사고,0,0,5,0,차대차 - 기타,신호위반,건조,맑음,교차로 - 교차로부근,승용,남,46세,상해없음,승합,남,47세,경상
2022120100100011,2022년 12월 1일 00시,목요일,대전광역시 서구 갈마동,경상사고,0,0,1,0,차대차 - 후진중충돌,안전운전불이행,건조,맑음,단일로 - 기타,화물,남,33세,기타불명,이륜,남,20세,경상
2022120100100027,2022년 12월 1일 03시,목요일,대전광역시 서구 둔산동,경상사고,0,0,1,0,차대사람 - 기타,안전운전불이행,건조,맑음,단일로 - 기타,승용,남,29세,상해없음,보행자,남,22세,경상
2022120100100115,2022년 12월 1일 08시,목요일,대전광역시 대덕구 덕암동,경상사고,0,0,2,0,차대차 - 측면충돌,안전운전불이행,건조,맑음,단일로 - 기타,승용,남,56세,상해없음,승용,여,42세,경상
2022120100100116,2022년 12월 1일 08시,목요일,대전광역시 유성구 원내동,경상사고,0,0,2,0,차대차 - 기타,신호위반,건조,맑음,교차로 - 교차로안,승용,여,55세,경상,승용,여,41세,경상
2022120100100117,2022년 12월 1일 08시,목요일,대전광역시 유성구 탑립동,경상사고,0,0,1,0,차대차 - 기타,안전운전불이행,건조,맑음,교차로 - 교차로부근,승용,남,75세,상해없음,승용,남,27세,경상
2022120100100175,2022년 12월 1일 10시,목요일,대전광역시 서구 정림동,중상사고,0,1,0,0,차대차 - 기타,안전거리미확보,건조,맑음,단일로 - 기타,승용,남,69세,상해없음,화물,남,49세,중상
2022120100100234,2022년 12월 1일 12시,목요일,대전광역시 유성구 원내동,경상사고,0,0,3,0,차대차 - 기타,신호위반,건조,맑음,교차로 - 교차로안,승용,남,67세,상해없음,승용,여,50세,경상
2022120100100327,2022년 12월 1일 15시,목요일,대전광역시 유성구 원신흥동,경상사고,0,0,1,0,차대차 - 측면충돌,안전거리미확보,건조,맑음,단일로 - 기타,승용,남,60세,상해없음,승용,남,51세,기타불명
2022120100100362,2022년 12월 1일 16시,목요일,대전광역시 유성구 봉산동,경상사고,0,0,1,0,차대차 - 측면충돌,교차로운행방법위반,건조,맑음,교차로 - 교차로안,건설기계,남,57세,상해없음,승용,여,35세,경상
2022120100100405,2022년 12월 1일 17시,목요일,대전광역시 동구 자양동,중상사고,0,1,0,0,차대사람 - 기타,안전운전불이행,건조,맑음,교차로 - 교차로안,승용,남,64세,상해없음,보행자,여,73세,중상
2022120100100406,2022년 12월 1일 17시,목요일,대전광역시 대덕구 오정동,경상사고,0,0,2,0,차대차 - 측면충돌,신호위반,건조,맑음,교차로 - 교차로안,승용,남,37세,상해없음,화물,남,27세,경상
2022120100100451,2022년 12월 1일 18시,목요일,대전광역시 서구 관저동,경상사고,0,0,1,0,차대차 - 기타,신호위반,건조,맑음,교차로 - 교차로안,승용,여,32세,상해없음,이륜,남,21세,경상
2022120100100452,2022년 12월 1일 18시,목요일,대전광역시 서구 정림동,경상사고,0,0,1,0,차대차 - 기타,교차로운행방법위반,건조,맑음,교차로 - 교차로안,승용,남,25세,상해없음,승용,여,28세,경상
2022120100100453,2022년 12월 1일 18시,목요일,대전광역시 유성구 학하동,경상사고,0,0,1,0,차대차 - 추돌,안전운전불이행,건조,맑음,단일로 - 기타,승용,여,27세,상해없음,승용,남,34세,경상
2022120100100454,2022년 12월 1일 18시,목요일,대전광역시 유성구 봉명동,경상사고,0,0,1,0,차대사람 - 기타,안전운전불이행,건조,맑음,기타 - 기타,개인형이동수단(PM),여,13세,상해없음,보행자,여,41세,경상
2022120100100455,2022년 12월 1일 18시,목요일,대전광역시 유성구 궁동,경상사고,0,0,1,0,차대사람 - 기타,안전운전불이행,건조,맑음,교차로 - 교차로부근,승용,여,58세,상해없음,보행자,여,59세,경상
2022120200100014,2022년 12월 2일 00시,금요일,대전광역시 유성구 탑립동,경상사고,0,0,2,0,차대차 - 측면충돌,신호위반,기타,기타,교차로 - 교차로안,승용,남,39세,경상,승용,남,54세,경상
2022120200100039,2022년 12월 2일 04시,금요일,대전광역시 중구 대사동,사망사고,1,0,0,0,차대사람 - 기타,안전운전불이행,건조,맑음,단일로 - 기타,승용,남,31세,상해없음,보행자,남,58세,사망
2022120200100044,2022년 12월 2일 05시,금요일,대전광역시 대덕구 신탄진동,경상사고,0,0,2,0,차대차 - 기타,안전거리미확보,건조,맑음,교차로 - 교차로부근,화물,남,62세,상해없음,승용,남,26세,경상
2022120200100060,2022년 12월 2일 06시,금요일,대전광역시 동구 성남동,경상사고,0,0,1,0,차대사람 - 횡단중,보행자보호의무위반,건조,맑음,단일로 - 기타,승용,남,69세,상해없음,보행자,남,35세,경상
2022120200100061,2022년 12월 2일 06시,금요일,대전광역시 대덕구 송촌동,부상신고사고,0,0,0,1,차대차 - 기타,안전운전불이행,건조,맑음,단일로 - 기타,승용,여,71세,상해없음,승용,남,52세,부상신고
2022120200100157,2022년 12월 2일 09시,금요일,대전광역시 대덕구 와동,경상사고,0,0,1,0,차대차 - 후진중충돌,안전운전불이행,건조,맑음,기타 - 기타,화물,남,61세,기타불명,승용,남,28세,경상
2022120200100158,2022년 12월 2일 09시,금요일,대전광역시 유성구 도룡동,경상사고,0,0,1,0,차대차 - 측면충돌,안전운전불이행,건조,맑음,교차로 - 교차로안,승용,여,24세,상해없음,승합,남,28세,경상
2022120200100191,2022년 12월 2일 10시,금요일,대전광역시 서구 도마동,경상사고,0,0,1,0,차대차 - 추돌,안전거리미확보,건조,맑음,단일로 - 기타,화물,남,68세,상해없음,승용,여,43세,경상
2022120200100288,2022년 12월 2일 13시,금요일,대전광역시 동구 자양동,경상사고,0,0,2,0,차대차 - 추돌,안전운전불이행,건조,맑음,교차로 - 교차로부근,승용,남,72세,상해없음,승용,남,48세,경상
2022120200100323,2022년 12월 2일 14시,금요일,대전광역시 서구 정림동,경상사고,0,0,1,0,차대차 - 기타,안전운전불이행,건조,맑음,단일로 - 기타,승용,남,67세,상해없음,승용,남,64세,경상
2022120200100324,2022년 12월 2일 14시,금요일,대전광역시 유성구 원촌동,경상사고,0,0,1,0,차대차 - 기타,안전거리미확보,건조,맑음,단일로 - 기타,승용,여,42세,기타불명,승용,여,31세,경상
2022120200100353,2022년 12월 2일 15시,금요일,대전광역시 유성구 도룡동,경상사고,0,0,1,0,차대차 - 기타,교차로운행방법위반,건조,맑음,교차로 - 교차로안,승용,여,60세,상해없음,승용,남,43세,경상
2022120200100399,2022년 12월 2일 16시,금요일,대전광역시 유성구 구성동,경상사고,0,0,1,0,차대차 - 정면충돌,교차로운행방법위반,건조,맑음,교차로 - 교차로안,승용,여,23세,상해없음,승용,남,65세,경상
2022120200100453,2022년 12월 2일 17시,금요일,대전광역시 대덕구 법동,중상사고,0,1,0,0,차대차 - 기타,교차로운행방법위반,건조,맑음,교차로 - 교차로안,승용,남,52세,상해없음,이륜,남,69세,중상
2022120200100519,2022년 12월 2일 18시,금요일,대전광역시 중구 선화동,경상사고,0,0,2,0,차대차 - 기타,안전운전불이행,건조,맑음,교차로 - 교차로안,승용,남,60세,상해없음,승용,여,47세,경상
2022120200100520,2022년 12월 2일 18시,금요일,대전광역시 동구 용전동,경상사고,0,0,2,0,차대차 - 추돌,안전운전불이행,건조,맑음,단일로 - 기타,승용,남,61세,상해없음,화물,남,65세,경상
2022120200100521,2022년 12월 2일 18시,금요일,대전광역시 서구 도안동,경상사고,0,0,1,0,차대사람 - 차도통행중,신호위반,건조,맑음,교차로 - 교차로안,승용,남,46세,상해없음,보행자,여,57세,경상
2022120200100522,2022년 12월 2일 18시,금요일,대전광역시 서구 둔산동,경상사고,0,0,2,0,차대차 - 기타,안전운전불이행,건조,맑음,교차로 - 교차로부근,승용,남,62세,상해없음,승용,여,53세,경상
2022120200100566,2022년 12월 2일 19시,금요일,대전광역시 동구 천동,경상사고,0,0,2,0,차대차 - 측면충돌,안전운전불이행,건조,맑음,단일로 - 기타,승용,남,49세,상해없음,승용,여,40세,경상
2022120200100568,2022년 12월 2일 19시,금요일,대전광역시 대덕구 오정동,경상사고,0,0,1,0,차량단독 - 기타,안전운전불이행,건조,맑음,교차로 - 교차로부근,승합,남,53세,상해없음,,,,
2022120200100595,2022년 12월 2일 20시,금요일,대전광역시 중구 산성동,중상사고,0,1,0,0,차량단독 - 기타,안전운전불이행,건조,맑음,단일로 - 기타,승합,남,55세,상해없음,,,,
2022120300100010,2022년 12월 3일 00시,토요일,대전광역시 서구 월평동,중상사고,0,1,0,0,차대차 - 기타,신호위반,건조,맑음,교차로 - 교차로안,승용,여,26세,상해없음,승용,남,33세,중상
2022120300100031,2022년 12월 3일 02시,토요일,대전광역시 서구 둔산동,중상사고,0,1,0,0,차대사람 - 기타,안전운전불이행,건조,맑음,교차로 - 교차로안,승용,남,31세,상해없음,보행자,여,24세,중상
2022120300100054,2022년 12월 3일 05시,토요일,대전광역시 서구 월평동,경상사고,0,0,2,0,차대차 - 기타,신호위반,건조,맑음,교차로 - 교차로안,승용,남,29세,상해없음,화물,남,50세,경상
2022120300100214,2022년 12월 3일 12시,토요일,대전광역시 서구 변동,중상사고,0,1,0,0,차대차 - 기타,안전거리미확보,건조,맑음,단일로 - 기타,승용,여,25세,상해없음,이륜,남,43세,중상
2022120300100215,2022년 12월 3일 12시,토요일,대전광역시 서구 도마동,경상사고,0,0,1,0,차대차 - 측면충돌,신호위반,건조,맑음,교차로 - 교차로안,승용,여,55세,상해없음,승용,남,37세,경상
2022120300100251,2022년 12월 3일 13시,토요일,대전광역시 동구 정동,경상사고,0,0,1,0,차대차 - 기타,안전운전불이행,건조,맑음,단일로 - 기타,승용,여,36세,상해없음,승용,남,65세,경상
2022120300100252,2022년 12월 3일 13시,토요일,대전광역시 서구 용문동,중상사고,0,1,0,0,차대차 - 기타,교차로운행방법위반,건조,맑음,교차로 - 교차로안,승용,남,38세,상해없음,이륜,남,55세,중상
2022120300100315,2022년 12월 3일 15시,토요일,대전광역시 유성구 상대동,중상사고,0,1,4,0,차대차 - 기타,신호위반,건조,맑음,교차로 - 교차로안,승용,남,53세,경상,승용,남,31세,경상
2022120300100352,2022년 12월 3일 16시,토요일,대전광역시 동구 인동,중상사고,0,1,0,0,차대사람 - 횡단중,안전운전불이행,건조,맑음,교차로 - 교차로부근,화물,남,60세,상해없음,보행자,남,8세,중상
2022120300100393,2022년 12월 3일 17시,토요일,대전광역시 중구 문화동,경상사고,0,0,2,0,차대차 - 기타,안전운전불이행,건조,맑음,교차로 - 교차로부근,승용,여,62세,상해없음,승용,남,29세,경상
2022120300100394,2022년 12월 3일 17시,토요일,대전광역시 유성구 봉명동,경상사고,0,0,1,0,차대사람 - 기타,안전운전불이행,건조,맑음,단일로 - 기타,개인형이동수단(PM),여,13세,상해없음,보행자,여,30세,경상
2022120300100436,2022년 12월 3일 18시,토요일,대전광역시 동구 가오동,중상사고,0,1,0,0,차대차 - 기타,교차로운행방법위반,건조,맑음,교차로 - 교차로안,승용,여,52세,상해없음,이륜,남,31세,중상
2022120300100437,2022년 12월 3일 18시,토요일,대전광역시 유성구 원신흥동,중상사고,0,1,0,0,차대차 - 추돌,안전운전불이행,건조,맑음,단일로 - 기타,이륜,남,44세,상해없음,이륜,남,24세,중상
2022120300100491,2022년 12월 3일 20시,토요일,대전광역시 대덕구 중리동,경상사고,0,0,2,0,차대차 - 추돌,안전운전불이행,건조,맑음,교차로 - 교차로부근,이륜,남,39세,상해없음,승용,남,24세,경상
2022120300100493,2022년 12월 3일 20시,토요일,대전광역시 서구 둔산동,중상사고,0,1,4,0,차대차 - 측면충돌,기타,건조,맑음,교차로 - 교차로안,이륜,남,16세,기타불명,승용,남,60세,경상
2022120300100526,2022년 12월 3일 21시,토요일,대전광역시 중구 태평동,경상사고,0,0,2,0,차대차 - 추돌,기타,건조,맑음,단일로 - 기타,승용,남,32세,상해없음,승용,남,53세,경상
2022120400100040,2022년 12월 4일 04시,일요일,대전광역시 서구 둔산동,경상사고,0,0,1,0,차대사람 - 기타,안전운전불이행,건조,맑음,단일로 - 기타,승용,남,42세,상해없음,보행자,남,28세,경상
2022120400100055,2022년 12월 4일 07시,일요일,대전광역시 대덕구 법동,중상사고,0,1,0,0,차대차 - 기타,신호위반,건조,맑음,교차로 - 교차로안,승용,남,72세,기타불명,승용,남,66세,중상
2022120400100065,2022년 12월 4일 08시,일요일,대전광역시 서구 도마동,경상사고,0,0,3,0,차대차 - 측면충돌,신호위반,건조,맑음,교차로 - 교차로안,승용,여,55세,상해없음,화물,남,64세,경상
2022120400100152,2022년 12월 4일 12시,일요일,대전광역시 중구 부사동,경상사고,0,0,4,0,차대차 - 기타,안전운전불이행,건조,맑음,교차로 - 교차로부근,이륜,남,40세,경상,승용,여,29세,경상
2022120400100194,2022년 12월 4일 14시,일요일,대전광역시 대덕구 법동,중상사고,0,1,0,0,차대사람 - 기타,신호위반,건조,맑음,단일로 - 기타,승용,남,65세,상해없음,보행자,남,65세,중상
2022120400100195,2022년 12월 4일 14시,일요일,대전광역시 서구 월평동,경상사고,0,0,1,0,차대차 - 측면충돌,안전운전불이행,건조,맑음,단일로 - 기타,화물,남,61세,상해없음,원동기,남,48세,경상
2022120400100228,2022년 12월 4일 15시,일요일,대전광역시 중구 대사동,경상사고,0,0,1,0,차대차 - 기타,안전거리미확보,건조,맑음,교차로 - 교차로부근,승합,남,46세,상해없음,승용,여,36세,경상
2022120400100258,2022년 12월 4일 16시,일요일,대전광역시 대덕구 송촌동,경상사고,0,0,1,0,차대차 - 기타,안전운전불이행,건조,맑음,교차로 - 교차로부근,승합,남,48세,기타불명,승용,여,38세,경상
2022120400100288,2022년 12월 4일 17시,일요일,대전광역시 중구 목동,중상사고,0,1,0,0,차대사람 - 기타,안전운전불이행,건조,맑음,단일로 - 기타,승용,남,26세,상해없음,보행자,남,77세,중상
2022120400100289,2022년 12월 4일 17시,일요일,대전광역시 서구 용문동,경상사고,0,0,1,0,차대차 - 추돌,안전운전불이행,건조,맑음,단일로 - 기타,승용,남,72세,상해없음,승용,남,66세,경상
2022120400100319,2022년 12월 4일 18시,일요일,대전광역시 서구 괴정동,경상사고,0,0,1,0,차대차 - 기타,안전운전불이행,건조,맑음,단일로 - 기타,승용,여,37세,상해없음,이륜,남,28세,경상
2022120400100347,2022년 12월 4일 19시,일요일,대전광역시 동구 자양동,사망사고,2,0,0,0,차대차 - 측면충돌,안전운전불이행,건조,맑음,교차로 - 교차로부근,이륜,남,20세,사망,이륜,남,64세,사망
2022120500100021,2022년 12월 5일 05시,월요일,대전광역시 서구 월평동,경상사고,0,0,1,0,차대차 - 기타,신호위반,건조,맑음,교차로 - 교차로안,승용,여,32세,상해없음,승용,남,43세,경상
2022120500100042,2022년 12월 5일 07시,월요일,대전광역시 동구 신상동,중상사고,0,1,1,1,차량단독 - 기타,안전운전불이행,서리/결빙,맑음,단일로 - 기타,승용,여,17세,경상,,,,
2022120500100105,2022년 12월 5일 09시,월요일,대전광역시 중구 산성동,경상사고,0,0,1,0,차대차 - 기타,신호위반,건조,맑음,교차로 - 교차로안,화물,남,67세,기타불명,승용,남,25세,경상
2022120500100106,2022년 12월 5일 09시,월요일,대전광역시 서구 월평동,경상사고,0,0,2,0,차대차 - 기타,안전운전불이행,건조,맑음,단일로 - 기타,승용,남,59세,상해없음,화물,남,53세,기타불명
2022120500100125,2022년 12월 5일 10시,월요일,대전광역시 대덕구 신대동,중상사고,0,1,1,0,차대차 - 기타,기타,건조,맑음,단일로 - 기타,승용,남,53세,상해없음,승용,남,34세,중상
2022120500100182,2022년 12월 5일 12시,월요일,대전광역시 동구 삼성동,경상사고,0,0,1,0,차대차 - 측면충돌,안전운전불이행,건조,맑음,교차로 - 교차로부근,승용,남,41세,상해없음,승용,남,34세,경상
2022120500100208,2022년 12월 5일 13시,월요일,대전광역시 중구 유천동,경상사고,0,0,2,0,차대차 - 기타,신호위반,건조,맑음,교차로 - 교차로안,승용,여,23세,상해없음,승용,남,52세,경상
2022120500100209,2022년 12월 5일 13시,월요일,대전광역시 대덕구 중리동,경상사고,0,0,1,0,차대사람 - 차도통행중,안전운전불이행,건조,맑음,단일로 - 기타,승용,남,70세,상해없음,보행자,남,66세,경상
2022120500100249,2022년 12월 5일 14시,월요일,대전광역시 중구 대흥동,경상사고,0,0,1,0,차대차 - 측면충돌,안전운전불이행,건조,맑음,단일로 - 기타,승용,여,72세,상해없음,승용,남,28세,경상
2022120500100250,2022년 12월 5일 14시,월요일,대전광역시 서구 가수원동,사망사고,1,0,5,0,차대차 - 정면충돌,중앙선침범,건조,맑음,단일로 - 기타,승용,남,82세,상해없음,승합,남,61세,경상
2022120500100283,2022년 12월 5일 15시,월요일,대전광역시 서구 갈마동,경상사고,0,0,1,0,차대차 - 기타,신호위반,건조,맑음,기타 - 기타,건설기계,남,57세,상해없음,승용,여,53세,경상
2022120500100312,2022년 12월 5일 16시,월요일,대전광역시 서구 월평동,경상사고,0,0,1,0,차대차 - 기타,신호위반,건조,맑음,교차로 - 교차로부근,승용,남,78세,상해없음,승용,여,45세,경상
2022120500100351,2022년 12월 5일 17시,월요일,대전광역시 동구 용전동,경상사고,0,0,1,0,차대차 - 추돌,안전운전불이행,건조,맑음,단일로 - 기타,승합,남,24세,상해없음,승용,여,48세,경상
2022120500100398,2022년 12월 5일 18시,월요일,대전광역시 중구 대흥동,중상사고,0,1,1,0,차대차 - 측면충돌,신호위반,건조,맑음,교차로 - 교차로안,이륜,남,22세,중상,승용,남,60세,경상
2022120500100399,2022년 12월 5일 18시,월요일,대전광역시 중구 옥계동,경상사고,0,0,1,0,차대차 - 측면충돌,안전운전불이행,건조,맑음,단일로 - 기타,승용,여,57세,상해없음,승용,여,67세,경상
2022120500100400,2022년 12월 5일 18시,월요일,대전광역시 서구 관저동,경상사고,0,0,1,0,차대차 - 기타,안전운전불이행,건조,맑음,기타 - 기타,승용,남,35세,상해없음,이륜,남,39세,경상
2022120500100401,2022년 12월 5일 18시,월요일,대전광역시 대덕구 중리동,경상사고,0,0,1,0,차대차 - 측면충돌,안전운전불이행,건조,맑음,교차로 - 교차로부근,승용,남,64세,경상,승합,남,51세,상해없음
2022120500100442,2022년 12월 5일 19시,월요일,대전광역시 중구 문화동,경상사고,0,0,1,0,차대차 - 기타,안전운전불이행,건조,맑음,단일로 - 기타,이륜,남,21세,상해없음,승용,여,36세,경상
2022120500100443,2022년 12월 5일 19시,월요일,대전광역시 동구 용전동,경상사고,0,0,3,0,차대차 - 기타,안전운전불이행,건조,맑음,단일로 - 기타,원동기,남,27세,상해없음,승용,남,65세,경상
2022120500100496,2022년 12월 5일 21시,월요일,대전광역시 유성구 봉명동,경상사고,0,0,1,0,차대사람 - 기타,안전운전불이행,건조,맑음,단일로 - 기타,승용,남,27세,상해없음,보행자,남,61세,경상
2022120500100522,2022년 12월 5일 23시,월요일,대전광역시 동구 용전동,경상사고,0,0,1,0,차대사람 - 길가장자리구역통행중,보행자보호의무위반,건조,맑음,단일로 - 기타,원동기,남,30세,상해없음,보행자,남,31세,경상