사고번호,사고일시,요일,시군구,사고내용,사망자수,중상자수,경상자수,부상신고자수,사고유형,법규위반,노면상태,기상상태,도로형태,가해운전자 차종,가해운전자 성별,가해운전자 연령,가해운전자 상해정도,피해운전자 차종,피해운전자 성별,피해운전자 연령,피해운전자 상해정도
2022120600100187,2022년 12월 6일 09시,화요일,대전광역시 중구 산성동,중상사고,0,1,0,0,차대사람 - 기타,보행자보호의무위반,건조,맑음,교차로 - 교차로안,승용,여,72세,상해없음,보행자,여,80세,중상
2022120600100188,2022년 12월 6일 09시,화요일,대전광역시 동구 가오동,경상사고,0,0,2,0,차대차 - 측면충돌,안전거리미확보,건조,맑음,단일로 - 기타,승용,여,73세,경상,승용,남,40세,경상
2022120600100285,2022년 12월 6일 12시,화요일,대전광역시 동구 인동,중상사고,0,1,0,0,차대사람 - 기타,안전운전불이행,건조,맑음,교차로 - 교차로안,승용,여,77세,상해없음,보행자,여,64세,중상
2022120600100286,2022년 12월 6일 12시,화요일,대전광역시 동구 자양동,경상사고,0,0,2,0,차대차 - 측면충돌,안전운전불이행,건조,맑음,교차로 - 교차로안,승용,남,75세,상해없음,승용,남,47세,경상
2022120600100337,2022년 12월 6일 14시,화요일,대전광역시 유성구 도룡동,경상사고,0,0,1,0,차대차 - 측면충돌,안전운전불이행,건조,맑음,단일로 - 기타,승용,남,36세,상해없음,이륜,남,34세,경상
2022120600100375,2022년 12월 6일 15시,화요일,대전광역시 서구 도마동,경상사고,0,0,1,0,차대차 - 기타,직진우회전진행방해,건조,맑음,교차로 - 교차로안,승용,여,40세,상해없음,승용,남,76세,경상
2022120600100376,2022년 12월 6일 15시,화요일,대전광역시 유성구 원내동,경상사고,0,0,1,0,차대차 - 기타,안전운전불이행,건조,맑음,교차로 - 교차로안,승용,남,72세,상해없음,승용,남,53세,경상
2022120600100472,2022년 12월 6일 17시,화요일,대전광역시 중구 선화동,경상사고,0,0,1,0,차대차 - 기타,안전운전불이행,젖음/습기,흐림,교차로 - 교차로안,승용,기타불명,미분류,기타불명,승용,여,63세,경상
2022120600100473,2022년 12월 6일 17시,화요일,대전광역시 서구 도안동,중상사고,0,1,0,0,차대차 - 추돌,안전운전불이행,건조,맑음,단일로 - 기타,승용,남,28세,상해없음,이륜,남,74세,중상
2022120600100474,2022년 12월 6일 17시,화요일,대전광역시 유성구 도룡동,경상사고,0,0,1,0,차대차 - 측면충돌,안전거리미확보,젖음/습기,비,단일로 - 기타,승용,여,68세,기타불명,승용,여,23세,경상
2022120600100520,2022년 12월 6일 18시,화요일,대전광역시 대덕구 읍내동,중상사고,0,1,0,0,차대사람 - 기타,안전운전불이행,건조,맑음,교차로 - 교차로안,자전거,남,61세,상해없음,보행자,남,80세,중상
2022120600100554,2022년 12월 6일 19시,화요일,대전광역시 서구 도마동,경상사고,0,0,1,0,차대차 - 기타,안전운전불이행,건조,맑음,교차로 - 교차로부근,승용,여,65세,상해없음,승합,남,51세,경상
2022120600100585,2022년 12월 6일 20시,화요일,대전광역시 대덕구 송촌동,경상사고,0,0,1,0,차대차 - 추돌,안전운전불이행,건조,맑음,교차로 - 교차로부근,승용,남,26세,상해없음,화물,남,32세,경상
2022120600100607,2022년 12월 6일 21시,화요일,대전광역시 중구 산성동,중상사고,0,1,1,0,차대차 - 기타,안전운전불이행,건조,맑음,교차로 - 교차로부근,승용,남,44세,상해없음,승용,남,69세,중상
2022120700100010,2022년 12월 7일 01시,수요일,대전광역시 서구 월평동,경상사고,0,0,3,0,차대차 - 기타,안전운전불이행,건조,흐림,교차로 - 교차로부근,승용,남,27세,상해없음,승용,남,66세,경상
2022120700100016,2022년 12월 7일 02시,수요일,대전광역시 중구 유천동,경상사고,0,0,1,0,차대차 - 기타,교차로운행방법위반,건조,맑음,교차로 - 교차로안,승합,남,46세,상해없음,승용,남,58세,경상
2022120700100021,2022년 12월 7일 03시,수요일,대전광역시 서구 월평동,중상사고,0,1,0,0,차대사람 - 길가장자리구역통행중,안전운전불이행,건조,맑음,단일로 - 기타,승용,남,27세,상해없음,보행자,남,57세,중상
2022120700100035,2022년 12월 7일 05시,수요일,대전광역시 대덕구 신일동,사망사고,1,0,1,0,차대차 - 추돌,기타,서리/결빙,맑음,단일로 - 고가도로위,화물,남,29세,경상,화물,남,58세,사망
2022120700100036,2022년 12월 7일 05시,수요일,대전광역시 대덕구 신일동,경상사고,0,0,1,0,차대차 - 기타,안전운전불이행,서리/결빙,눈,단일로 - 고가도로위,승용,남,62세,상해없음,승용,남,39세,상해없음
2022120700100116,2022년 12월 7일 08시,수요일,대전광역시 중구 선화동,경상사고,0,0,3,1,차대차 - 기타,안전운전불이행,건조,맑음,교차로 - 교차로안,승합,남,58세,부상신고,승용,여,46세,경상
2022120700100117,2022년 12월 7일 08시,수요일,대전광역시 대덕구 목상동,경상사고,0,0,2,0,차대차 - 측면충돌,안전거리미확보,건조,맑음,단일로 - 기타,특수,남,37세,상해없음,승합,남,46세,경상
2022120700100118,2022년 12월 7일 08시,수요일,대전광역시 유성구 관평동,경상사고,0,0,1,0,차대차 - 기타,안전거리미확보,건조,맑음,단일로 - 기타,승용,남,38세,상해없음,승용,남,35세,경상
2022120700100223,2022년 12월 7일 12시,수요일,대전광역시 중구 산성동,중상사고,0,1,0,0,차대차 - 측면충돌,안전운전불이행,건조,맑음,교차로 - 교차로안,원동기,남,64세,중상,화물,남,35세,상해없음
2022120700100224,2022년 12월 7일 12시,수요일,대전광역시 서구 괴정동,중상사고,0,1,0,0,차대차 - 기타,신호위반,건조,맑음,교차로 - 교차로안,승용,남,62세,상해없음,이륜,남,33세,중상
2022120700100225,2022년 12월 7일 12시,수요일,대전광역시 유성구 죽동,경상사고,0,0,1,0,차대차 - 기타,불법유턴,건조,맑음,기타 - 기타,승용,남,53세,상해없음,승용,여,34세,경상
2022120700100318,2022년 12월 7일 15시,수요일,대전광역시 동구 홍도동,중상사고,0,1,0,0,차대차 - 측면충돌,직진우회전진행방해,건조,맑음,교차로 - 교차로안,화물,남,66세,상해없음,자전거,여,56세,중상
2022120700100356,2022년 12월 7일 16시,수요일,대전광역시 서구 내동,경상사고,0,0,1,0,차대차 - 기타,안전거리미확보,건조,맑음,단일로 - 기타,승합,여,58세,상해없음,승용,남,35세,경상
2022120700100415,2022년 12월 7일 17시,수요일,대전광역시 대덕구 송촌동,부상신고사고,0,0,0,1,차대사람 - 횡단중,안전운전불이행,건조,맑음,단일로 - 기타,개인형이동수단(PM),여,13세,기타불명,보행자,여,39세,부상신고
2022120700100488,2022년 12월 7일 18시,수요일,대전광역시 서구 갈마동,경상사고,0,0,1,0,차대차 - 추돌,안전운전불이행,건조,맑음,단일로 - 기타,승용,남,52세,기타불명,승용,남,26세,경상
2022120700100489,2022년 12월 7일 18시,수요일,대전광역시 유성구 문지동,경상사고,0,0,1,0,차대차 - 기타,안전거리미확보,건조,맑음,단일로 - 기타,승용,여,51세,상해없음,승용,여,21세,경상
2022120800100029,2022년 12월 8일 02시,목요일,대전광역시 중구 오류동,경상사고,0,0,2,0,차대차 - 추돌,안전운전불이행,건조,맑음,단일로 - 기타,승용,여,37세,상해없음,승용,남,31세,경상
2022120800100077,2022년 12월 8일 06시,목요일,대전광역시 중구 중촌동,경상사고,0,0,1,0,차대차 - 추돌,안전운전불이행,건조,맑음,교차로 - 교차로부근,승용,여,35세,상해없음,승용,여,42세,경상
2022120800100137,2022년 12월 8일 08시,목요일,대전광역시 중구 오류동,경상사고,0,0,1,0,차대사람 - 보도통행중,보행자보호의무위반,건조,맑음,교차로 - 교차로횡단보도내,승용,남,62세,상해없음,보행자,여,38세,경상
2022120800100138,2022년 12월 8일 08시,목요일,대전광역시 유성구 궁동,경상사고,0,0,2,0,차대차 - 추돌,안전운전불이행,건조,맑음,단일로 - 지하차도(도로)내,승용,남,29세,상해없음,화물,남,62세,경상
2022120800100179,2022년 12월 8일 09시,목요일,대전광역시 동구 가오동,경상사고,0,0,2,0,차대차 - 측면충돌,안전운전불이행,건조,맑음,교차로 - 교차로안,승용,여,69세,상해없음,승용,남,34세,경상
2022120800100180,2022년 12월 8일 09시,목요일,대전광역시 서구 관저동,경상사고,0,0,1,0,차대차 - 기타,안전운전불이행,건조,맑음,교차로 - 교차로부근,승합,남,60세,상해없음,승용,여,45세,상해없음
2022120800100219,2022년 12월 8일 10시,목요일,대전광역시 유성구 장대동,경상사고,0,0,1,0,차대차 - 기타,안전운전불이행,건조,맑음,교차로 - 교차로안,이륜,남,77세,상해없음,승용,여,71세,경상
2022120800100283,2022년 12월 8일 12시,목요일,대전광역시 서구 갈마동,중상사고,0,1,0,0,차대차 - 기타,신호위반,건조,맑음,교차로 - 교차로안,승용,여,66세,상해없음,이륜,남,38세,중상
2022120800100319,2022년 12월 8일 13시,목요일,대전광역시 대덕구 신탄진동,경상사고,0,0,1,0,차대차 - 기타,교차로운행방법위반,건조,맑음,교차로 - 교차로안,승용,남,60세,상해없음,화물,남,42세,경상
2022120800100358,2022년 12월 8일 14시,목요일,대전광역시 서구 도안동,중상사고,0,1,0,0,차대차 - 측면충돌,안전운전불이행,건조,맑음,단일로 - 기타,승용,남,68세,상해없음,이륜,남,56세,중상
2022120800100359,2022년 12월 8일 14시,목요일,대전광역시 유성구 노은동,경상사고,0,0,2,0,차대차 - 측면충돌,안전운전불이행,건조,맑음,교차로 - 교차로부근,승용,여,30세,경상,특수,남,31세,경상
2022120800100389,2022년 12월 8일 15시,목요일,대전광역시 서구 도안동,경상사고,0,0,1,0,차대차 - 추돌,안전운전불이행,건조,맑음,단일로 - 기타,승용,여,33세,상해없음,승용,남,31세,경상
2022120800100390,2022년 12월 8일 15시,목요일,대전광역시 서구 만년동,중상사고,0,1,0,0,차대차 - 기타,안전운전불이행,건조,맑음,교차로 - 교차로횡단보도내,승용,여,56세,기타불명,개인형이동수단(PM),남,66세,중상
2022120800100464,2022년 12월 8일 17시,목요일,대전광역시 중구 유천동,경상사고,0,0,1,0,차대사람 - 기타,안전운전불이행,건조,맑음,단일로 - 기타,기타불명,기타불명,미분류,기타불명,보행자,남,66세,경상
2022120800100465,2022년 12월 8일 17시,목요일,대전광역시 중구 태평동,중상사고,0,1,0,0,차대차 - 기타,안전운전불이행,건조,맑음,단일로 - 기타,승용,여,38세,상해없음,자전거,남,70세,중상
2022120800100528,2022년 12월 8일 18시,목요일,대전광역시 중구 선화동,경상사고,0,0,1,0,차대차 - 기타,안전운전불이행,건조,맑음,교차로 - 교차로부근,승용,남,25세,상해없음,이륜,남,22세,경상
2022120800100529,2022년 12월 8일 18시,목요일,대전광역시 서구 정림동,경상사고,0,0,1,0,차대차 - 기타,안전운전불이행,건조,맑음,단일로 - 기타,승용,남,30세,상해없음,승용,남,31세,경상
2022120800100530,2022년 12월 8일 18시,목요일,대전광역시 서구 괴정동,경상사고,0,0,2,0,차대차 - 기타,중앙선침범,건조,맑음,단일로 - 기타,승용,남,47세,상해없음,승용,여,41세,경상
2022120800100531,2022년 12월 8일 18시,목요일,대전광역시 유성구 구암동,경상사고,0,0,1,0,차대차 - 기타,안전거리미확보,건조,맑음,단일로 - 기타,승용,남,80세,기타불명,승용,남,29세,경상
2022120800100572,2022년 12월 8일 19시,목요일,대전광역시 유성구 반석동,경상사고,0,0,2,0,차대차 - 추돌,안전운전불이행,건조,맑음,단일로 - 기타,승용,남,38세,상해없음,승용,여,45세,경상
2022120800100663,2022년 12월 8일 23시,목요일,대전광역시 유성구 봉명동,경상사고,0,0,1,1,차대차 - 추돌,안전운전불이행,건조,맑음,교차로 - 교차로부근,승용,남,30세,상해없음,승용,남,60세,경상
2022120900100007,2022년 12월 9일 00시,금요일,대전광역시 서구 둔산동,경상사고,0,0,2,0,차대차 - 추돌,신호위반,건조,맑음,교차로 - 교차로안,승용,여,43세,상해없음,승용,남,61세,경상
2022120900100017,2022년 12월 9일 01시,금요일,대전광역시 유성구 하기동,중상사고,0,1,0,0,차대차 - 기타,안전운전불이행,건조,맑음,교차로 - 교차로부근,화물,남,54세,기타불명,승용,여,61세,중상
2022120900100101,2022년 12월 9일 08시,금요일,대전광역시 대덕구 오정동,중상사고,0,1,0,0,차대사람 - 횡단중,안전운전불이행,건조,맑음,교차로 - 교차로안,화물,남,54세,상해없음,보행자,남,15세,중상
2022120900100102,2022년 12월 9일 08시,금요일,대전광역시 서구 둔산동,경상사고,0,0,1,0,차대차 - 기타,안전운전불이행,건조,맑음,교차로 - 교차로안,승용,남,32세,상해없음,승용,여,54세,경상
2022120900100128,2022년 12월 9일 09시,금요일,대전광역시 대덕구 신대동,중상사고,0,1,0,0,차대차 - 측면충돌,안전운전불이행,건조,맑음,교차로 - 교차로부근,승합,남,59세,상해없음,이륜,남,79세,중상
2022120900100129,2022년 12월 9일 09시,금요일,대전광역시 서구 둔산동,경상사고,0,0,1,0,차대차 - 기타,안전운전불이행,건조,맑음,단일로 - 기타,승용,남,27세,상해없음,승용,여,33세,경상
2022120900100154,2022년 12월 9일 10시,금요일,대전광역시 대덕구 송촌동,경상사고,0,0,1,0,차대사람 - 횡단중,안전운전불이행,건조,맑음,단일로 - 기타,승용,여,45세,상해없음,보행자,남,22세,경상
2022120900100155,2022년 12월 9일 10시,금요일,대전광역시 대덕구 신대동,경상사고,0,0,1,0,차대차 - 추돌,안전운전불이행,건조,맑음,단일로 - 기타,화물,남,31세,상해없음,화물,남,66세,경상
2022120900100156,2022년 12월 9일 10시,금요일,대전광역시 서구 갈마동,경상사고,0,0,2,0,차대차 - 기타,안전운전불이행,건조,맑음,교차로 - 교차로안,승용,남,29세,상해없음,승용,남,73세,경상
2022120900100188,2022년 12월 9일 11시,금요일,대전광역시 서구 괴정동,경상사고,0,0,1,0,차대사람 - 길가장자리구역통행중,안전운전불이행,건조,맑음,단일로 - 기타,승용,여,30세,상해없음,보행자,여,62세,경상
2022120900100211,2022년 12월 9일 12시,금요일,대전광역시 동구 중동,경상사고,0,0,5,0,차대차 - 측면충돌,안전운전불이행,건조,맑음,단일로 - 기타,승용,남,62세,상해없음,승합,남,50세,경상
2022120900100212,2022년 12월 9일 12시,금요일,대전광역시 유성구 복용동,경상사고,0,0,1,0,차대사람 - 기타,안전운전불이행,건조,맑음,기타 - 기타,승용,남,50세,상해없음,보행자,남,33세,경상
2022120900100245,2022년 12월 9일 13시,금요일,대전광역시 중구 용두동,경상사고,0,0,1,0,차대차 - 후진중충돌,안전운전불이행,건조,맑음,교차로 - 교차로부근,승용,남,66세,상해없음,승용,남,35세,경상
2022120900100246,2022년 12월 9일 13시,금요일,대전광역시 서구 도안동,경상사고,0,0,1,0,차대차 - 기타,신호위반,건조,맑음,교차로 - 교차로부근,승용,남,63세,상해없음,승합,남,40세,경상
2022120900100271,2022년 12월 9일 14시,금요일,대전광역시 서구 괴정동,경상사고,0,0,1,0,차대차 - 기타,직진우회전진행방해,건조,맑음,교차로 - 교차로안,개인형이동수단(PM),남,15세,기타불명,승용,여,32세,경상
2022120900100297,2022년 12월 9일 15시,금요일,대전광역시 대덕구 덕암동,경상사고,0,0,1,0,차대차 - 후진중충돌,안전운전불이행,건조,맑음,단일로 - 기타,화물,남,64세,상해없음,승용,남,34세,경상
2022120900100298,2022년 12월 9일 15시,금요일,대전광역시 유성구 원내동,경상사고,0,0,2,0,차대차 - 측면충돌,신호위반,건조,맑음,기타 - 기타,승용,남,77세,상해없음,화물,남,72세,경상
2022120900100368,2022년 12월 9일 17시,금요일,대전광역시 대덕구 신대동,경상사고,0,0,2,0,차대차 - 추돌,안전운전불이행,건조,맑음,단일로 - 기타,승합,남,51세,상해없음,승용,여,63세,경상
2022120900100462,2022년 12월 9일 18시,금요일,대전광역시 중구 선화동,부상신고사고,0,0,0,1,차대차 - 기타,안전운전불이행,건조,맑음,교차로 - 교차로안,원동기,남,53세,부상신고,승용,남,31세,상해없음
2022120900100463,2022년 12월 9일 18시,금요일,대전광역시 동구 성남동,경상사고,0,0,2,0,차대차 - 추돌,안전운전불이행,건조,맑음,단일로 - 기타,승용,남,56세,상해없음,승용,남,49세,경상
2022120900100464,2022년 12월 9일 18시,금요일,대전광역시 동구 삼성동,중상사고,0,1,1,0,차대차 - 측면충돌,안전거리미확보,건조,맑음,단일로 - 교량,승용,남,48세,상해없음,승용,남,45세,중상
2022120900100465,2022년 12월 9일 18시,금요일,대전광역시 대덕구 와동,경상사고,0,0,4,0,차대차 - 추돌,안전운전불이행,건조,맑음,단일로 - 기타,승용,여,42세,경상,승용,남,26세,경상
2022120900100466,2022년 12월 9일 18시,금요일,대전광역시 대덕구 송촌동,경상사고,0,0,1,0,차대차 - 후진중충돌,안전운전불이행,건조,맑음,단일로 - 기타,화물,남,62세,상해없음,이륜,남,20세,경상
2022120900100467,2022년 12월 9일 18시,금요일,대전광역시 대덕구 상서동,경상사고,0,0,1,0,차대차 - 기타,안전거리미확보,건조,맑음,단일로 - 기타,승용,여,68세,상해없음,승용,여,51세,경상
2022120900100619,2022년 12월 9일 23시,금요일,대전광역시 서구 도마동,경상사고,0,0,1,0,차대차 - 추돌,안전운전불이행,건조,맑음,단일로 - 기타,이륜,남,17세,상해없음,승용,남,45세,경상
2022121000100101,2022년 12월 10일 07시,토요일,대전광역시 유성구 궁동,경상사고,0,0,2,0,차량단독 - 기타,안전운전불이행,기타,안개,기타 - 기타,승용,남,70세,상해없음,,,,
2022121000100164,2022년 12월 10일 10시,토요일,대전광역시 서구 용문동,경상사고,0,0,1,0,차대차 - 기타,안전운전불이행,건조,맑음,단일로 - 기타,승용,남,92세,상해없음,승용,남,59세,경상
2022121000100198,2022년 12월 10일 11시,토요일,대전광역시 동구 가양동,경상사고,0,0,2,0,차대차 - 측면충돌,안전운전불이행,건조,맑음,단일로 - 기타,승용,여,45세,상해없음,승합,남,49세,경상
2022121000100199,2022년 12월 10일 11시,토요일,대전광역시 동구 소제동,경상사고,0,0,1,0,차대차 - 측면충돌,안전운전불이행,건조,맑음,단일로 - 기타,승용,남,37세,상해없음,승용,여,42세,경상
2022121000100200,2022년 12월 10일 11시,토요일,대전광역시 대덕구 와동,경상사고,0,0,3,0,차대차 - 추돌,안전거리미확보,건조,맑음,단일로 - 기타,화물,남,53세,상해없음,승용,여,60세,경상
2022121000100273,2022년 12월 10일 13시,토요일,대전광역시 중구 중촌동,경상사고,0,0,2,0,차대차 - 측면충돌,교차로운행방법위반,건조,맑음,교차로 - 교차로안,승용,남,85세,상해없음,승용,여,27세,경상
2022121000100300,2022년 12월 10일 14시,토요일,대전광역시 중구 은행동,경상사고,0,0,1,0,차대사람 - 길가장자리구역통행중,안전운전불이행,건조,맑음,단일로 - 기타,승용,남,53세,상해없음,보행자,남,24세,경상
2022121000100315,2022년 12월 10일 15시,토요일,대전광역시 중구 부사동,경상사고,0,0,2,0,차대차 - 측면충돌,교차로운행방법위반,건조,맑음,교차로 - 교차로안,화물,남,75세,상해없음,승용,남,24세,경상
2022121000100342,2022년 12월 10일 16시,토요일,대전광역시 중구 대흥동,경상사고,0,0,1,0,차대사람 - 기타,안전운전불이행,건조,맑음,교차로 - 교차로안,기타불명,기타불명,미분류,기타불명,보행자,남,26세,경상
2022121000100343,2022년 12월 10일 16시,토요일,대전광역시 대덕구 읍내동,부상신고사고,0,0,0,1,차대차 - 측면충돌,안전운전불이행,건조,맑음,교차로 - 교차로부근,자전거,남,10세,부상신고,승용,남,35세,상해없음
2022121000100386,2022년 12월 10일 17시,토요일,대전광역시 유성구 봉명동,경상사고,0,0,1,3,차대차 - 측면충돌,교차로운행방법위반,건조,맑음,교차로 - 교차로안,승용,여,31세,상해없음,승용,여,52세,경상
2022121000100387,2022년 12월 10일 17시,토요일,대전광역시 유성구 죽동,경상사고,0,0,1,0,차대차 - 기타,안전운전불이행,건조,맑음,단일로 - 기타,승용,남,48세,상해없음,승용,남,33세,기타불명
2022121000100388,2022년 12월 10일 17시,토요일,대전광역시 유성구 봉명동,경상사고,0,0,1,0,차대차 - 기타,안전운전불이행,건조,맑음,교차로 - 교차로안,승용,남,30세,기타불명,승용,남,63세,경상
2022121000100427,2022년 12월 10일 18시,토요일,대전광역시 서구 도안동,경상사고,0,0,1,0,차대차 - 추돌,안전운전불이행,건조,맑음,단일로 - 기타,승용,여,52세,상해없음,승용,남,39세,경상
2022121000100428,2022년 12월 10일 18시,토요일,대전광역시 서구 둔산동,경상사고,0,0,1,0,차대차 - 기타,안전거리미확보,건조,맑음,단일로 - 기타,승용,여,29세,상해없음,승용,남,23세,경상
2022121000100455,2022년 12월 10일 19시,토요일,대전광역시 중구 문창동,중상사고,0,2,0,0,차대차 - 측면충돌,안전운전불이행,건조,맑음,교차로 - 교차로안,이륜,남,22세,중상,이륜,남,24세,중상
2022121000100456,2022년 12월 10일 19시,토요일,대전광역시 서구 갈마동,경상사고,0,0,1,0,차대차 - 기타,안전운전불이행,건조,맑음,기타 - 기타,원동기,남,36세,상해없음,승용,여,39세,경상
2022121000100484,2022년 12월 10일 20시,토요일,대전광역시 유성구 구암동,경상사고,0,0,1,0,차대사람 - 횡단중,보행자보호의무위반,건조,맑음,교차로 - 교차로횡단보도내,승용,남,42세,상해없음,보행자,여,37세,경상
2022121000100527,2022년 12월 10일 22시,토요일,대전광역시 서구 도마동,중상사고,0,1,0,0,차대차 - 추돌,안전운전불이행,건조,맑음,기타 - 기타,승용,남,31세,상해없음,이륜,남,44세,중상
2022121000100528,2022년 12월 10일 22시,토요일,대전광역시 서구 월평동,사망사고,1,0,0,0,차대사람 - 기타,안전운전불이행,젖음/습기,맑음,교차로 - 교차로안,승용,여,40세,상해없음,보행자,남,61세,사망
2022121100100015,2022년 12월 11일 00시,일요일,대전광역시 서구 갈마동,경상사고,0,0,1,0,차대차 - 기타,신호위반,건조,맑음,교차로 - 교차로부근,승용,남,58세,기타불명,이륜,남,23세,경상
2022121100100087,2022년 12월 11일 09시,일요일,대전광역시 서구 월평동,경상사고,0,0,1,0,차대차 - 측면충돌,안전운전불이행,건조,맑음,교차로 - 교차로부근,승용,남,25세,상해없음,승용,남,68세,경상
2022121100100105,2022년 12월 11일 10시,일요일,대전광역시 서구 괴정동,경상사고,0,0,1,0,차량단독 - 전도전복 - 전도,안전운전불이행,건조,맑음,교차로 - 교차로안,이륜,남,52세,경상,,,,
2022121100100106,2022년 12월 11일 10시,일요일,대전광역시 유성구 궁동,경상사고,0,0,2,2,차대차 - 기타,중앙선침범,건조,맑음,단일로 - 기타,승용,여,25세,상해없음,승용,여,21세,경상
2022121100100132,2022년 12월 11일 11시,일요일,대전광역시 서구 도안동,경상사고,0,0,1,0,차대차 - 측면충돌,직진우회전진행방해,건조,맑음,교차로 - 교차로안,이륜,남,43세,경상,승용,남,66세,상해없음
2022121100100195,2022년 12월 11일 13시,일요일,대전광역시 서구 도마동,부상신고사고,0,0,0,1,차대사람 - 기타,안전운전불이행,건조,맑음,기타 - 기타,자전거,남,75세,기타불명,보행자,여,69세,부상신고
2022121100100223,2022년 12월 11일 14시,일요일,대전광역시 서구 갈마동,중상사고,0,1,0,0,차대차 - 기타,안전운전불이행,건조,맑음,교차로 - 교차로안,승용,여,66세,상해없음,승용,남,28세,중상
2022121100100253,2022년 12월 11일 15시,일요일,대전광역시 중구 중촌동,중상사고,0,2,0,0,차대차 - 기타,안전운전불이행,건조,맑음,교차로 - 교차로부근,화물,남,65세,중상,화물,남,64세,상해없음
2022121100100254,2022년 12월 11일 15시,일요일,대전광역시 중구 대흥동,경상사고,0,0,2,0,차대차 - 기타,안전운전불이행,건조,맑음,교차로 - 교차로안,개인형이동수단(PM),남,16세,상해없음,승용,남,34세,경상
2022121100100281,2022년 12월 11일 16시,일요일,대전광역시 유성구 지족동,중상사고,0,1,0,0,차대차 - 측면충돌,안전운전불이행,건조,맑음,교차로 - 교차로안,승용,여,52세,상해없음,이륜,남,54세,중상
2022121100100358,2022년 12월 11일 18시,일요일,대전광역시 중구 대흥동,중상사고,0,1,0,0,차대차 - 측면충돌,안전운전불이행,건조,맑음,교차로 - 교차로부근,승용,남,31세,상해없음,이륜,남,22세,중상
2022121100100359,2022년 12월 11일 18시,일요일,대전광역시 유성구 봉명동,경상사고,0,0,1,0,차대차 - 추돌,안전운전불이행,건조,맑음,교차로 - 교차로부근,승용,남,72세,상해없음,승용,여,31세,경상
2022121100100422,2022년 12월 11일 21시,일요일,대전광역시 중구 사정동,경상사고,0,0,1,0,차량단독 - 기타,안전운전불이행,건조,맑음,단일로 - 기타,승합,남,50세,상해없음,,,,
2022121100100432,2022년 12월 11일 22시,일요일,대전광역시 동구 정동,경상사고,0,0,1,0,차대사람 - 횡단중,신호위반,건조,맑음,단일로 - 기타,승용,남,61세,상해없음,보행자,여,25세,경상
2022121200100044,2022년 12월 12일 06시,월요일,대전광역시 동구 삼성동,경상사고,0,0,1,0,차대사람 - 기타,안전운전불이행,건조,맑음,단일로 - 기타,승용,남,53세,상해없음,보행자,여,65세,경상
2022121200100090,2022년 12월 12일 08시,월요일,대전광역시 서구 탄방동,경상사고,0,0,1,0,차대차 - 측면충돌,안전운전불이행,건조,맑음,교차로 - 교차로안,승용,남,43세,상해없음,자전거,여,26세,경상
2022121200100115,2022년 12월 12일 09시,월요일,대전광역시 서구 갈마동,경상사고,0,0,3,0,차대차 - 추돌,안전운전불이행,건조,맑음,단일로 - 기타,승용,남,38세,상해없음,승용,여,34세,경상
2022121200100116,2022년 12월 12일 09시,월요일,대전광역시 서구 둔산동,경상사고,0,0,2,0,차대차 - 기타,안전운전불이행,건조,맑음,단일로 - 기타,승용,남,28세,경상,승용,여,41세,경상
2022121200100140,2022년 12월 12일 10시,월요일,대전광역시 중구 대사동,중상사고,0,1,0,0,차대사람 - 횡단중,보행자보호의무위반,건조,맑음,교차로 - 교차로횡단보도내,승용,여,45세,상해없음,보행자,여,74세,중상
2022121200100170,2022년 12월 12일 11시,월요일,대전광역시 서구 갈마동,경상사고,0,0,2,0,차대차 - 측면충돌,안전운전불이행,건조,맑음,기타 - 기타,건설기계,남,63세,상해없음,승용,남,35세,경상
2022121200100202,2022년 12월 12일 12시,월요일,대전광역시 서구 관저동,경상사고,0,0,1,0,차대차 - 기타,안전운전불이행,건조,맑음,교차로 - 교차로안,승용,남,40세,상해없음,이륜,남,27세,경상
2022121200100203,2022년 12월 12일 12시,월요일,대전광역시 서구 도안동,경상사고,0,0,1,0,차대차 - 추돌,안전운전불이행,건조,맑음,교차로 - 교차로안,승용,남,73세,상해없음,이륜,남,38세,경상
2022121200100204,2022년 12월 12일 12시,월요일,대전광역시 유성구 하기동,경상사고,0,0,2,0,차대차 - 기타,안전운전불이행,건조,맑음,교차로 - 교차로안,승용,남,60세,상해없음,승용,남,33세,경상
2022121200100227,2022년 12월 12일 13시,월요일,대전광역시 서구 가수원동,경상사고,0,0,1,0,차대차 - 기타,안전운전불이행,건조,맑음,교차로 - 교차로안,승용,여,62세,상해없음,이륜,남,21세,경상
2022121200100260,2022년 12월 12일 14시,월요일,대전광역시 중구 유천동,경상사고,0,0,1,0,차대차 - 측면충돌,안전거리미확보,건조,맑음,단일로 - 기타,화물,남,53세,상해없음,승용,여,24세,경상
2022121200100261,2022년 12월 12일 14시,월요일,대전광역시 중구 문화동,경상사고,0,0,1,0,차대사람 - 기타,안전운전불이행,건조,맑음,단일로 - 기타,승용,남,44세,상해없음,보행자,남,7세,경상
2022121200100290,2022년 12월 12일 15시,월요일,대전광역시 중구 유천동,경상사고,0,0,1,0,차대사람 - 길가장자리구역통행중,안전운전불이행,건조,맑음,단일로 - 기타,승용,여,68세,기타불명,보행자,여,68세,경상
2022121200100291,2022년 12월 12일 15시,월요일,대전광역시 서구 내동,경상사고,0,0,2,0,차대차 - 추돌,안전운전불이행,건조,맑음,단일로 - 기타,승용,여,57세,상해없음,승용,남,34세,경상